PR,URL,Title,Content type,Is rendered page,HTTP status code,Organic traffic,Is indexable page,Hreflang links,Hreflang links codes,Hreflang issues,Hreflang group ID,No. of hreflang inlinks,No. of all inlinks
23,https://solvemymedia.com/video-speed,"Change Video Speed - SolveMyMedia
SolveMyMedia - Free Online Media Optimization Tools",text/html; charset=utf-8,false,200,0,true,"https://solvemymedia.com/ar/sraa-lfydyw
https://solvemymedia.com/ar/sraat-alfidyo
https://solvemymedia.com/cs/rychlost-videa
https://solvemymedia.com/da/videohastighed
https://solvemymedia.com/de/videogeschwindigkeit
https://solvemymedia.com/el/tahytita-vinteo
https://solvemymedia.com/el/taxyta-video
https://solvemymedia.com/es/velocidad-de-video
https://solvemymedia.com/fi/videon-nopeus
https://solvemymedia.com/fi/videonopeus
https://solvemymedia.com/fr/vitesse-video
https://solvemymedia.com/he/meherut-video
https://solvemymedia.com/he/mhyrvt-vydv
https://solvemymedia.com/hi/video-speed
https://solvemymedia.com/hi/viiddiyo-kii-gti
https://solvemymedia.com/hu/video-sebesseg
https://solvemymedia.com/id/kecepatan-video
https://solvemymedia.com/it/velocita-video
https://solvemymedia.com/ja/bideosu-du
https://solvemymedia.com/ko/bidio-sogdo
https://solvemymedia.com/ko/bidio-sokdo
https://solvemymedia.com/ms/kelajuan-video
https://solvemymedia.com/ms/laju-video
https://solvemymedia.com/nl/video-snelheid
https://solvemymedia.com/nl/videosnelheid
https://solvemymedia.com/no/videohastighet
https://solvemymedia.com/pl/predkosc-wideo
https://solvemymedia.com/pt/velocidade-do-video
https://solvemymedia.com/ro/viteza-video
https://solvemymedia.com/ru/skorost-video
https://solvemymedia.com/sk/rychlost-videa
https://solvemymedia.com/sv/videohastighet
https://solvemymedia.com/th/khwaamerwwidiio
https://solvemymedia.com/th/kwam-rew-wideo
https://solvemymedia.com/tr/video-hizi
https://solvemymedia.com/uk/shvidkist-video
https://solvemymedia.com/vi/toc-do-video
https://solvemymedia.com/video-speed
https://solvemymedia.com/video-speed
https://solvemymedia.com/zh/shi-pin-su-du","200
404
200
200
200
200
404
200
200
404
200
404
404
404
200
200
200
200
200
200
404
200
404
404
200
200
200
200
200
200
404
200
200
404
200
200
200
200
200
200","More than one page is linked for the same language
Some pages are not returning 200 status code",927488645351648793,74,74
23,https://solvemymedia.com/watermark-video,"Add Watermark to Video - SolveMyMedia
SolveMyMedia - Free Online Media Optimization Tools",text/html; charset=utf-8,false,200,0,true,"https://solvemymedia.com/ar/alaalm-almayy-alfidyo
https://solvemymedia.com/ar/fydyw-laalm-lmyy
https://solvemymedia.com/cs/video-s-vodoznakem
https://solvemymedia.com/cs/vodoznak-video
https://solvemymedia.com/da/vandmaerke-video
https://solvemymedia.com/de/wasserzeichen-video
https://solvemymedia.com/el/ydatografima-vinteo
https://solvemymedia.com/el/ydroshimo-video
https://solvemymedia.com/es/video-de-marca-de-agua
https://solvemymedia.com/fi/vesileima-video
https://solvemymedia.com/fr/video-en-filigrane
https://solvemymedia.com/he/siman-mayim-video
https://solvemymedia.com/he/srtvn-symn-mym
https://solvemymedia.com/hi/video-watermark
https://solvemymedia.com/hi/vonttrmaark-viiddiyo
https://solvemymedia.com/hu/video-vizjel
https://solvemymedia.com/hu/vizjel-video
https://solvemymedia.com/id/video-tanda-air
https://solvemymedia.com/it/filigrana-video
https://solvemymedia.com/it/video-filigrana
https://solvemymedia.com/ja/tou-kasibideo
https://solvemymedia.com/ko/bidio-wotomakeu
https://solvemymedia.com/ko/weoteomakeu-bidio
https://solvemymedia.com/ms/tera-air-video
https://solvemymedia.com/ms/video-tera-air
https://solvemymedia.com/nl/video-watermerk
https://solvemymedia.com/nl/watermerkvideo
https://solvemymedia.com/no/vannmerke-video
https://solvemymedia.com/pl/wideo-ze-znakiem-wodnym
https://solvemymedia.com/pl/znak-wodny-wideo
https://solvemymedia.com/pt/marca-dagua-no-video
https://solvemymedia.com/pt/video-de-marca-dagua
https://solvemymedia.com/ro/filigran-video
https://solvemymedia.com/ru/video-s-vodyanymi-znakami
https://solvemymedia.com/ru/vodnoy-znak-video
https://solvemymedia.com/sk/video-s-vodoznakom
https://solvemymedia.com/sk/vodoznak-video
https://solvemymedia.com/sv/vattenstampel-video
https://solvemymedia.com/th/lomrak-num-wideo
https://solvemymedia.com/th/widiiolaaynam
https://solvemymedia.com/tr/filigran-videosu
https://solvemymedia.com/tr/video-filigran
https://solvemymedia.com/uk/video-z-vodyanim-znakom
https://solvemymedia.com/uk/vodyanyi-znak-video
https://solvemymedia.com/vi/hinh-mo-video
https://solvemymedia.com/vi/them-chu-ky-video
https://solvemymedia.com/watermark-video
https://solvemymedia.com/watermark-video
https://solvemymedia.com/zh/shi-pin-shui-yin
https://solvemymedia.com/zh/shui-yin-shi-pin","404
200
200
404
200
200
200
404
200
200
200
404
404
404
200
404
200
200
404
200
200
404
200
404
200
404
200
200
200
404
404
200
200
200
404
404
404
200
404
200
200
404
200
404
200
404
200
200
404
200","More than one page is linked for the same language
Some pages are not returning 200 status code",6799426939014814430,92,92
23,https://solvemymedia.com/mute-video,"Mute Video Online - SolveMyMedia
SolveMyMedia - Free Online Media Optimization Tools",text/html; charset=utf-8,false,200,0,true,"https://solvemymedia.com/ar/ktm-lfydyw
https://solvemymedia.com/ar/ktmalfidyo
https://solvemymedia.com/cs/ztlumit-video
https://solvemymedia.com/da/daempe-video
https://solvemymedia.com/da/sluk-for-video
https://solvemymedia.com/de/video-stumm-schalten
https://solvemymedia.com/el/afonos-video
https://solvemymedia.com/el/sigasi-vinteo
https://solvemymedia.com/es/silenciar-video
https://solvemymedia.com/fi/mykista-video
https://solvemymedia.com/fi/mykistaa-videon
https://solvemymedia.com/fr/video-muette
https://solvemymedia.com/he/hashket-video
https://solvemymedia.com/he/hshtqt-srtvn
https://solvemymedia.com/hi/video-mute-kare
https://solvemymedia.com/hi/viiddiyo-myuutt-kren
https://solvemymedia.com/hu/video-eln%C3%A9mitasa
https://solvemymedia.com/hu/video-nemitasa
https://solvemymedia.com/id/bisukan-video
https://solvemymedia.com/it/silenzia-video
https://solvemymedia.com/it/video-muto
https://solvemymedia.com/ja/bideowomiyutosuru
https://solvemymedia.com/ko/bidio-eumso-ggeugi
https://solvemymedia.com/ko/yeongsang-eumsogeo
https://solvemymedia.com/ms/bisu-video
https://solvemymedia.com/ms/senyap-video
https://solvemymedia.com/mute-video
https://solvemymedia.com/mute-video
https://solvemymedia.com/nl/video-dempen
https://solvemymedia.com/no/demp-video
https://solvemymedia.com/no/dempe-video
https://solvemymedia.com/pl/wycisz-wideo
https://solvemymedia.com/pl/wyciszenie-wideo
https://solvemymedia.com/pt/silenciar-video
https://solvemymedia.com/ro/mute-video
https://solvemymedia.com/ro/sunetul-video
https://solvemymedia.com/ru/otkluchit-zvuk-video
https://solvemymedia.com/ru/otklyuchit-video
https://solvemymedia.com/sk/stlmit-video
https://solvemymedia.com/sv/tyst-video
https://solvemymedia.com/sv/tystad-video
https://solvemymedia.com/th/pid-siang-wideo
https://solvemymedia.com/th/pidesiiyngwidiio
https://solvemymedia.com/tr/video-sessiz
https://solvemymedia.com/tr/videoyu-kapat
https://solvemymedia.com/uk/vimknuti-video
https://solvemymedia.com/uk/vimknuti-zvuk-video
https://solvemymedia.com/vi/tat-tieng-video
https://solvemymedia.com/zh/jing-yin-shi-pin","200
404
200
200
404
200
404
200
200
404
200
200
404
404
404
200
404
200
200
404
200
200
404
200
200
404
200
200
200
404
200
404
200
200
404
200
404
200
404
200
404
404
200
404
200
200
404
200
200","More than one page is linked for the same language
Some pages are not returning 200 status code",13148675445431234075,92,92
23,https://solvemymedia.com/merge-audio,"Merge Audio Files - SolveMyMedia
SolveMyMedia - Free Online Media Optimization Tools",text/html; charset=utf-8,false,200,0,true,"https://solvemymedia.com/ar/aaml-swty
https://solvemymedia.com/ar/dmj-alsawt
https://solvemymedia.com/cs/audio-funguje
https://solvemymedia.com/cs/sloucit-audio
https://solvemymedia.com/da/flet-lyd
https://solvemymedia.com/da/lyd-virker
https://solvemymedia.com/de/audio-funktioniert
https://solvemymedia.com/el/ihitika-erga
https://solvemymedia.com/el/synergasia-audio
https://solvemymedia.com/es/obras-de-audio
https://solvemymedia.com/fi/aani-toimii
https://solvemymedia.com/fi/yhdista-audio
https://solvemymedia.com/fr/oeuvres-audio
https://solvemymedia.com/he/mizog-audio
https://solvemymedia.com/he/vdyv-vbd
https://solvemymedia.com/hi/audio-merge-kare
https://solvemymedia.com/hi/onddiyo-kaam-krtaa-hai
https://solvemymedia.com/hu/hang-mukodik
https://solvemymedia.com/hu/hang-osszefuzese
https://solvemymedia.com/id/audio-berfungsi
https://solvemymedia.com/it/laudio-funziona
https://solvemymedia.com/it/unisci-audio
https://solvemymedia.com/ja/odeiozuo-pin
https://solvemymedia.com/ko/odio-byeonghap
https://solvemymedia.com/ko/odio-jagdong
https://solvemymedia.com/merge-audio
https://solvemymedia.com/merge-audio
https://solvemymedia.com/ms/audio-berfungsi
https://solvemymedia.com/ms/gabung-audio
https://solvemymedia.com/nl/audio-samenvoegen
https://solvemymedia.com/nl/audio-werkt
https://solvemymedia.com/no/lyd-fungerer
https://solvemymedia.com/no/sla-sammen-lyd
https://solvemymedia.com/pl/dziala-dzwiek
https://solvemymedia.com/pl/polacz-audio
https://solvemymedia.com/pt/audio-funciona
https://solvemymedia.com/pt/mesclar-audio
https://solvemymedia.com/ro/combina-audio
https://solvemymedia.com/ro/merge-audio
https://solvemymedia.com/ru/audio-rabotaet
https://solvemymedia.com/ru/obedinie-audio
https://solvemymedia.com/sk/audio-funguje
https://solvemymedia.com/sk/zlucit-audio
https://solvemymedia.com/sv/ljud-fungerar
https://solvemymedia.com/sv/sla-ihop-ljud
https://solvemymedia.com/th/esiiyngaichngaanaid
https://solvemymedia.com/th/ruwm-audio
https://solvemymedia.com/tr/ses-birlestir
https://solvemymedia.com/tr/ses-isleri
https://solvemymedia.com/uk/audio-roboti
https://solvemymedia.com/uk/obedna-ti-audio
https://solvemymedia.com/vi/am-thanh-hoat-dong
https://solvemymedia.com/vi/gop-am-thanh
https://solvemymedia.com/zh/he-bing-yin-pin
https://solvemymedia.com/zh/yin-pin-zuo-pin","200
404
200
404
404
200
200
200
404
200
200
404
200
404
404
404
200
200
404
200
200
404
200
404
200
200
200
200
404
404
200
200
404
200
404
200
404
404
200
200
404
404
404
200
404
200
404
404
200
200
404
200
404
404
200","More than one page is linked for the same language
Some pages are not returning 200 status code",15338543674765219161,102,102
23,https://solvemymedia.com/crop-video,"Crop Video Online - SolveMyMedia
SolveMyMedia - Free Online Media Optimization Tools",text/html; charset=utf-8,false,200,0,true,"https://solvemymedia.com/ar/fydyw-lmhsyl
https://solvemymedia.com/ar/qtaalfidyo
https://solvemymedia.com/crop-video
https://solvemymedia.com/crop-video
https://solvemymedia.com/cs/orezat-video
https://solvemymedia.com/cs/oriznout-video
https://solvemymedia.com/da/beskaer-video
https://solvemymedia.com/da/beskare-video
https://solvemymedia.com/de/video-zuschneiden
https://solvemymedia.com/el/kopsi-video
https://solvemymedia.com/el/perikopi-vinteo
https://solvemymedia.com/es/recortar-video
https://solvemymedia.com/fi/rajaa-video
https://solvemymedia.com/fr/video-de-recadrage
https://solvemymedia.com/he/gzor-video
https://solvemymedia.com/he/khytvk-srtvn
https://solvemymedia.com/hi/phsl-viiddiyo
https://solvemymedia.com/hi/video-crop-kare
https://solvemymedia.com/hu/vagja-le-a-videot
https://solvemymedia.com/hu/video-vagasa
https://solvemymedia.com/id/potong-video
https://solvemymedia.com/it/ritaglia-video
https://solvemymedia.com/it/ritagliare-il-video
https://solvemymedia.com/ja/bideowokurotupusuru
https://solvemymedia.com/ko/bidio-jallagi
https://solvemymedia.com/ko/bidio-jareugi
https://solvemymedia.com/ms/pangkas-video
https://solvemymedia.com/ms/potong-video
https://solvemymedia.com/nl/video-bijsnijden
https://solvemymedia.com/no/beskjaer-video
https://solvemymedia.com/no/beskjaere-video
https://solvemymedia.com/pl/przytnij-wideo
https://solvemymedia.com/pt/cortar-video
https://solvemymedia.com/ro/decupati-videoclipul
https://solvemymedia.com/ro/taie-video
https://solvemymedia.com/ru/obrezat-video
https://solvemymedia.com/sk/orezat-video
https://solvemymedia.com/sv/beskara-video
https://solvemymedia.com/th/khrbtadwidiio
https://solvemymedia.com/th/krot-wideo
https://solvemymedia.com/tr/video-kirp
https://solvemymedia.com/tr/videoyu-kirp
https://solvemymedia.com/uk/kadruvannya-video
https://solvemymedia.com/uk/obrizati-video
https://solvemymedia.com/vi/cat-video
https://solvemymedia.com/zh/cai-jian-shi-pin
https://solvemymedia.com/zh/jian-jie-shi-pin","200
404
200
200
404
200
200
404
200
404
200
200
200
200
404
404
200
404
200
404
200
404
200
200
404
200
200
404
200
404
200
200
200
200
404
200
404
200
200
404
404
200
200
404
200
200
404","More than one page is linked for the same language
Some pages are not returning 200 status code",16724027953909618260,88,88
22,https://solvemymedia.com/fr/oeuvres-audio,"Fusionner des fichiers audio - Joiner audio gratuit - SolveMyMedia
SolveMyMedia - Free Online Media Optimization Tools",text/html; charset=utf-8,false,200,0,true,"https://solvemymedia.com/ar/aaml-swty
https://solvemymedia.com/ar/dmj-alsawt
https://solvemymedia.com/cs/audio-funguje
https://solvemymedia.com/cs/sloucit-audio
https://solvemymedia.com/da/flet-lyd
https://solvemymedia.com/da/lyd-virker
https://solvemymedia.com/de/audio-funktioniert
https://solvemymedia.com/el/ihitika-erga
https://solvemymedia.com/el/synergasia-audio
https://solvemymedia.com/es/obras-de-audio
https://solvemymedia.com/fi/aani-toimii
https://solvemymedia.com/fi/yhdista-audio
https://solvemymedia.com/fr/oeuvres-audio
https://solvemymedia.com/he/mizog-audio
https://solvemymedia.com/he/vdyv-vbd
https://solvemymedia.com/hi/audio-merge-kare
https://solvemymedia.com/hi/onddiyo-kaam-krtaa-hai
https://solvemymedia.com/hu/hang-mukodik
https://solvemymedia.com/hu/hang-osszefuzese
https://solvemymedia.com/id/audio-berfungsi
https://solvemymedia.com/it/laudio-funziona
https://solvemymedia.com/it/unisci-audio
https://solvemymedia.com/ja/odeiozuo-pin
https://solvemymedia.com/ko/odio-byeonghap
https://solvemymedia.com/ko/odio-jagdong
https://solvemymedia.com/merge-audio
https://solvemymedia.com/merge-audio
https://solvemymedia.com/ms/audio-berfungsi
https://solvemymedia.com/ms/gabung-audio
https://solvemymedia.com/nl/audio-samenvoegen
https://solvemymedia.com/nl/audio-werkt
https://solvemymedia.com/no/lyd-fungerer
https://solvemymedia.com/no/sla-sammen-lyd
https://solvemymedia.com/pl/dziala-dzwiek
https://solvemymedia.com/pl/polacz-audio
https://solvemymedia.com/pt/audio-funciona
https://solvemymedia.com/pt/mesclar-audio
https://solvemymedia.com/ro/combina-audio
https://solvemymedia.com/ro/merge-audio
https://solvemymedia.com/ru/audio-rabotaet
https://solvemymedia.com/ru/obedinie-audio
https://solvemymedia.com/sk/audio-funguje
https://solvemymedia.com/sk/zlucit-audio
https://solvemymedia.com/sv/ljud-fungerar
https://solvemymedia.com/sv/sla-ihop-ljud
https://solvemymedia.com/th/esiiyngaichngaanaid
https://solvemymedia.com/th/ruwm-audio
https://solvemymedia.com/tr/ses-birlestir
https://solvemymedia.com/tr/ses-isleri
https://solvemymedia.com/uk/audio-roboti
https://solvemymedia.com/uk/obedna-ti-audio
https://solvemymedia.com/vi/am-thanh-hoat-dong
https://solvemymedia.com/vi/gop-am-thanh
https://solvemymedia.com/zh/he-bing-yin-pin
https://solvemymedia.com/zh/yin-pin-zuo-pin","200
404
200
404
404
200
200
200
404
200
200
404
200
404
404
404
200
200
404
200
200
404
200
404
200
200
200
200
404
404
200
200
404
200
404
200
404
404
200
200
404
404
404
200
404
200
404
404
200
200
404
200
404
404
200","More than one page is linked for the same language
Some pages are not returning 200 status code",15338543674765219161,51,51
22,https://solvemymedia.com/fr/video-en-filigrane,"Ajouter un filigrane à une vidéo - Protégez vos médias - SolveMyMedia
SolveMyMedia - Free Online Media Optimization Tools",text/html; charset=utf-8,false,200,0,true,"https://solvemymedia.com/ar/alaalm-almayy-alfidyo
https://solvemymedia.com/ar/fydyw-laalm-lmyy
https://solvemymedia.com/cs/video-s-vodoznakem
https://solvemymedia.com/cs/vodoznak-video
https://solvemymedia.com/da/vandmaerke-video
https://solvemymedia.com/de/wasserzeichen-video
https://solvemymedia.com/el/ydatografima-vinteo
https://solvemymedia.com/el/ydroshimo-video
https://solvemymedia.com/es/video-de-marca-de-agua
https://solvemymedia.com/fi/vesileima-video
https://solvemymedia.com/fr/video-en-filigrane
https://solvemymedia.com/he/siman-mayim-video
https://solvemymedia.com/he/srtvn-symn-mym
https://solvemymedia.com/hi/video-watermark
https://solvemymedia.com/hi/vonttrmaark-viiddiyo
https://solvemymedia.com/hu/video-vizjel
https://solvemymedia.com/hu/vizjel-video
https://solvemymedia.com/id/video-tanda-air
https://solvemymedia.com/it/filigrana-video
https://solvemymedia.com/it/video-filigrana
https://solvemymedia.com/ja/tou-kasibideo
https://solvemymedia.com/ko/bidio-wotomakeu
https://solvemymedia.com/ko/weoteomakeu-bidio
https://solvemymedia.com/ms/tera-air-video
https://solvemymedia.com/ms/video-tera-air
https://solvemymedia.com/nl/video-watermerk
https://solvemymedia.com/nl/watermerkvideo
https://solvemymedia.com/no/vannmerke-video
https://solvemymedia.com/pl/wideo-ze-znakiem-wodnym
https://solvemymedia.com/pl/znak-wodny-wideo
https://solvemymedia.com/pt/marca-dagua-no-video
https://solvemymedia.com/pt/video-de-marca-dagua
https://solvemymedia.com/ro/filigran-video
https://solvemymedia.com/ru/video-s-vodyanymi-znakami
https://solvemymedia.com/ru/vodnoy-znak-video
https://solvemymedia.com/sk/video-s-vodoznakom
https://solvemymedia.com/sk/vodoznak-video
https://solvemymedia.com/sv/vattenstampel-video
https://solvemymedia.com/th/lomrak-num-wideo
https://solvemymedia.com/th/widiiolaaynam
https://solvemymedia.com/tr/filigran-videosu
https://solvemymedia.com/tr/video-filigran
https://solvemymedia.com/uk/video-z-vodyanim-znakom
https://solvemymedia.com/uk/vodyanyi-znak-video
https://solvemymedia.com/vi/hinh-mo-video
https://solvemymedia.com/vi/them-chu-ky-video
https://solvemymedia.com/watermark-video
https://solvemymedia.com/watermark-video
https://solvemymedia.com/zh/shi-pin-shui-yin
https://solvemymedia.com/zh/shui-yin-shi-pin","404
200
200
404
200
200
200
404
200
200
200
404
404
404
200
404
200
200
404
200
200
404
200
404
200
404
200
200
200
404
404
200
200
200
404
404
404
200
404
200
200
404
200
404
200
404
200
200
404
200","More than one page is linked for the same language
Some pages are not returning 200 status code",6799426939014814430,46,46
22,https://solvemymedia.com/nl/video-dempen,"Video online dempen - Audio uit video verwijderen - SolveMyMedia
SolveMyMedia - Free Online Media Optimization Tools",text/html; charset=utf-8,false,200,0,true,"https://solvemymedia.com/ar/ktm-lfydyw
https://solvemymedia.com/ar/ktmalfidyo
https://solvemymedia.com/cs/ztlumit-video
https://solvemymedia.com/da/daempe-video
https://solvemymedia.com/da/sluk-for-video
https://solvemymedia.com/de/video-stumm-schalten
https://solvemymedia.com/el/afonos-video
https://solvemymedia.com/el/sigasi-vinteo
https://solvemymedia.com/es/silenciar-video
https://solvemymedia.com/fi/mykista-video
https://solvemymedia.com/fi/mykistaa-videon
https://solvemymedia.com/fr/video-muette
https://solvemymedia.com/he/hashket-video
https://solvemymedia.com/he/hshtqt-srtvn
https://solvemymedia.com/hi/video-mute-kare
https://solvemymedia.com/hi/viiddiyo-myuutt-kren
https://solvemymedia.com/hu/video-eln%C3%A9mitasa
https://solvemymedia.com/hu/video-nemitasa
https://solvemymedia.com/id/bisukan-video
https://solvemymedia.com/it/silenzia-video
https://solvemymedia.com/it/video-muto
https://solvemymedia.com/ja/bideowomiyutosuru
https://solvemymedia.com/ko/bidio-eumso-ggeugi
https://solvemymedia.com/ko/yeongsang-eumsogeo
https://solvemymedia.com/ms/bisu-video
https://solvemymedia.com/ms/senyap-video
https://solvemymedia.com/mute-video
https://solvemymedia.com/mute-video
https://solvemymedia.com/nl/video-dempen
https://solvemymedia.com/no/demp-video
https://solvemymedia.com/no/dempe-video
https://solvemymedia.com/pl/wycisz-wideo
https://solvemymedia.com/pl/wyciszenie-wideo
https://solvemymedia.com/pt/silenciar-video
https://solvemymedia.com/ro/mute-video
https://solvemymedia.com/ro/sunetul-video
https://solvemymedia.com/ru/otkluchit-zvuk-video
https://solvemymedia.com/ru/otklyuchit-video
https://solvemymedia.com/sk/stlmit-video
https://solvemymedia.com/sv/tyst-video
https://solvemymedia.com/sv/tystad-video
https://solvemymedia.com/th/pid-siang-wideo
https://solvemymedia.com/th/pidesiiyngwidiio
https://solvemymedia.com/tr/video-sessiz
https://solvemymedia.com/tr/videoyu-kapat
https://solvemymedia.com/uk/vimknuti-video
https://solvemymedia.com/uk/vimknuti-zvuk-video
https://solvemymedia.com/vi/tat-tieng-video
https://solvemymedia.com/zh/jing-yin-shi-pin","200
404
200
200
404
200
404
200
200
404
200
200
404
404
404
200
404
200
200
404
200
200
404
200
200
404
200
200
200
404
200
404
200
200
404
200
404
200
404
200
404
404
200
404
200
200
404
200
200","More than one page is linked for the same language
Some pages are not returning 200 status code",13148675445431234075,46,46
22,https://solvemymedia.com/ja/rekoda,"画面と音声レコーダー - 無料のスタジオ録音 - SolveMyMedia
SolveMyMedia - Free Online Media Optimization Tools",text/html; charset=utf-8,false,200,0,true,"https://solvemymedia.com/ar/mjl-alshashat
https://solvemymedia.com/ar/msjl
https://solvemymedia.com/cs/zaznamnik
https://solvemymedia.com/da/optager
https://solvemymedia.com/de/recorder
https://solvemymedia.com/el/egrafos
https://solvemymedia.com/el/mihanima-eggrafis
https://solvemymedia.com/es/grabadora
https://solvemymedia.com/fi/tallennin
https://solvemymedia.com/fi/tallennus
https://solvemymedia.com/fr/enregistreur
https://solvemymedia.com/he/maqliyt
https://solvemymedia.com/he/mekolet
https://solvemymedia.com/hi/recorder
https://solvemymedia.com/hi/rikonrddr
https://solvemymedia.com/hu/felvetel
https://solvemymedia.com/hu/felvevo
https://solvemymedia.com/id/perekam
https://solvemymedia.com/it/registratore
https://solvemymedia.com/ja/rekoda
https://solvemymedia.com/ko/giroggye
https://solvemymedia.com/ko/rikhoda
https://solvemymedia.com/ms/perakam
https://solvemymedia.com/nl/opnameapparaat
https://solvemymedia.com/nl/recorder
https://solvemymedia.com/no/opptak
https://solvemymedia.com/no/opptaker
https://solvemymedia.com/pl/rejestrator
https://solvemymedia.com/pt/gravador
https://solvemymedia.com/pt/gravadora
https://solvemymedia.com/recorder
https://solvemymedia.com/recorder
https://solvemymedia.com/ro/inregistrator
https://solvemymedia.com/ro/recorder
https://solvemymedia.com/ru/diktofon
https://solvemymedia.com/ru/zapis
https://solvemymedia.com/sk/zaznamnik
https://solvemymedia.com/sv/inspelare
https://solvemymedia.com/sv/inspelning
https://solvemymedia.com/th/banthuek
https://solvemymedia.com/th/ekhruuengbanthuek
https://solvemymedia.com/tr/ekran-kaydet
https://solvemymedia.com/tr/kaydedici
https://solvemymedia.com/uk/diktofon
https://solvemymedia.com/uk/zapis-ekrana
https://solvemymedia.com/vi/may-ghi-am
https://solvemymedia.com/zh/lu-yin-ji
https://solvemymedia.com/zh/lu-zhi","404
200
200
200
200
404
200
200
200
404
200
404
404
404
200
404
200
200
200
200
200
404
200
200
404
404
200
200
404
200
200
200
404
200
200
404
404
200
404
404
200
404
200
200
404
200
200
200","More than one page is linked for the same language
Some pages don't include hreflang links to all the other pages of the group
Some pages are not returning 200 status code",774500295674417905,45,45
22,https://solvemymedia.com/es/grabadora,"Grabador de pantalla y audio: grabación de estudio gratuita - SolveMyMedia
SolveMyMedia - Free Online Media Optimization Tools",text/html; charset=utf-8,false,200,0,true,"https://solvemymedia.com/ar/mjl-alshashat
https://solvemymedia.com/ar/msjl
https://solvemymedia.com/cs/zaznamnik
https://solvemymedia.com/da/optager
https://solvemymedia.com/de/recorder
https://solvemymedia.com/el/egrafos
https://solvemymedia.com/el/mihanima-eggrafis
https://solvemymedia.com/es/grabadora
https://solvemymedia.com/fi/tallennin
https://solvemymedia.com/fi/tallennus
https://solvemymedia.com/fr/enregistreur
https://solvemymedia.com/he/maqliyt
https://solvemymedia.com/he/mekolet
https://solvemymedia.com/hi/recorder
https://solvemymedia.com/hi/rikonrddr
https://solvemymedia.com/hu/felvetel
https://solvemymedia.com/hu/felvevo
https://solvemymedia.com/id/perekam
https://solvemymedia.com/it/registratore
https://solvemymedia.com/ja/rekoda
https://solvemymedia.com/ko/giroggye
https://solvemymedia.com/ko/rikhoda
https://solvemymedia.com/ms/perakam
https://solvemymedia.com/nl/opnameapparaat
https://solvemymedia.com/nl/recorder
https://solvemymedia.com/no/opptak
https://solvemymedia.com/no/opptaker
https://solvemymedia.com/pl/rejestrator
https://solvemymedia.com/pt/gravador
https://solvemymedia.com/pt/gravadora
https://solvemymedia.com/recorder
https://solvemymedia.com/recorder
https://solvemymedia.com/ro/inregistrator
https://solvemymedia.com/ro/recorder
https://solvemymedia.com/ru/diktofon
https://solvemymedia.com/ru/zapis
https://solvemymedia.com/sk/zaznamnik
https://solvemymedia.com/sv/inspelare
https://solvemymedia.com/sv/inspelning
https://solvemymedia.com/th/banthuek
https://solvemymedia.com/th/ekhruuengbanthuek
https://solvemymedia.com/tr/ekran-kaydet
https://solvemymedia.com/tr/kaydedici
https://solvemymedia.com/uk/diktofon
https://solvemymedia.com/uk/zapis-ekrana
https://solvemymedia.com/vi/may-ghi-am
https://solvemymedia.com/zh/lu-yin-ji
https://solvemymedia.com/zh/lu-zhi","404
200
200
200
200
404
200
200
200
404
200
404
404
404
200
404
200
200
200
200
200
404
200
200
404
404
200
200
404
200
200
200
404
200
200
404
404
200
404
404
200
404
200
200
404
200
200
200","More than one page is linked for the same language
Some pages don't include hreflang links to all the other pages of the group
Some pages are not returning 200 status code",774500295674417905,45,45
22,https://solvemymedia.com/es/video-de-marca-de-agua,"Agregue una marca de agua al video: proteja sus medios - SolveMyMedia
SolveMyMedia - Free Online Media Optimization Tools",text/html; charset=utf-8,false,200,0,true,"https://solvemymedia.com/ar/alaalm-almayy-alfidyo
https://solvemymedia.com/ar/fydyw-laalm-lmyy
https://solvemymedia.com/cs/video-s-vodoznakem
https://solvemymedia.com/cs/vodoznak-video
https://solvemymedia.com/da/vandmaerke-video
https://solvemymedia.com/de/wasserzeichen-video
https://solvemymedia.com/el/ydatografima-vinteo
https://solvemymedia.com/el/ydroshimo-video
https://solvemymedia.com/es/video-de-marca-de-agua
https://solvemymedia.com/fi/vesileima-video
https://solvemymedia.com/fr/video-en-filigrane
https://solvemymedia.com/he/siman-mayim-video
https://solvemymedia.com/he/srtvn-symn-mym
https://solvemymedia.com/hi/video-watermark
https://solvemymedia.com/hi/vonttrmaark-viiddiyo
https://solvemymedia.com/hu/video-vizjel
https://solvemymedia.com/hu/vizjel-video
https://solvemymedia.com/id/video-tanda-air
https://solvemymedia.com/it/filigrana-video
https://solvemymedia.com/it/video-filigrana
https://solvemymedia.com/ja/tou-kasibideo
https://solvemymedia.com/ko/bidio-wotomakeu
https://solvemymedia.com/ko/weoteomakeu-bidio
https://solvemymedia.com/ms/tera-air-video
https://solvemymedia.com/ms/video-tera-air
https://solvemymedia.com/nl/video-watermerk
https://solvemymedia.com/nl/watermerkvideo
https://solvemymedia.com/no/vannmerke-video
https://solvemymedia.com/pl/wideo-ze-znakiem-wodnym
https://solvemymedia.com/pl/znak-wodny-wideo
https://solvemymedia.com/pt/marca-dagua-no-video
https://solvemymedia.com/pt/video-de-marca-dagua
https://solvemymedia.com/ro/filigran-video
https://solvemymedia.com/ru/video-s-vodyanymi-znakami
https://solvemymedia.com/ru/vodnoy-znak-video
https://solvemymedia.com/sk/video-s-vodoznakom
https://solvemymedia.com/sk/vodoznak-video
https://solvemymedia.com/sv/vattenstampel-video
https://solvemymedia.com/th/lomrak-num-wideo
https://solvemymedia.com/th/widiiolaaynam
https://solvemymedia.com/tr/filigran-videosu
https://solvemymedia.com/tr/video-filigran
https://solvemymedia.com/uk/video-z-vodyanim-znakom
https://solvemymedia.com/uk/vodyanyi-znak-video
https://solvemymedia.com/vi/hinh-mo-video
https://solvemymedia.com/vi/them-chu-ky-video
https://solvemymedia.com/watermark-video
https://solvemymedia.com/watermark-video
https://solvemymedia.com/zh/shi-pin-shui-yin
https://solvemymedia.com/zh/shui-yin-shi-pin","404
200
200
404
200
200
200
404
200
200
200
404
404
404
200
404
200
200
404
200
200
404
200
404
200
404
200
200
200
404
404
200
200
200
404
404
404
200
404
200
200
404
200
404
200
404
200
200
404
200","More than one page is linked for the same language
Some pages are not returning 200 status code",6799426939014814430,46,46
22,https://solvemymedia.com/da/vandmaerke-video,"Føj vandmærke til video - Beskyt dine medier - SolveMyMedia
SolveMyMedia - Free Online Media Optimization Tools",text/html; charset=utf-8,false,200,0,true,"https://solvemymedia.com/ar/alaalm-almayy-alfidyo
https://solvemymedia.com/ar/fydyw-laalm-lmyy
https://solvemymedia.com/cs/video-s-vodoznakem
https://solvemymedia.com/cs/vodoznak-video
https://solvemymedia.com/da/vandmaerke-video
https://solvemymedia.com/de/wasserzeichen-video
https://solvemymedia.com/el/ydatografima-vinteo
https://solvemymedia.com/el/ydroshimo-video
https://solvemymedia.com/es/video-de-marca-de-agua
https://solvemymedia.com/fi/vesileima-video
https://solvemymedia.com/fr/video-en-filigrane
https://solvemymedia.com/he/siman-mayim-video
https://solvemymedia.com/he/srtvn-symn-mym
https://solvemymedia.com/hi/video-watermark
https://solvemymedia.com/hi/vonttrmaark-viiddiyo
https://solvemymedia.com/hu/video-vizjel
https://solvemymedia.com/hu/vizjel-video
https://solvemymedia.com/id/video-tanda-air
https://solvemymedia.com/it/filigrana-video
https://solvemymedia.com/it/video-filigrana
https://solvemymedia.com/ja/tou-kasibideo
https://solvemymedia.com/ko/bidio-wotomakeu
https://solvemymedia.com/ko/weoteomakeu-bidio
https://solvemymedia.com/ms/tera-air-video
https://solvemymedia.com/ms/video-tera-air
https://solvemymedia.com/nl/video-watermerk
https://solvemymedia.com/nl/watermerkvideo
https://solvemymedia.com/no/vannmerke-video
https://solvemymedia.com/pl/wideo-ze-znakiem-wodnym
https://solvemymedia.com/pl/znak-wodny-wideo
https://solvemymedia.com/pt/marca-dagua-no-video
https://solvemymedia.com/pt/video-de-marca-dagua
https://solvemymedia.com/ro/filigran-video
https://solvemymedia.com/ru/video-s-vodyanymi-znakami
https://solvemymedia.com/ru/vodnoy-znak-video
https://solvemymedia.com/sk/video-s-vodoznakom
https://solvemymedia.com/sk/vodoznak-video
https://solvemymedia.com/sv/vattenstampel-video
https://solvemymedia.com/th/lomrak-num-wideo
https://solvemymedia.com/th/widiiolaaynam
https://solvemymedia.com/tr/filigran-videosu
https://solvemymedia.com/tr/video-filigran
https://solvemymedia.com/uk/video-z-vodyanim-znakom
https://solvemymedia.com/uk/vodyanyi-znak-video
https://solvemymedia.com/vi/hinh-mo-video
https://solvemymedia.com/vi/them-chu-ky-video
https://solvemymedia.com/watermark-video
https://solvemymedia.com/watermark-video
https://solvemymedia.com/zh/shi-pin-shui-yin
https://solvemymedia.com/zh/shui-yin-shi-pin","404
200
200
404
200
200
200
404
200
200
200
404
404
404
200
404
200
200
404
200
200
404
200
404
200
404
200
200
200
404
404
200
200
200
404
404
404
200
404
200
200
404
200
404
200
404
200
200
404
200","More than one page is linked for the same language
Some pages are not returning 200 status code",6799426939014814430,46,46
22,https://solvemymedia.com/fi/vesileima-video,"Lisää vesileima videoon - suojaa mediaasi - SolveMyMedia
SolveMyMedia - Free Online Media Optimization Tools",text/html; charset=utf-8,false,200,0,true,"https://solvemymedia.com/ar/alaalm-almayy-alfidyo
https://solvemymedia.com/ar/fydyw-laalm-lmyy
https://solvemymedia.com/cs/video-s-vodoznakem
https://solvemymedia.com/cs/vodoznak-video
https://solvemymedia.com/da/vandmaerke-video
https://solvemymedia.com/de/wasserzeichen-video
https://solvemymedia.com/el/ydatografima-vinteo
https://solvemymedia.com/el/ydroshimo-video
https://solvemymedia.com/es/video-de-marca-de-agua
https://solvemymedia.com/fi/vesileima-video
https://solvemymedia.com/fr/video-en-filigrane
https://solvemymedia.com/he/siman-mayim-video
https://solvemymedia.com/he/srtvn-symn-mym
https://solvemymedia.com/hi/video-watermark
https://solvemymedia.com/hi/vonttrmaark-viiddiyo
https://solvemymedia.com/hu/video-vizjel
https://solvemymedia.com/hu/vizjel-video
https://solvemymedia.com/id/video-tanda-air
https://solvemymedia.com/it/filigrana-video
https://solvemymedia.com/it/video-filigrana
https://solvemymedia.com/ja/tou-kasibideo
https://solvemymedia.com/ko/bidio-wotomakeu
https://solvemymedia.com/ko/weoteomakeu-bidio
https://solvemymedia.com/ms/tera-air-video
https://solvemymedia.com/ms/video-tera-air
https://solvemymedia.com/nl/video-watermerk
https://solvemymedia.com/nl/watermerkvideo
https://solvemymedia.com/no/vannmerke-video
https://solvemymedia.com/pl/wideo-ze-znakiem-wodnym
https://solvemymedia.com/pl/znak-wodny-wideo
https://solvemymedia.com/pt/marca-dagua-no-video
https://solvemymedia.com/pt/video-de-marca-dagua
https://solvemymedia.com/ro/filigran-video
https://solvemymedia.com/ru/video-s-vodyanymi-znakami
https://solvemymedia.com/ru/vodnoy-znak-video
https://solvemymedia.com/sk/video-s-vodoznakom
https://solvemymedia.com/sk/vodoznak-video
https://solvemymedia.com/sv/vattenstampel-video
https://solvemymedia.com/th/lomrak-num-wideo
https://solvemymedia.com/th/widiiolaaynam
https://solvemymedia.com/tr/filigran-videosu
https://solvemymedia.com/tr/video-filigran
https://solvemymedia.com/uk/video-z-vodyanim-znakom
https://solvemymedia.com/uk/vodyanyi-znak-video
https://solvemymedia.com/vi/hinh-mo-video
https://solvemymedia.com/vi/them-chu-ky-video
https://solvemymedia.com/watermark-video
https://solvemymedia.com/watermark-video
https://solvemymedia.com/zh/shi-pin-shui-yin
https://solvemymedia.com/zh/shui-yin-shi-pin","404
200
200
404
200
200
200
404
200
200
200
404
404
404
200
404
200
200
404
200
200
404
200
404
200
404
200
200
200
404
404
200
200
200
404
404
404
200
404
200
200
404
200
404
200
404
200
200
404
200","More than one page is linked for the same language
Some pages are not returning 200 status code",6799426939014814430,46,46
22,https://solvemymedia.com/it/registratore,"Registratore schermo e audio: registrazione in studio gratuita - SolveMyMedia
SolveMyMedia - Free Online Media Optimization Tools",text/html; charset=utf-8,false,200,0,true,"https://solvemymedia.com/ar/mjl-alshashat
https://solvemymedia.com/ar/msjl
https://solvemymedia.com/cs/zaznamnik
https://solvemymedia.com/da/optager
https://solvemymedia.com/de/recorder
https://solvemymedia.com/el/egrafos
https://solvemymedia.com/el/mihanima-eggrafis
https://solvemymedia.com/es/grabadora
https://solvemymedia.com/fi/tallennin
https://solvemymedia.com/fi/tallennus
https://solvemymedia.com/fr/enregistreur
https://solvemymedia.com/he/maqliyt
https://solvemymedia.com/he/mekolet
https://solvemymedia.com/hi/recorder
https://solvemymedia.com/hi/rikonrddr
https://solvemymedia.com/hu/felvetel
https://solvemymedia.com/hu/felvevo
https://solvemymedia.com/id/perekam
https://solvemymedia.com/it/registratore
https://solvemymedia.com/ja/rekoda
https://solvemymedia.com/ko/giroggye
https://solvemymedia.com/ko/rikhoda
https://solvemymedia.com/ms/perakam
https://solvemymedia.com/nl/opnameapparaat
https://solvemymedia.com/nl/recorder
https://solvemymedia.com/no/opptak
https://solvemymedia.com/no/opptaker
https://solvemymedia.com/pl/rejestrator
https://solvemymedia.com/pt/gravador
https://solvemymedia.com/pt/gravadora
https://solvemymedia.com/recorder
https://solvemymedia.com/recorder
https://solvemymedia.com/ro/inregistrator
https://solvemymedia.com/ro/recorder
https://solvemymedia.com/ru/diktofon
https://solvemymedia.com/ru/zapis
https://solvemymedia.com/sk/zaznamnik
https://solvemymedia.com/sv/inspelare
https://solvemymedia.com/sv/inspelning
https://solvemymedia.com/th/banthuek
https://solvemymedia.com/th/ekhruuengbanthuek
https://solvemymedia.com/tr/ekran-kaydet
https://solvemymedia.com/tr/kaydedici
https://solvemymedia.com/uk/diktofon
https://solvemymedia.com/uk/zapis-ekrana
https://solvemymedia.com/vi/may-ghi-am
https://solvemymedia.com/zh/lu-yin-ji
https://solvemymedia.com/zh/lu-zhi","404
200
200
200
200
404
200
200
200
404
200
404
404
404
200
404
200
200
200
200
200
404
200
200
404
404
200
200
404
200
200
200
404
200
200
404
404
200
404
404
200
404
200
200
404
200
200
200","More than one page is linked for the same language
Some pages don't include hreflang links to all the other pages of the group
Some pages are not returning 200 status code",774500295674417905,45,45
22,https://solvemymedia.com/cs/zaznamnik,"Screen & Audio Recorder – bezplatné studiové nahrávání - SolveMyMedia
SolveMyMedia - Free Online Media Optimization Tools",text/html; charset=utf-8,false,200,0,true,"https://solvemymedia.com/ar/mjl-alshashat
https://solvemymedia.com/ar/msjl
https://solvemymedia.com/cs/zaznamnik
https://solvemymedia.com/da/optager
https://solvemymedia.com/de/recorder
https://solvemymedia.com/el/egrafos
https://solvemymedia.com/el/mihanima-eggrafis
https://solvemymedia.com/es/grabadora
https://solvemymedia.com/fi/tallennin
https://solvemymedia.com/fi/tallennus
https://solvemymedia.com/fr/enregistreur
https://solvemymedia.com/he/maqliyt
https://solvemymedia.com/he/mekolet
https://solvemymedia.com/hi/recorder
https://solvemymedia.com/hi/rikonrddr
https://solvemymedia.com/hu/felvetel
https://solvemymedia.com/hu/felvevo
https://solvemymedia.com/id/perekam
https://solvemymedia.com/it/registratore
https://solvemymedia.com/ja/rekoda
https://solvemymedia.com/ko/giroggye
https://solvemymedia.com/ko/rikhoda
https://solvemymedia.com/ms/perakam
https://solvemymedia.com/nl/opnameapparaat
https://solvemymedia.com/nl/recorder
https://solvemymedia.com/no/opptak
https://solvemymedia.com/no/opptaker
https://solvemymedia.com/pl/rejestrator
https://solvemymedia.com/pt/gravador
https://solvemymedia.com/pt/gravadora
https://solvemymedia.com/recorder
https://solvemymedia.com/recorder
https://solvemymedia.com/ro/inregistrator
https://solvemymedia.com/ro/recorder
https://solvemymedia.com/ru/diktofon
https://solvemymedia.com/ru/zapis
https://solvemymedia.com/sk/zaznamnik
https://solvemymedia.com/sv/inspelare
https://solvemymedia.com/sv/inspelning
https://solvemymedia.com/th/banthuek
https://solvemymedia.com/th/ekhruuengbanthuek
https://solvemymedia.com/tr/ekran-kaydet
https://solvemymedia.com/tr/kaydedici
https://solvemymedia.com/uk/diktofon
https://solvemymedia.com/uk/zapis-ekrana
https://solvemymedia.com/vi/may-ghi-am
https://solvemymedia.com/zh/lu-yin-ji
https://solvemymedia.com/zh/lu-zhi","404
200
200
200
200
404
200
200
200
404
200
404
404
404
200
404
200
200
200
200
200
404
200
200
404
404
200
200
404
200
200
200
404
200
200
404
404
200
404
404
200
404
200
200
404
200
200
200","More than one page is linked for the same language
Some pages don't include hreflang links to all the other pages of the group
Some pages are not returning 200 status code",774500295674417905,45,45
22,https://solvemymedia.com/fr/video-muette,"Couper la vidéo en ligne - Supprimer l'audio de la vidéo - SolveMyMedia
SolveMyMedia - Free Online Media Optimization Tools",text/html; charset=utf-8,false,200,0,true,"https://solvemymedia.com/ar/ktm-lfydyw
https://solvemymedia.com/ar/ktmalfidyo
https://solvemymedia.com/cs/ztlumit-video
https://solvemymedia.com/da/daempe-video
https://solvemymedia.com/da/sluk-for-video
https://solvemymedia.com/de/video-stumm-schalten
https://solvemymedia.com/el/afonos-video
https://solvemymedia.com/el/sigasi-vinteo
https://solvemymedia.com/es/silenciar-video
https://solvemymedia.com/fi/mykista-video
https://solvemymedia.com/fi/mykistaa-videon
https://solvemymedia.com/fr/video-muette
https://solvemymedia.com/he/hashket-video
https://solvemymedia.com/he/hshtqt-srtvn
https://solvemymedia.com/hi/video-mute-kare
https://solvemymedia.com/hi/viiddiyo-myuutt-kren
https://solvemymedia.com/hu/video-eln%C3%A9mitasa
https://solvemymedia.com/hu/video-nemitasa
https://solvemymedia.com/id/bisukan-video
https://solvemymedia.com/it/silenzia-video
https://solvemymedia.com/it/video-muto
https://solvemymedia.com/ja/bideowomiyutosuru
https://solvemymedia.com/ko/bidio-eumso-ggeugi
https://solvemymedia.com/ko/yeongsang-eumsogeo
https://solvemymedia.com/ms/bisu-video
https://solvemymedia.com/ms/senyap-video
https://solvemymedia.com/mute-video
https://solvemymedia.com/mute-video
https://solvemymedia.com/nl/video-dempen
https://solvemymedia.com/no/demp-video
https://solvemymedia.com/no/dempe-video
https://solvemymedia.com/pl/wycisz-wideo
https://solvemymedia.com/pl/wyciszenie-wideo
https://solvemymedia.com/pt/silenciar-video
https://solvemymedia.com/ro/mute-video
https://solvemymedia.com/ro/sunetul-video
https://solvemymedia.com/ru/otkluchit-zvuk-video
https://solvemymedia.com/ru/otklyuchit-video
https://solvemymedia.com/sk/stlmit-video
https://solvemymedia.com/sv/tyst-video
https://solvemymedia.com/sv/tystad-video
https://solvemymedia.com/th/pid-siang-wideo
https://solvemymedia.com/th/pidesiiyngwidiio
https://solvemymedia.com/tr/video-sessiz
https://solvemymedia.com/tr/videoyu-kapat
https://solvemymedia.com/uk/vimknuti-video
https://solvemymedia.com/uk/vimknuti-zvuk-video
https://solvemymedia.com/vi/tat-tieng-video
https://solvemymedia.com/zh/jing-yin-shi-pin","200
404
200
200
404
200
404
200
200
404
200
200
404
404
404
200
404
200
200
404
200
200
404
200
200
404
200
200
200
404
200
404
200
200
404
200
404
200
404
200
404
404
200
404
200
200
404
200
200","More than one page is linked for the same language
Some pages are not returning 200 status code",13148675445431234075,46,46
22,https://solvemymedia.com/cs/ztlumit-video,"Ztlumit video online – Odeberte zvuk z videa - SolveMyMedia
SolveMyMedia - Free Online Media Optimization Tools",text/html; charset=utf-8,false,200,0,true,"https://solvemymedia.com/ar/ktm-lfydyw
https://solvemymedia.com/ar/ktmalfidyo
https://solvemymedia.com/cs/ztlumit-video
https://solvemymedia.com/da/daempe-video
https://solvemymedia.com/da/sluk-for-video
https://solvemymedia.com/de/video-stumm-schalten
https://solvemymedia.com/el/afonos-video
https://solvemymedia.com/el/sigasi-vinteo
https://solvemymedia.com/es/silenciar-video
https://solvemymedia.com/fi/mykista-video
https://solvemymedia.com/fi/mykistaa-videon
https://solvemymedia.com/fr/video-muette
https://solvemymedia.com/he/hashket-video
https://solvemymedia.com/he/hshtqt-srtvn
https://solvemymedia.com/hi/video-mute-kare
https://solvemymedia.com/hi/viiddiyo-myuutt-kren
https://solvemymedia.com/hu/video-eln%C3%A9mitasa
https://solvemymedia.com/hu/video-nemitasa
https://solvemymedia.com/id/bisukan-video
https://solvemymedia.com/it/silenzia-video
https://solvemymedia.com/it/video-muto
https://solvemymedia.com/ja/bideowomiyutosuru
https://solvemymedia.com/ko/bidio-eumso-ggeugi
https://solvemymedia.com/ko/yeongsang-eumsogeo
https://solvemymedia.com/ms/bisu-video
https://solvemymedia.com/ms/senyap-video
https://solvemymedia.com/mute-video
https://solvemymedia.com/mute-video
https://solvemymedia.com/nl/video-dempen
https://solvemymedia.com/no/demp-video
https://solvemymedia.com/no/dempe-video
https://solvemymedia.com/pl/wycisz-wideo
https://solvemymedia.com/pl/wyciszenie-wideo
https://solvemymedia.com/pt/silenciar-video
https://solvemymedia.com/ro/mute-video
https://solvemymedia.com/ro/sunetul-video
https://solvemymedia.com/ru/otkluchit-zvuk-video
https://solvemymedia.com/ru/otklyuchit-video
https://solvemymedia.com/sk/stlmit-video
https://solvemymedia.com/sv/tyst-video
https://solvemymedia.com/sv/tystad-video
https://solvemymedia.com/th/pid-siang-wideo
https://solvemymedia.com/th/pidesiiyngwidiio
https://solvemymedia.com/tr/video-sessiz
https://solvemymedia.com/tr/videoyu-kapat
https://solvemymedia.com/uk/vimknuti-video
https://solvemymedia.com/uk/vimknuti-zvuk-video
https://solvemymedia.com/vi/tat-tieng-video
https://solvemymedia.com/zh/jing-yin-shi-pin","200
404
200
200
404
200
404
200
200
404
200
200
404
404
404
200
404
200
200
404
200
200
404
200
200
404
200
200
200
404
200
404
200
200
404
200
404
200
404
200
404
404
200
404
200
200
404
200
200","More than one page is linked for the same language
Some pages are not returning 200 status code",13148675445431234075,46,46
22,https://solvemymedia.com/ja/odeiozuo-pin,"オーディオ ファイルを結合 - 無料のオーディオ ジョイナー - SolveMyMedia
SolveMyMedia - Free Online Media Optimization Tools",text/html; charset=utf-8,false,200,0,true,"https://solvemymedia.com/ar/aaml-swty
https://solvemymedia.com/ar/dmj-alsawt
https://solvemymedia.com/cs/audio-funguje
https://solvemymedia.com/cs/sloucit-audio
https://solvemymedia.com/da/flet-lyd
https://solvemymedia.com/da/lyd-virker
https://solvemymedia.com/de/audio-funktioniert
https://solvemymedia.com/el/ihitika-erga
https://solvemymedia.com/el/synergasia-audio
https://solvemymedia.com/es/obras-de-audio
https://solvemymedia.com/fi/aani-toimii
https://solvemymedia.com/fi/yhdista-audio
https://solvemymedia.com/fr/oeuvres-audio
https://solvemymedia.com/he/mizog-audio
https://solvemymedia.com/he/vdyv-vbd
https://solvemymedia.com/hi/audio-merge-kare
https://solvemymedia.com/hi/onddiyo-kaam-krtaa-hai
https://solvemymedia.com/hu/hang-mukodik
https://solvemymedia.com/hu/hang-osszefuzese
https://solvemymedia.com/id/audio-berfungsi
https://solvemymedia.com/it/laudio-funziona
https://solvemymedia.com/it/unisci-audio
https://solvemymedia.com/ja/odeiozuo-pin
https://solvemymedia.com/ko/odio-byeonghap
https://solvemymedia.com/ko/odio-jagdong
https://solvemymedia.com/merge-audio
https://solvemymedia.com/merge-audio
https://solvemymedia.com/ms/audio-berfungsi
https://solvemymedia.com/ms/gabung-audio
https://solvemymedia.com/nl/audio-samenvoegen
https://solvemymedia.com/nl/audio-werkt
https://solvemymedia.com/no/lyd-fungerer
https://solvemymedia.com/no/sla-sammen-lyd
https://solvemymedia.com/pl/dziala-dzwiek
https://solvemymedia.com/pl/polacz-audio
https://solvemymedia.com/pt/audio-funciona
https://solvemymedia.com/pt/mesclar-audio
https://solvemymedia.com/ro/combina-audio
https://solvemymedia.com/ro/merge-audio
https://solvemymedia.com/ru/audio-rabotaet
https://solvemymedia.com/ru/obedinie-audio
https://solvemymedia.com/sk/audio-funguje
https://solvemymedia.com/sk/zlucit-audio
https://solvemymedia.com/sv/ljud-fungerar
https://solvemymedia.com/sv/sla-ihop-ljud
https://solvemymedia.com/th/esiiyngaichngaanaid
https://solvemymedia.com/th/ruwm-audio
https://solvemymedia.com/tr/ses-birlestir
https://solvemymedia.com/tr/ses-isleri
https://solvemymedia.com/uk/audio-roboti
https://solvemymedia.com/uk/obedna-ti-audio
https://solvemymedia.com/vi/am-thanh-hoat-dong
https://solvemymedia.com/vi/gop-am-thanh
https://solvemymedia.com/zh/he-bing-yin-pin
https://solvemymedia.com/zh/yin-pin-zuo-pin","200
404
200
404
404
200
200
200
404
200
200
404
200
404
404
404
200
200
404
200
200
404
200
404
200
200
200
200
404
404
200
200
404
200
404
200
404
404
200
200
404
404
404
200
404
200
404
404
200
200
404
200
404
404
200","More than one page is linked for the same language
Some pages are not returning 200 status code",15338543674765219161,51,51
22,https://solvemymedia.com/sv/transkribera,"Ljud- och videotranskription - AI-tal till text - SolveMyMedia
SolveMyMedia - Free Online Media Optimization Tools",text/html; charset=utf-8,false,200,0,true,"https://solvemymedia.com/ar/nasg-alsawt
https://solvemymedia.com/ar/nskh
https://solvemymedia.com/cs/prepsat
https://solvemymedia.com/da/transskriber
https://solvemymedia.com/da/transskribere
https://solvemymedia.com/de/transkribieren
https://solvemymedia.com/el/antigrafo
https://solvemymedia.com/el/apografos
https://solvemymedia.com/es/transcribir
https://solvemymedia.com/fi/litteroi
https://solvemymedia.com/fi/litteroida
https://solvemymedia.com/fr/transcrire
https://solvemymedia.com/he/ltaateq
https://solvemymedia.com/he/taktur
https://solvemymedia.com/hi/transcript-kare
https://solvemymedia.com/hi/ttaaip-krnaa
https://solvemymedia.com/hu/atiratas
https://solvemymedia.com/hu/lemasol
https://solvemymedia.com/id/menuliskan
https://solvemymedia.com/it/trascrivere
https://solvemymedia.com/it/trascrivi
https://solvemymedia.com/ja/zhuan-xie-suru
https://solvemymedia.com/ko/gocyeo-sseuda
https://solvemymedia.com/ko/teuksi-keurib
https://solvemymedia.com/ms/transkripsi
https://solvemymedia.com/nl/transcriberen
https://solvemymedia.com/no/transkriben
https://solvemymedia.com/no/transkribere
https://solvemymedia.com/pl/rozpisac
https://solvemymedia.com/pl/transkrybuj
https://solvemymedia.com/pt/transcrever
https://solvemymedia.com/ro/transcrie
https://solvemymedia.com/ru/perepisyvat
https://solvemymedia.com/ru/transkribirovat
https://solvemymedia.com/sk/prepis
https://solvemymedia.com/sk/prepisovat
https://solvemymedia.com/sv/transkribera
https://solvemymedia.com/th/thdesiiyng
https://solvemymedia.com/th/thod-siang
https://solvemymedia.com/tr/metne-donustur
https://solvemymedia.com/tr/uyarlamak
https://solvemymedia.com/transcribe
https://solvemymedia.com/transcribe
https://solvemymedia.com/uk/transkriba
https://solvemymedia.com/uk/transkribuvati
https://solvemymedia.com/vi/chep-lai
https://solvemymedia.com/vi/sao-chep-am-thanh
https://solvemymedia.com/zh/lu-zhi
https://solvemymedia.com/zh/zhuan-lu","404
200
200
404
200
200
200
404
200
404
200
200
404
404
404
200
404
200
200
200
404
200
200
404
200
200
404
200
200
404
200
200
200
404
404
404
200
200
404
404
200
200
200
404
200
200
404
200
404","More than one page is linked for the same language
Some pages don't include hreflang links to all the other pages of the group
Some pages are not returning 200 status code",1124245034427686738,45,45
22,https://solvemymedia.com/de/audio-funktioniert,"Audiodateien zusammenführen – Kostenloser Audio Joiner - SolveMyMedia
SolveMyMedia - Free Online Media Optimization Tools",text/html; charset=utf-8,false,200,0,true,"https://solvemymedia.com/ar/aaml-swty
https://solvemymedia.com/ar/dmj-alsawt
https://solvemymedia.com/cs/audio-funguje
https://solvemymedia.com/cs/sloucit-audio
https://solvemymedia.com/da/flet-lyd
https://solvemymedia.com/da/lyd-virker
https://solvemymedia.com/de/audio-funktioniert
https://solvemymedia.com/el/ihitika-erga
https://solvemymedia.com/el/synergasia-audio
https://solvemymedia.com/es/obras-de-audio
https://solvemymedia.com/fi/aani-toimii
https://solvemymedia.com/fi/yhdista-audio
https://solvemymedia.com/fr/oeuvres-audio
https://solvemymedia.com/he/mizog-audio
https://solvemymedia.com/he/vdyv-vbd
https://solvemymedia.com/hi/audio-merge-kare
https://solvemymedia.com/hi/onddiyo-kaam-krtaa-hai
https://solvemymedia.com/hu/hang-mukodik
https://solvemymedia.com/hu/hang-osszefuzese
https://solvemymedia.com/id/audio-berfungsi
https://solvemymedia.com/it/laudio-funziona
https://solvemymedia.com/it/unisci-audio
https://solvemymedia.com/ja/odeiozuo-pin
https://solvemymedia.com/ko/odio-byeonghap
https://solvemymedia.com/ko/odio-jagdong
https://solvemymedia.com/merge-audio
https://solvemymedia.com/merge-audio
https://solvemymedia.com/ms/audio-berfungsi
https://solvemymedia.com/ms/gabung-audio
https://solvemymedia.com/nl/audio-samenvoegen
https://solvemymedia.com/nl/audio-werkt
https://solvemymedia.com/no/lyd-fungerer
https://solvemymedia.com/no/sla-sammen-lyd
https://solvemymedia.com/pl/dziala-dzwiek
https://solvemymedia.com/pl/polacz-audio
https://solvemymedia.com/pt/audio-funciona
https://solvemymedia.com/pt/mesclar-audio
https://solvemymedia.com/ro/combina-audio
https://solvemymedia.com/ro/merge-audio
https://solvemymedia.com/ru/audio-rabotaet
https://solvemymedia.com/ru/obedinie-audio
https://solvemymedia.com/sk/audio-funguje
https://solvemymedia.com/sk/zlucit-audio
https://solvemymedia.com/sv/ljud-fungerar
https://solvemymedia.com/sv/sla-ihop-ljud
https://solvemymedia.com/th/esiiyngaichngaanaid
https://solvemymedia.com/th/ruwm-audio
https://solvemymedia.com/tr/ses-birlestir
https://solvemymedia.com/tr/ses-isleri
https://solvemymedia.com/uk/audio-roboti
https://solvemymedia.com/uk/obedna-ti-audio
https://solvemymedia.com/vi/am-thanh-hoat-dong
https://solvemymedia.com/vi/gop-am-thanh
https://solvemymedia.com/zh/he-bing-yin-pin
https://solvemymedia.com/zh/yin-pin-zuo-pin","200
404
200
404
404
200
200
200
404
200
200
404
200
404
404
404
200
200
404
200
200
404
200
404
200
200
200
200
404
404
200
200
404
200
404
200
404
404
200
200
404
404
404
200
404
200
404
404
200
200
404
200
404
404
200","More than one page is linked for the same language
Some pages are not returning 200 status code",15338543674765219161,51,51
22,https://solvemymedia.com/sv/vattenstampel-video,"Lägg till vattenstämpel till video - Skydda dina media - SolveMyMedia
SolveMyMedia - Free Online Media Optimization Tools",text/html; charset=utf-8,false,200,0,true,"https://solvemymedia.com/ar/alaalm-almayy-alfidyo
https://solvemymedia.com/ar/fydyw-laalm-lmyy
https://solvemymedia.com/cs/video-s-vodoznakem
https://solvemymedia.com/cs/vodoznak-video
https://solvemymedia.com/da/vandmaerke-video
https://solvemymedia.com/de/wasserzeichen-video
https://solvemymedia.com/el/ydatografima-vinteo
https://solvemymedia.com/el/ydroshimo-video
https://solvemymedia.com/es/video-de-marca-de-agua
https://solvemymedia.com/fi/vesileima-video
https://solvemymedia.com/fr/video-en-filigrane
https://solvemymedia.com/he/siman-mayim-video
https://solvemymedia.com/he/srtvn-symn-mym
https://solvemymedia.com/hi/video-watermark
https://solvemymedia.com/hi/vonttrmaark-viiddiyo
https://solvemymedia.com/hu/video-vizjel
https://solvemymedia.com/hu/vizjel-video
https://solvemymedia.com/id/video-tanda-air
https://solvemymedia.com/it/filigrana-video
https://solvemymedia.com/it/video-filigrana
https://solvemymedia.com/ja/tou-kasibideo
https://solvemymedia.com/ko/bidio-wotomakeu
https://solvemymedia.com/ko/weoteomakeu-bidio
https://solvemymedia.com/ms/tera-air-video
https://solvemymedia.com/ms/video-tera-air
https://solvemymedia.com/nl/video-watermerk
https://solvemymedia.com/nl/watermerkvideo
https://solvemymedia.com/no/vannmerke-video
https://solvemymedia.com/pl/wideo-ze-znakiem-wodnym
https://solvemymedia.com/pl/znak-wodny-wideo
https://solvemymedia.com/pt/marca-dagua-no-video
https://solvemymedia.com/pt/video-de-marca-dagua
https://solvemymedia.com/ro/filigran-video
https://solvemymedia.com/ru/video-s-vodyanymi-znakami
https://solvemymedia.com/ru/vodnoy-znak-video
https://solvemymedia.com/sk/video-s-vodoznakom
https://solvemymedia.com/sk/vodoznak-video
https://solvemymedia.com/sv/vattenstampel-video
https://solvemymedia.com/th/lomrak-num-wideo
https://solvemymedia.com/th/widiiolaaynam
https://solvemymedia.com/tr/filigran-videosu
https://solvemymedia.com/tr/video-filigran
https://solvemymedia.com/uk/video-z-vodyanim-znakom
https://solvemymedia.com/uk/vodyanyi-znak-video
https://solvemymedia.com/vi/hinh-mo-video
https://solvemymedia.com/vi/them-chu-ky-video
https://solvemymedia.com/watermark-video
https://solvemymedia.com/watermark-video
https://solvemymedia.com/zh/shi-pin-shui-yin
https://solvemymedia.com/zh/shui-yin-shi-pin","404
200
200
404
200
200
200
404
200
200
200
404
404
404
200
404
200
200
404
200
200
404
200
404
200
404
200
200
200
404
404
200
200
200
404
404
404
200
404
200
200
404
200
404
200
404
200
200
404
200","More than one page is linked for the same language
Some pages are not returning 200 status code",6799426939014814430,46,46
22,https://solvemymedia.com/ro/filigran-video,"Adăugați filigran la videoclip - Protejați-vă conținutul media - SolveMyMedia
SolveMyMedia - Free Online Media Optimization Tools",text/html; charset=utf-8,false,200,0,true,"https://solvemymedia.com/ar/alaalm-almayy-alfidyo
https://solvemymedia.com/ar/fydyw-laalm-lmyy
https://solvemymedia.com/cs/video-s-vodoznakem
https://solvemymedia.com/cs/vodoznak-video
https://solvemymedia.com/da/vandmaerke-video
https://solvemymedia.com/de/wasserzeichen-video
https://solvemymedia.com/el/ydatografima-vinteo
https://solvemymedia.com/el/ydroshimo-video
https://solvemymedia.com/es/video-de-marca-de-agua
https://solvemymedia.com/fi/vesileima-video
https://solvemymedia.com/fr/video-en-filigrane
https://solvemymedia.com/he/siman-mayim-video
https://solvemymedia.com/he/srtvn-symn-mym
https://solvemymedia.com/hi/video-watermark
https://solvemymedia.com/hi/vonttrmaark-viiddiyo
https://solvemymedia.com/hu/video-vizjel
https://solvemymedia.com/hu/vizjel-video
https://solvemymedia.com/id/video-tanda-air
https://solvemymedia.com/it/filigrana-video
https://solvemymedia.com/it/video-filigrana
https://solvemymedia.com/ja/tou-kasibideo
https://solvemymedia.com/ko/bidio-wotomakeu
https://solvemymedia.com/ko/weoteomakeu-bidio
https://solvemymedia.com/ms/tera-air-video
https://solvemymedia.com/ms/video-tera-air
https://solvemymedia.com/nl/video-watermerk
https://solvemymedia.com/nl/watermerkvideo
https://solvemymedia.com/no/vannmerke-video
https://solvemymedia.com/pl/wideo-ze-znakiem-wodnym
https://solvemymedia.com/pl/znak-wodny-wideo
https://solvemymedia.com/pt/marca-dagua-no-video
https://solvemymedia.com/pt/video-de-marca-dagua
https://solvemymedia.com/ro/filigran-video
https://solvemymedia.com/ru/video-s-vodyanymi-znakami
https://solvemymedia.com/ru/vodnoy-znak-video
https://solvemymedia.com/sk/video-s-vodoznakom
https://solvemymedia.com/sk/vodoznak-video
https://solvemymedia.com/sv/vattenstampel-video
https://solvemymedia.com/th/lomrak-num-wideo
https://solvemymedia.com/th/widiiolaaynam
https://solvemymedia.com/tr/filigran-videosu
https://solvemymedia.com/tr/video-filigran
https://solvemymedia.com/uk/video-z-vodyanim-znakom
https://solvemymedia.com/uk/vodyanyi-znak-video
https://solvemymedia.com/vi/hinh-mo-video
https://solvemymedia.com/vi/them-chu-ky-video
https://solvemymedia.com/watermark-video
https://solvemymedia.com/watermark-video
https://solvemymedia.com/zh/shi-pin-shui-yin
https://solvemymedia.com/zh/shui-yin-shi-pin","404
200
200
404
200
200
200
404
200
200
200
404
404
404
200
404
200
200
404
200
200
404
200
404
200
404
200
200
200
404
404
200
200
200
404
404
404
200
404
200
200
404
200
404
200
404
200
200
404
200","More than one page is linked for the same language
Some pages are not returning 200 status code",6799426939014814430,46,46
22,https://solvemymedia.com/es/silenciar-video,"Silenciar vídeo en línea: eliminar audio del vídeo - SolveMyMedia
SolveMyMedia - Free Online Media Optimization Tools",text/html; charset=utf-8,false,200,0,true,"https://solvemymedia.com/ar/ktm-lfydyw
https://solvemymedia.com/ar/ktmalfidyo
https://solvemymedia.com/cs/ztlumit-video
https://solvemymedia.com/da/daempe-video
https://solvemymedia.com/da/sluk-for-video
https://solvemymedia.com/de/video-stumm-schalten
https://solvemymedia.com/el/afonos-video
https://solvemymedia.com/el/sigasi-vinteo
https://solvemymedia.com/es/silenciar-video
https://solvemymedia.com/fi/mykista-video
https://solvemymedia.com/fi/mykistaa-videon
https://solvemymedia.com/fr/video-muette
https://solvemymedia.com/he/hashket-video
https://solvemymedia.com/he/hshtqt-srtvn
https://solvemymedia.com/hi/video-mute-kare
https://solvemymedia.com/hi/viiddiyo-myuutt-kren
https://solvemymedia.com/hu/video-eln%C3%A9mitasa
https://solvemymedia.com/hu/video-nemitasa
https://solvemymedia.com/id/bisukan-video
https://solvemymedia.com/it/silenzia-video
https://solvemymedia.com/it/video-muto
https://solvemymedia.com/ja/bideowomiyutosuru
https://solvemymedia.com/ko/bidio-eumso-ggeugi
https://solvemymedia.com/ko/yeongsang-eumsogeo
https://solvemymedia.com/ms/bisu-video
https://solvemymedia.com/ms/senyap-video
https://solvemymedia.com/mute-video
https://solvemymedia.com/mute-video
https://solvemymedia.com/nl/video-dempen
https://solvemymedia.com/no/demp-video
https://solvemymedia.com/no/dempe-video
https://solvemymedia.com/pl/wycisz-wideo
https://solvemymedia.com/pl/wyciszenie-wideo
https://solvemymedia.com/pt/silenciar-video
https://solvemymedia.com/ro/mute-video
https://solvemymedia.com/ro/sunetul-video
https://solvemymedia.com/ru/otkluchit-zvuk-video
https://solvemymedia.com/ru/otklyuchit-video
https://solvemymedia.com/sk/stlmit-video
https://solvemymedia.com/sv/tyst-video
https://solvemymedia.com/sv/tystad-video
https://solvemymedia.com/th/pid-siang-wideo
https://solvemymedia.com/th/pidesiiyngwidiio
https://solvemymedia.com/tr/video-sessiz
https://solvemymedia.com/tr/videoyu-kapat
https://solvemymedia.com/uk/vimknuti-video
https://solvemymedia.com/uk/vimknuti-zvuk-video
https://solvemymedia.com/vi/tat-tieng-video
https://solvemymedia.com/zh/jing-yin-shi-pin","200
404
200
200
404
200
404
200
200
404
200
200
404
404
404
200
404
200
200
404
200
200
404
200
200
404
200
200
200
404
200
404
200
200
404
200
404
200
404
200
404
404
200
404
200
200
404
200
200","More than one page is linked for the same language
Some pages are not returning 200 status code",13148675445431234075,46,46
22,https://solvemymedia.com/id/menuliskan,"Transkripsi Audio & Video - Pidato AI ke Teks - SolveMyMedia
SolveMyMedia - Free Online Media Optimization Tools",text/html; charset=utf-8,false,200,0,true,"https://solvemymedia.com/ar/nasg-alsawt
https://solvemymedia.com/ar/nskh
https://solvemymedia.com/cs/prepsat
https://solvemymedia.com/da/transskriber
https://solvemymedia.com/da/transskribere
https://solvemymedia.com/de/transkribieren
https://solvemymedia.com/el/antigrafo
https://solvemymedia.com/el/apografos
https://solvemymedia.com/es/transcribir
https://solvemymedia.com/fi/litteroi
https://solvemymedia.com/fi/litteroida
https://solvemymedia.com/fr/transcrire
https://solvemymedia.com/he/ltaateq
https://solvemymedia.com/he/taktur
https://solvemymedia.com/hi/transcript-kare
https://solvemymedia.com/hi/ttaaip-krnaa
https://solvemymedia.com/hu/atiratas
https://solvemymedia.com/hu/lemasol
https://solvemymedia.com/id/menuliskan
https://solvemymedia.com/it/trascrivere
https://solvemymedia.com/it/trascrivi
https://solvemymedia.com/ja/zhuan-xie-suru
https://solvemymedia.com/ko/gocyeo-sseuda
https://solvemymedia.com/ko/teuksi-keurib
https://solvemymedia.com/ms/transkripsi
https://solvemymedia.com/nl/transcriberen
https://solvemymedia.com/no/transkriben
https://solvemymedia.com/no/transkribere
https://solvemymedia.com/pl/rozpisac
https://solvemymedia.com/pl/transkrybuj
https://solvemymedia.com/pt/transcrever
https://solvemymedia.com/ro/transcrie
https://solvemymedia.com/ru/perepisyvat
https://solvemymedia.com/ru/transkribirovat
https://solvemymedia.com/sk/prepis
https://solvemymedia.com/sk/prepisovat
https://solvemymedia.com/sv/transkribera
https://solvemymedia.com/th/thdesiiyng
https://solvemymedia.com/th/thod-siang
https://solvemymedia.com/tr/metne-donustur
https://solvemymedia.com/tr/uyarlamak
https://solvemymedia.com/transcribe
https://solvemymedia.com/transcribe
https://solvemymedia.com/uk/transkriba
https://solvemymedia.com/uk/transkribuvati
https://solvemymedia.com/vi/chep-lai
https://solvemymedia.com/vi/sao-chep-am-thanh
https://solvemymedia.com/zh/lu-zhi
https://solvemymedia.com/zh/zhuan-lu","404
200
200
404
200
200
200
404
200
404
200
200
404
404
404
200
404
200
200
200
404
200
200
404
200
200
404
200
200
404
200
200
200
404
404
404
200
200
404
404
200
200
200
404
200
200
404
200
404","More than one page is linked for the same language
Some pages don't include hreflang links to all the other pages of the group
Some pages are not returning 200 status code",1124245034427686738,45,45
22,https://solvemymedia.com/vi/tat-tieng-video,"Tắt tiếng video trực tuyến - Xóa âm thanh khỏi video - SolveMyMedia
SolveMyMedia - Free Online Media Optimization Tools",text/html; charset=utf-8,false,200,0,true,"https://solvemymedia.com/ar/ktm-lfydyw
https://solvemymedia.com/ar/ktmalfidyo
https://solvemymedia.com/cs/ztlumit-video
https://solvemymedia.com/da/daempe-video
https://solvemymedia.com/da/sluk-for-video
https://solvemymedia.com/de/video-stumm-schalten
https://solvemymedia.com/el/afonos-video
https://solvemymedia.com/el/sigasi-vinteo
https://solvemymedia.com/es/silenciar-video
https://solvemymedia.com/fi/mykista-video
https://solvemymedia.com/fi/mykistaa-videon
https://solvemymedia.com/fr/video-muette
https://solvemymedia.com/he/hashket-video
https://solvemymedia.com/he/hshtqt-srtvn
https://solvemymedia.com/hi/video-mute-kare
https://solvemymedia.com/hi/viiddiyo-myuutt-kren
https://solvemymedia.com/hu/video-eln%C3%A9mitasa
https://solvemymedia.com/hu/video-nemitasa
https://solvemymedia.com/id/bisukan-video
https://solvemymedia.com/it/silenzia-video
https://solvemymedia.com/it/video-muto
https://solvemymedia.com/ja/bideowomiyutosuru
https://solvemymedia.com/ko/bidio-eumso-ggeugi
https://solvemymedia.com/ko/yeongsang-eumsogeo
https://solvemymedia.com/ms/bisu-video
https://solvemymedia.com/ms/senyap-video
https://solvemymedia.com/mute-video
https://solvemymedia.com/mute-video
https://solvemymedia.com/nl/video-dempen
https://solvemymedia.com/no/demp-video
https://solvemymedia.com/no/dempe-video
https://solvemymedia.com/pl/wycisz-wideo
https://solvemymedia.com/pl/wyciszenie-wideo
https://solvemymedia.com/pt/silenciar-video
https://solvemymedia.com/ro/mute-video
https://solvemymedia.com/ro/sunetul-video
https://solvemymedia.com/ru/otkluchit-zvuk-video
https://solvemymedia.com/ru/otklyuchit-video
https://solvemymedia.com/sk/stlmit-video
https://solvemymedia.com/sv/tyst-video
https://solvemymedia.com/sv/tystad-video
https://solvemymedia.com/th/pid-siang-wideo
https://solvemymedia.com/th/pidesiiyngwidiio
https://solvemymedia.com/tr/video-sessiz
https://solvemymedia.com/tr/videoyu-kapat
https://solvemymedia.com/uk/vimknuti-video
https://solvemymedia.com/uk/vimknuti-zvuk-video
https://solvemymedia.com/vi/tat-tieng-video
https://solvemymedia.com/zh/jing-yin-shi-pin","200
404
200
200
404
200
404
200
200
404
200
200
404
404
404
200
404
200
200
404
200
200
404
200
200
404
200
200
200
404
200
404
200
200
404
200
404
200
404
200
404
404
200
404
200
200
404
200
200","More than one page is linked for the same language
Some pages are not returning 200 status code",13148675445431234075,46,46
22,https://solvemymedia.com/zh/jing-yin-shi-pin,"在线静音视频 - 从视频中删除音频 - SolveMyMedia
SolveMyMedia - Free Online Media Optimization Tools",text/html; charset=utf-8,false,200,0,true,"https://solvemymedia.com/ar/ktm-lfydyw
https://solvemymedia.com/ar/ktmalfidyo
https://solvemymedia.com/cs/ztlumit-video
https://solvemymedia.com/da/daempe-video
https://solvemymedia.com/da/sluk-for-video
https://solvemymedia.com/de/video-stumm-schalten
https://solvemymedia.com/el/afonos-video
https://solvemymedia.com/el/sigasi-vinteo
https://solvemymedia.com/es/silenciar-video
https://solvemymedia.com/fi/mykista-video
https://solvemymedia.com/fi/mykistaa-videon
https://solvemymedia.com/fr/video-muette
https://solvemymedia.com/he/hashket-video
https://solvemymedia.com/he/hshtqt-srtvn
https://solvemymedia.com/hi/video-mute-kare
https://solvemymedia.com/hi/viiddiyo-myuutt-kren
https://solvemymedia.com/hu/video-eln%C3%A9mitasa
https://solvemymedia.com/hu/video-nemitasa
https://solvemymedia.com/id/bisukan-video
https://solvemymedia.com/it/silenzia-video
https://solvemymedia.com/it/video-muto
https://solvemymedia.com/ja/bideowomiyutosuru
https://solvemymedia.com/ko/bidio-eumso-ggeugi
https://solvemymedia.com/ko/yeongsang-eumsogeo
https://solvemymedia.com/ms/bisu-video
https://solvemymedia.com/ms/senyap-video
https://solvemymedia.com/mute-video
https://solvemymedia.com/mute-video
https://solvemymedia.com/nl/video-dempen
https://solvemymedia.com/no/demp-video
https://solvemymedia.com/no/dempe-video
https://solvemymedia.com/pl/wycisz-wideo
https://solvemymedia.com/pl/wyciszenie-wideo
https://solvemymedia.com/pt/silenciar-video
https://solvemymedia.com/ro/mute-video
https://solvemymedia.com/ro/sunetul-video
https://solvemymedia.com/ru/otkluchit-zvuk-video
https://solvemymedia.com/ru/otklyuchit-video
https://solvemymedia.com/sk/stlmit-video
https://solvemymedia.com/sv/tyst-video
https://solvemymedia.com/sv/tystad-video
https://solvemymedia.com/th/pid-siang-wideo
https://solvemymedia.com/th/pidesiiyngwidiio
https://solvemymedia.com/tr/video-sessiz
https://solvemymedia.com/tr/videoyu-kapat
https://solvemymedia.com/uk/vimknuti-video
https://solvemymedia.com/uk/vimknuti-zvuk-video
https://solvemymedia.com/vi/tat-tieng-video
https://solvemymedia.com/zh/jing-yin-shi-pin","200
404
200
200
404
200
404
200
200
404
200
200
404
404
404
200
404
200
200
404
200
200
404
200
200
404
200
200
200
404
200
404
200
200
404
200
404
200
404
200
404
404
200
404
200
200
404
200
200","More than one page is linked for the same language
Some pages are not returning 200 status code",13148675445431234075,46,46
22,https://solvemymedia.com/id/perekam,"Perekam Layar & Audio - Rekaman Studio Gratis - SolveMyMedia
SolveMyMedia - Free Online Media Optimization Tools",text/html; charset=utf-8,false,200,0,true,"https://solvemymedia.com/ar/mjl-alshashat
https://solvemymedia.com/ar/msjl
https://solvemymedia.com/cs/zaznamnik
https://solvemymedia.com/da/optager
https://solvemymedia.com/de/recorder
https://solvemymedia.com/el/egrafos
https://solvemymedia.com/el/mihanima-eggrafis
https://solvemymedia.com/es/grabadora
https://solvemymedia.com/fi/tallennin
https://solvemymedia.com/fi/tallennus
https://solvemymedia.com/fr/enregistreur
https://solvemymedia.com/he/maqliyt
https://solvemymedia.com/he/mekolet
https://solvemymedia.com/hi/recorder
https://solvemymedia.com/hi/rikonrddr
https://solvemymedia.com/hu/felvetel
https://solvemymedia.com/hu/felvevo
https://solvemymedia.com/id/perekam
https://solvemymedia.com/it/registratore
https://solvemymedia.com/ja/rekoda
https://solvemymedia.com/ko/giroggye
https://solvemymedia.com/ko/rikhoda
https://solvemymedia.com/ms/perakam
https://solvemymedia.com/nl/opnameapparaat
https://solvemymedia.com/nl/recorder
https://solvemymedia.com/no/opptak
https://solvemymedia.com/no/opptaker
https://solvemymedia.com/pl/rejestrator
https://solvemymedia.com/pt/gravador
https://solvemymedia.com/pt/gravadora
https://solvemymedia.com/recorder
https://solvemymedia.com/recorder
https://solvemymedia.com/ro/inregistrator
https://solvemymedia.com/ro/recorder
https://solvemymedia.com/ru/diktofon
https://solvemymedia.com/ru/zapis
https://solvemymedia.com/sk/zaznamnik
https://solvemymedia.com/sv/inspelare
https://solvemymedia.com/sv/inspelning
https://solvemymedia.com/th/banthuek
https://solvemymedia.com/th/ekhruuengbanthuek
https://solvemymedia.com/tr/ekran-kaydet
https://solvemymedia.com/tr/kaydedici
https://solvemymedia.com/uk/diktofon
https://solvemymedia.com/uk/zapis-ekrana
https://solvemymedia.com/vi/may-ghi-am
https://solvemymedia.com/zh/lu-yin-ji
https://solvemymedia.com/zh/lu-zhi","404
200
200
200
200
404
200
200
200
404
200
404
404
404
200
404
200
200
200
200
200
404
200
200
404
404
200
200
404
200
200
200
404
200
200
404
404
200
404
404
200
404
200
200
404
200
200
200","More than one page is linked for the same language
Some pages don't include hreflang links to all the other pages of the group
Some pages are not returning 200 status code",774500295674417905,45,45
22,https://solvemymedia.com/de/video-stumm-schalten,"Video online stumm schalten – Audio aus Video entfernen - SolveMyMedia
SolveMyMedia - Free Online Media Optimization Tools",text/html; charset=utf-8,false,200,0,true,"https://solvemymedia.com/ar/ktm-lfydyw
https://solvemymedia.com/ar/ktmalfidyo
https://solvemymedia.com/cs/ztlumit-video
https://solvemymedia.com/da/daempe-video
https://solvemymedia.com/da/sluk-for-video
https://solvemymedia.com/de/video-stumm-schalten
https://solvemymedia.com/el/afonos-video
https://solvemymedia.com/el/sigasi-vinteo
https://solvemymedia.com/es/silenciar-video
https://solvemymedia.com/fi/mykista-video
https://solvemymedia.com/fi/mykistaa-videon
https://solvemymedia.com/fr/video-muette
https://solvemymedia.com/he/hashket-video
https://solvemymedia.com/he/hshtqt-srtvn
https://solvemymedia.com/hi/video-mute-kare
https://solvemymedia.com/hi/viiddiyo-myuutt-kren
https://solvemymedia.com/hu/video-eln%C3%A9mitasa
https://solvemymedia.com/hu/video-nemitasa
https://solvemymedia.com/id/bisukan-video
https://solvemymedia.com/it/silenzia-video
https://solvemymedia.com/it/video-muto
https://solvemymedia.com/ja/bideowomiyutosuru
https://solvemymedia.com/ko/bidio-eumso-ggeugi
https://solvemymedia.com/ko/yeongsang-eumsogeo
https://solvemymedia.com/ms/bisu-video
https://solvemymedia.com/ms/senyap-video
https://solvemymedia.com/mute-video
https://solvemymedia.com/mute-video
https://solvemymedia.com/nl/video-dempen
https://solvemymedia.com/no/demp-video
https://solvemymedia.com/no/dempe-video
https://solvemymedia.com/pl/wycisz-wideo
https://solvemymedia.com/pl/wyciszenie-wideo
https://solvemymedia.com/pt/silenciar-video
https://solvemymedia.com/ro/mute-video
https://solvemymedia.com/ro/sunetul-video
https://solvemymedia.com/ru/otkluchit-zvuk-video
https://solvemymedia.com/ru/otklyuchit-video
https://solvemymedia.com/sk/stlmit-video
https://solvemymedia.com/sv/tyst-video
https://solvemymedia.com/sv/tystad-video
https://solvemymedia.com/th/pid-siang-wideo
https://solvemymedia.com/th/pidesiiyngwidiio
https://solvemymedia.com/tr/video-sessiz
https://solvemymedia.com/tr/videoyu-kapat
https://solvemymedia.com/uk/vimknuti-video
https://solvemymedia.com/uk/vimknuti-zvuk-video
https://solvemymedia.com/vi/tat-tieng-video
https://solvemymedia.com/zh/jing-yin-shi-pin","200
404
200
200
404
200
404
200
200
404
200
200
404
404
404
200
404
200
200
404
200
200
404
200
200
404
200
200
200
404
200
404
200
200
404
200
404
200
404
200
404
404
200
404
200
200
404
200
200","More than one page is linked for the same language
Some pages are not returning 200 status code",13148675445431234075,46,46
22,https://solvemymedia.com/fr/transcrire,"Transcription audio et vidéo - AI Speech to Text - SolveMyMedia
SolveMyMedia - Free Online Media Optimization Tools",text/html; charset=utf-8,false,200,0,true,"https://solvemymedia.com/ar/nasg-alsawt
https://solvemymedia.com/ar/nskh
https://solvemymedia.com/cs/prepsat
https://solvemymedia.com/da/transskriber
https://solvemymedia.com/da/transskribere
https://solvemymedia.com/de/transkribieren
https://solvemymedia.com/el/antigrafo
https://solvemymedia.com/el/apografos
https://solvemymedia.com/es/transcribir
https://solvemymedia.com/fi/litteroi
https://solvemymedia.com/fi/litteroida
https://solvemymedia.com/fr/transcrire
https://solvemymedia.com/he/ltaateq
https://solvemymedia.com/he/taktur
https://solvemymedia.com/hi/transcript-kare
https://solvemymedia.com/hi/ttaaip-krnaa
https://solvemymedia.com/hu/atiratas
https://solvemymedia.com/hu/lemasol
https://solvemymedia.com/id/menuliskan
https://solvemymedia.com/it/trascrivere
https://solvemymedia.com/it/trascrivi
https://solvemymedia.com/ja/zhuan-xie-suru
https://solvemymedia.com/ko/gocyeo-sseuda
https://solvemymedia.com/ko/teuksi-keurib
https://solvemymedia.com/ms/transkripsi
https://solvemymedia.com/nl/transcriberen
https://solvemymedia.com/no/transkriben
https://solvemymedia.com/no/transkribere
https://solvemymedia.com/pl/rozpisac
https://solvemymedia.com/pl/transkrybuj
https://solvemymedia.com/pt/transcrever
https://solvemymedia.com/ro/transcrie
https://solvemymedia.com/ru/perepisyvat
https://solvemymedia.com/ru/transkribirovat
https://solvemymedia.com/sk/prepis
https://solvemymedia.com/sk/prepisovat
https://solvemymedia.com/sv/transkribera
https://solvemymedia.com/th/thdesiiyng
https://solvemymedia.com/th/thod-siang
https://solvemymedia.com/tr/metne-donustur
https://solvemymedia.com/tr/uyarlamak
https://solvemymedia.com/transcribe
https://solvemymedia.com/transcribe
https://solvemymedia.com/uk/transkriba
https://solvemymedia.com/uk/transkribuvati
https://solvemymedia.com/vi/chep-lai
https://solvemymedia.com/vi/sao-chep-am-thanh
https://solvemymedia.com/zh/lu-zhi
https://solvemymedia.com/zh/zhuan-lu","404
200
200
404
200
200
200
404
200
404
200
200
404
404
404
200
404
200
200
200
404
200
200
404
200
200
404
200
200
404
200
200
200
404
404
404
200
200
404
404
200
200
200
404
200
200
404
200
404","More than one page is linked for the same language
Some pages don't include hreflang links to all the other pages of the group
Some pages are not returning 200 status code",1124245034427686738,45,45
22,https://solvemymedia.com/es/transcribir,"Transcripción de audio y vídeo: voz a texto con IA - SolveMyMedia
SolveMyMedia - Free Online Media Optimization Tools",text/html; charset=utf-8,false,200,0,true,"https://solvemymedia.com/ar/nasg-alsawt
https://solvemymedia.com/ar/nskh
https://solvemymedia.com/cs/prepsat
https://solvemymedia.com/da/transskriber
https://solvemymedia.com/da/transskribere
https://solvemymedia.com/de/transkribieren
https://solvemymedia.com/el/antigrafo
https://solvemymedia.com/el/apografos
https://solvemymedia.com/es/transcribir
https://solvemymedia.com/fi/litteroi
https://solvemymedia.com/fi/litteroida
https://solvemymedia.com/fr/transcrire
https://solvemymedia.com/he/ltaateq
https://solvemymedia.com/he/taktur
https://solvemymedia.com/hi/transcript-kare
https://solvemymedia.com/hi/ttaaip-krnaa
https://solvemymedia.com/hu/atiratas
https://solvemymedia.com/hu/lemasol
https://solvemymedia.com/id/menuliskan
https://solvemymedia.com/it/trascrivere
https://solvemymedia.com/it/trascrivi
https://solvemymedia.com/ja/zhuan-xie-suru
https://solvemymedia.com/ko/gocyeo-sseuda
https://solvemymedia.com/ko/teuksi-keurib
https://solvemymedia.com/ms/transkripsi
https://solvemymedia.com/nl/transcriberen
https://solvemymedia.com/no/transkriben
https://solvemymedia.com/no/transkribere
https://solvemymedia.com/pl/rozpisac
https://solvemymedia.com/pl/transkrybuj
https://solvemymedia.com/pt/transcrever
https://solvemymedia.com/ro/transcrie
https://solvemymedia.com/ru/perepisyvat
https://solvemymedia.com/ru/transkribirovat
https://solvemymedia.com/sk/prepis
https://solvemymedia.com/sk/prepisovat
https://solvemymedia.com/sv/transkribera
https://solvemymedia.com/th/thdesiiyng
https://solvemymedia.com/th/thod-siang
https://solvemymedia.com/tr/metne-donustur
https://solvemymedia.com/tr/uyarlamak
https://solvemymedia.com/transcribe
https://solvemymedia.com/transcribe
https://solvemymedia.com/uk/transkriba
https://solvemymedia.com/uk/transkribuvati
https://solvemymedia.com/vi/chep-lai
https://solvemymedia.com/vi/sao-chep-am-thanh
https://solvemymedia.com/zh/lu-zhi
https://solvemymedia.com/zh/zhuan-lu","404
200
200
404
200
200
200
404
200
404
200
200
404
404
404
200
404
200
200
200
404
200
200
404
200
200
404
200
200
404
200
200
200
404
404
404
200
200
404
404
200
200
200
404
200
200
404
200
404","More than one page is linked for the same language
Some pages don't include hreflang links to all the other pages of the group
Some pages are not returning 200 status code",1124245034427686738,45,45
22,https://solvemymedia.com/de/wasserzeichen-video,"Fügen Sie dem Video ein Wasserzeichen hinzu – schützen Sie Ihre Medien - SolveMyMedia
SolveMyMedia - Free Online Media Optimization Tools",text/html; charset=utf-8,false,200,0,true,"https://solvemymedia.com/ar/alaalm-almayy-alfidyo
https://solvemymedia.com/ar/fydyw-laalm-lmyy
https://solvemymedia.com/cs/video-s-vodoznakem
https://solvemymedia.com/cs/vodoznak-video
https://solvemymedia.com/da/vandmaerke-video
https://solvemymedia.com/de/wasserzeichen-video
https://solvemymedia.com/el/ydatografima-vinteo
https://solvemymedia.com/el/ydroshimo-video
https://solvemymedia.com/es/video-de-marca-de-agua
https://solvemymedia.com/fi/vesileima-video
https://solvemymedia.com/fr/video-en-filigrane
https://solvemymedia.com/he/siman-mayim-video
https://solvemymedia.com/he/srtvn-symn-mym
https://solvemymedia.com/hi/video-watermark
https://solvemymedia.com/hi/vonttrmaark-viiddiyo
https://solvemymedia.com/hu/video-vizjel
https://solvemymedia.com/hu/vizjel-video
https://solvemymedia.com/id/video-tanda-air
https://solvemymedia.com/it/filigrana-video
https://solvemymedia.com/it/video-filigrana
https://solvemymedia.com/ja/tou-kasibideo
https://solvemymedia.com/ko/bidio-wotomakeu
https://solvemymedia.com/ko/weoteomakeu-bidio
https://solvemymedia.com/ms/tera-air-video
https://solvemymedia.com/ms/video-tera-air
https://solvemymedia.com/nl/video-watermerk
https://solvemymedia.com/nl/watermerkvideo
https://solvemymedia.com/no/vannmerke-video
https://solvemymedia.com/pl/wideo-ze-znakiem-wodnym
https://solvemymedia.com/pl/znak-wodny-wideo
https://solvemymedia.com/pt/marca-dagua-no-video
https://solvemymedia.com/pt/video-de-marca-dagua
https://solvemymedia.com/ro/filigran-video
https://solvemymedia.com/ru/video-s-vodyanymi-znakami
https://solvemymedia.com/ru/vodnoy-znak-video
https://solvemymedia.com/sk/video-s-vodoznakom
https://solvemymedia.com/sk/vodoznak-video
https://solvemymedia.com/sv/vattenstampel-video
https://solvemymedia.com/th/lomrak-num-wideo
https://solvemymedia.com/th/widiiolaaynam
https://solvemymedia.com/tr/filigran-videosu
https://solvemymedia.com/tr/video-filigran
https://solvemymedia.com/uk/video-z-vodyanim-znakom
https://solvemymedia.com/uk/vodyanyi-znak-video
https://solvemymedia.com/vi/hinh-mo-video
https://solvemymedia.com/vi/them-chu-ky-video
https://solvemymedia.com/watermark-video
https://solvemymedia.com/watermark-video
https://solvemymedia.com/zh/shi-pin-shui-yin
https://solvemymedia.com/zh/shui-yin-shi-pin","404
200
200
404
200
200
200
404
200
200
200
404
404
404
200
404
200
200
404
200
200
404
200
404
200
404
200
200
200
404
404
200
200
200
404
404
404
200
404
200
200
404
200
404
200
404
200
200
404
200","More than one page is linked for the same language
Some pages are not returning 200 status code",6799426939014814430,46,46
22,https://solvemymedia.com/pl/rejestrator,"Rejestrator ekranu i dźwięku — bezpłatne nagrywanie w studiu - SolveMyMedia
SolveMyMedia - Free Online Media Optimization Tools",text/html; charset=utf-8,false,200,0,true,"https://solvemymedia.com/ar/mjl-alshashat
https://solvemymedia.com/ar/msjl
https://solvemymedia.com/cs/zaznamnik
https://solvemymedia.com/da/optager
https://solvemymedia.com/de/recorder
https://solvemymedia.com/el/egrafos
https://solvemymedia.com/el/mihanima-eggrafis
https://solvemymedia.com/es/grabadora
https://solvemymedia.com/fi/tallennin
https://solvemymedia.com/fi/tallennus
https://solvemymedia.com/fr/enregistreur
https://solvemymedia.com/he/maqliyt
https://solvemymedia.com/he/mekolet
https://solvemymedia.com/hi/recorder
https://solvemymedia.com/hi/rikonrddr
https://solvemymedia.com/hu/felvetel
https://solvemymedia.com/hu/felvevo
https://solvemymedia.com/id/perekam
https://solvemymedia.com/it/registratore
https://solvemymedia.com/ja/rekoda
https://solvemymedia.com/ko/giroggye
https://solvemymedia.com/ko/rikhoda
https://solvemymedia.com/ms/perakam
https://solvemymedia.com/nl/opnameapparaat
https://solvemymedia.com/nl/recorder
https://solvemymedia.com/no/opptak
https://solvemymedia.com/no/opptaker
https://solvemymedia.com/pl/rejestrator
https://solvemymedia.com/pt/gravador
https://solvemymedia.com/pt/gravadora
https://solvemymedia.com/recorder
https://solvemymedia.com/recorder
https://solvemymedia.com/ro/inregistrator
https://solvemymedia.com/ro/recorder
https://solvemymedia.com/ru/diktofon
https://solvemymedia.com/ru/zapis
https://solvemymedia.com/sk/zaznamnik
https://solvemymedia.com/sv/inspelare
https://solvemymedia.com/sv/inspelning
https://solvemymedia.com/th/banthuek
https://solvemymedia.com/th/ekhruuengbanthuek
https://solvemymedia.com/tr/ekran-kaydet
https://solvemymedia.com/tr/kaydedici
https://solvemymedia.com/uk/diktofon
https://solvemymedia.com/uk/zapis-ekrana
https://solvemymedia.com/vi/may-ghi-am
https://solvemymedia.com/zh/lu-yin-ji
https://solvemymedia.com/zh/lu-zhi","404
200
200
200
200
404
200
200
200
404
200
404
404
404
200
404
200
200
200
200
200
404
200
200
404
404
200
200
404
200
200
200
404
200
200
404
404
200
404
404
200
404
200
200
404
200
200
200","More than one page is linked for the same language
Some pages don't include hreflang links to all the other pages of the group
Some pages are not returning 200 status code",774500295674417905,45,45
22,https://solvemymedia.com/da/optager,"Skærm- og lydoptager - Gratis studieoptagelse - SolveMyMedia
SolveMyMedia - Free Online Media Optimization Tools",text/html; charset=utf-8,false,200,0,true,"https://solvemymedia.com/ar/mjl-alshashat
https://solvemymedia.com/ar/msjl
https://solvemymedia.com/cs/zaznamnik
https://solvemymedia.com/da/optager
https://solvemymedia.com/de/recorder
https://solvemymedia.com/el/egrafos
https://solvemymedia.com/el/mihanima-eggrafis
https://solvemymedia.com/es/grabadora
https://solvemymedia.com/fi/tallennin
https://solvemymedia.com/fi/tallennus
https://solvemymedia.com/fr/enregistreur
https://solvemymedia.com/he/maqliyt
https://solvemymedia.com/he/mekolet
https://solvemymedia.com/hi/recorder
https://solvemymedia.com/hi/rikonrddr
https://solvemymedia.com/hu/felvetel
https://solvemymedia.com/hu/felvevo
https://solvemymedia.com/id/perekam
https://solvemymedia.com/it/registratore
https://solvemymedia.com/ja/rekoda
https://solvemymedia.com/ko/giroggye
https://solvemymedia.com/ko/rikhoda
https://solvemymedia.com/ms/perakam
https://solvemymedia.com/nl/opnameapparaat
https://solvemymedia.com/nl/recorder
https://solvemymedia.com/no/opptak
https://solvemymedia.com/no/opptaker
https://solvemymedia.com/pl/rejestrator
https://solvemymedia.com/pt/gravador
https://solvemymedia.com/pt/gravadora
https://solvemymedia.com/recorder
https://solvemymedia.com/recorder
https://solvemymedia.com/ro/inregistrator
https://solvemymedia.com/ro/recorder
https://solvemymedia.com/ru/diktofon
https://solvemymedia.com/ru/zapis
https://solvemymedia.com/sk/zaznamnik
https://solvemymedia.com/sv/inspelare
https://solvemymedia.com/sv/inspelning
https://solvemymedia.com/th/banthuek
https://solvemymedia.com/th/ekhruuengbanthuek
https://solvemymedia.com/tr/ekran-kaydet
https://solvemymedia.com/tr/kaydedici
https://solvemymedia.com/uk/diktofon
https://solvemymedia.com/uk/zapis-ekrana
https://solvemymedia.com/vi/may-ghi-am
https://solvemymedia.com/zh/lu-yin-ji
https://solvemymedia.com/zh/lu-zhi","404
200
200
200
200
404
200
200
200
404
200
404
404
404
200
404
200
200
200
200
200
404
200
200
404
404
200
200
404
200
200
200
404
200
200
404
404
200
404
404
200
404
200
200
404
200
200
200","More than one page is linked for the same language
Some pages don't include hreflang links to all the other pages of the group
Some pages are not returning 200 status code",774500295674417905,45,45
22,https://solvemymedia.com/ms/transkripsi,"Transkripsi Audio & Video - Pertuturan AI ke Teks - SolveMyMedia
SolveMyMedia - Free Online Media Optimization Tools",text/html; charset=utf-8,false,200,0,true,"https://solvemymedia.com/ar/nasg-alsawt
https://solvemymedia.com/ar/nskh
https://solvemymedia.com/cs/prepsat
https://solvemymedia.com/da/transskriber
https://solvemymedia.com/da/transskribere
https://solvemymedia.com/de/transkribieren
https://solvemymedia.com/el/antigrafo
https://solvemymedia.com/el/apografos
https://solvemymedia.com/es/transcribir
https://solvemymedia.com/fi/litteroi
https://solvemymedia.com/fi/litteroida
https://solvemymedia.com/fr/transcrire
https://solvemymedia.com/he/ltaateq
https://solvemymedia.com/he/taktur
https://solvemymedia.com/hi/transcript-kare
https://solvemymedia.com/hi/ttaaip-krnaa
https://solvemymedia.com/hu/atiratas
https://solvemymedia.com/hu/lemasol
https://solvemymedia.com/id/menuliskan
https://solvemymedia.com/it/trascrivere
https://solvemymedia.com/it/trascrivi
https://solvemymedia.com/ja/zhuan-xie-suru
https://solvemymedia.com/ko/gocyeo-sseuda
https://solvemymedia.com/ko/teuksi-keurib
https://solvemymedia.com/ms/transkripsi
https://solvemymedia.com/nl/transcriberen
https://solvemymedia.com/no/transkriben
https://solvemymedia.com/no/transkribere
https://solvemymedia.com/pl/rozpisac
https://solvemymedia.com/pl/transkrybuj
https://solvemymedia.com/pt/transcrever
https://solvemymedia.com/ro/transcrie
https://solvemymedia.com/ru/perepisyvat
https://solvemymedia.com/ru/transkribirovat
https://solvemymedia.com/sk/prepis
https://solvemymedia.com/sk/prepisovat
https://solvemymedia.com/sv/transkribera
https://solvemymedia.com/th/thdesiiyng
https://solvemymedia.com/th/thod-siang
https://solvemymedia.com/tr/metne-donustur
https://solvemymedia.com/tr/uyarlamak
https://solvemymedia.com/transcribe
https://solvemymedia.com/transcribe
https://solvemymedia.com/uk/transkriba
https://solvemymedia.com/uk/transkribuvati
https://solvemymedia.com/vi/chep-lai
https://solvemymedia.com/vi/sao-chep-am-thanh
https://solvemymedia.com/zh/lu-zhi
https://solvemymedia.com/zh/zhuan-lu","404
200
200
404
200
200
200
404
200
404
200
200
404
404
404
200
404
200
200
200
404
200
200
404
200
200
404
200
200
404
200
200
200
404
404
404
200
200
404
404
200
200
200
404
200
200
404
200
404","More than one page is linked for the same language
Some pages don't include hreflang links to all the other pages of the group
Some pages are not returning 200 status code",1124245034427686738,45,45
22,https://solvemymedia.com/vi/may-ghi-am,"Trình ghi màn hình & âm thanh - Ghi âm phòng thu miễn phí - SolveMyMedia
SolveMyMedia - Free Online Media Optimization Tools",text/html; charset=utf-8,false,200,0,true,"https://solvemymedia.com/ar/mjl-alshashat
https://solvemymedia.com/ar/msjl
https://solvemymedia.com/cs/zaznamnik
https://solvemymedia.com/da/optager
https://solvemymedia.com/de/recorder
https://solvemymedia.com/el/egrafos
https://solvemymedia.com/el/mihanima-eggrafis
https://solvemymedia.com/es/grabadora
https://solvemymedia.com/fi/tallennin
https://solvemymedia.com/fi/tallennus
https://solvemymedia.com/fr/enregistreur
https://solvemymedia.com/he/maqliyt
https://solvemymedia.com/he/mekolet
https://solvemymedia.com/hi/recorder
https://solvemymedia.com/hi/rikonrddr
https://solvemymedia.com/hu/felvetel
https://solvemymedia.com/hu/felvevo
https://solvemymedia.com/id/perekam
https://solvemymedia.com/it/registratore
https://solvemymedia.com/ja/rekoda
https://solvemymedia.com/ko/giroggye
https://solvemymedia.com/ko/rikhoda
https://solvemymedia.com/ms/perakam
https://solvemymedia.com/nl/opnameapparaat
https://solvemymedia.com/nl/recorder
https://solvemymedia.com/no/opptak
https://solvemymedia.com/no/opptaker
https://solvemymedia.com/pl/rejestrator
https://solvemymedia.com/pt/gravador
https://solvemymedia.com/pt/gravadora
https://solvemymedia.com/recorder
https://solvemymedia.com/recorder
https://solvemymedia.com/ro/inregistrator
https://solvemymedia.com/ro/recorder
https://solvemymedia.com/ru/diktofon
https://solvemymedia.com/ru/zapis
https://solvemymedia.com/sk/zaznamnik
https://solvemymedia.com/sv/inspelare
https://solvemymedia.com/sv/inspelning
https://solvemymedia.com/th/banthuek
https://solvemymedia.com/th/ekhruuengbanthuek
https://solvemymedia.com/tr/ekran-kaydet
https://solvemymedia.com/tr/kaydedici
https://solvemymedia.com/uk/diktofon
https://solvemymedia.com/uk/zapis-ekrana
https://solvemymedia.com/vi/may-ghi-am
https://solvemymedia.com/zh/lu-yin-ji
https://solvemymedia.com/zh/lu-zhi","404
200
200
200
200
404
200
200
200
404
200
404
404
404
200
404
200
200
200
200
200
404
200
200
404
404
200
200
404
200
200
200
404
200
200
404
404
200
404
404
200
404
200
200
404
200
200
200","More than one page is linked for the same language
Some pages don't include hreflang links to all the other pages of the group
Some pages are not returning 200 status code",774500295674417905,45,45
22,https://solvemymedia.com/de/recorder,"Bildschirm- und Audiorecorder – Kostenlose Studioaufnahme - SolveMyMedia
SolveMyMedia - Free Online Media Optimization Tools",text/html; charset=utf-8,false,200,0,true,"https://solvemymedia.com/ar/mjl-alshashat
https://solvemymedia.com/ar/msjl
https://solvemymedia.com/cs/zaznamnik
https://solvemymedia.com/da/optager
https://solvemymedia.com/de/recorder
https://solvemymedia.com/el/egrafos
https://solvemymedia.com/el/mihanima-eggrafis
https://solvemymedia.com/es/grabadora
https://solvemymedia.com/fi/tallennin
https://solvemymedia.com/fi/tallennus
https://solvemymedia.com/fr/enregistreur
https://solvemymedia.com/he/maqliyt
https://solvemymedia.com/he/mekolet
https://solvemymedia.com/hi/recorder
https://solvemymedia.com/hi/rikonrddr
https://solvemymedia.com/hu/felvetel
https://solvemymedia.com/hu/felvevo
https://solvemymedia.com/id/perekam
https://solvemymedia.com/it/registratore
https://solvemymedia.com/ja/rekoda
https://solvemymedia.com/ko/giroggye
https://solvemymedia.com/ko/rikhoda
https://solvemymedia.com/ms/perakam
https://solvemymedia.com/nl/opnameapparaat
https://solvemymedia.com/nl/recorder
https://solvemymedia.com/no/opptak
https://solvemymedia.com/no/opptaker
https://solvemymedia.com/pl/rejestrator
https://solvemymedia.com/pt/gravador
https://solvemymedia.com/pt/gravadora
https://solvemymedia.com/recorder
https://solvemymedia.com/recorder
https://solvemymedia.com/ro/inregistrator
https://solvemymedia.com/ro/recorder
https://solvemymedia.com/ru/diktofon
https://solvemymedia.com/ru/zapis
https://solvemymedia.com/sk/zaznamnik
https://solvemymedia.com/sv/inspelare
https://solvemymedia.com/sv/inspelning
https://solvemymedia.com/th/banthuek
https://solvemymedia.com/th/ekhruuengbanthuek
https://solvemymedia.com/tr/ekran-kaydet
https://solvemymedia.com/tr/kaydedici
https://solvemymedia.com/uk/diktofon
https://solvemymedia.com/uk/zapis-ekrana
https://solvemymedia.com/vi/may-ghi-am
https://solvemymedia.com/zh/lu-yin-ji
https://solvemymedia.com/zh/lu-zhi","404
200
200
200
200
404
200
200
200
404
200
404
404
404
200
404
200
200
200
200
200
404
200
200
404
404
200
200
404
200
200
200
404
200
200
404
404
200
404
404
200
404
200
200
404
200
200
200","More than one page is linked for the same language
Some pages don't include hreflang links to all the other pages of the group
Some pages are not returning 200 status code",774500295674417905,45,45
22,https://solvemymedia.com/id/bisukan-video,"Bisukan Video Online - Hapus Audio dari Video - SolveMyMedia
SolveMyMedia - Free Online Media Optimization Tools",text/html; charset=utf-8,false,200,0,true,"https://solvemymedia.com/ar/ktm-lfydyw
https://solvemymedia.com/ar/ktmalfidyo
https://solvemymedia.com/cs/ztlumit-video
https://solvemymedia.com/da/daempe-video
https://solvemymedia.com/da/sluk-for-video
https://solvemymedia.com/de/video-stumm-schalten
https://solvemymedia.com/el/afonos-video
https://solvemymedia.com/el/sigasi-vinteo
https://solvemymedia.com/es/silenciar-video
https://solvemymedia.com/fi/mykista-video
https://solvemymedia.com/fi/mykistaa-videon
https://solvemymedia.com/fr/video-muette
https://solvemymedia.com/he/hashket-video
https://solvemymedia.com/he/hshtqt-srtvn
https://solvemymedia.com/hi/video-mute-kare
https://solvemymedia.com/hi/viiddiyo-myuutt-kren
https://solvemymedia.com/hu/video-eln%C3%A9mitasa
https://solvemymedia.com/hu/video-nemitasa
https://solvemymedia.com/id/bisukan-video
https://solvemymedia.com/it/silenzia-video
https://solvemymedia.com/it/video-muto
https://solvemymedia.com/ja/bideowomiyutosuru
https://solvemymedia.com/ko/bidio-eumso-ggeugi
https://solvemymedia.com/ko/yeongsang-eumsogeo
https://solvemymedia.com/ms/bisu-video
https://solvemymedia.com/ms/senyap-video
https://solvemymedia.com/mute-video
https://solvemymedia.com/mute-video
https://solvemymedia.com/nl/video-dempen
https://solvemymedia.com/no/demp-video
https://solvemymedia.com/no/dempe-video
https://solvemymedia.com/pl/wycisz-wideo
https://solvemymedia.com/pl/wyciszenie-wideo
https://solvemymedia.com/pt/silenciar-video
https://solvemymedia.com/ro/mute-video
https://solvemymedia.com/ro/sunetul-video
https://solvemymedia.com/ru/otkluchit-zvuk-video
https://solvemymedia.com/ru/otklyuchit-video
https://solvemymedia.com/sk/stlmit-video
https://solvemymedia.com/sv/tyst-video
https://solvemymedia.com/sv/tystad-video
https://solvemymedia.com/th/pid-siang-wideo
https://solvemymedia.com/th/pidesiiyngwidiio
https://solvemymedia.com/tr/video-sessiz
https://solvemymedia.com/tr/videoyu-kapat
https://solvemymedia.com/uk/vimknuti-video
https://solvemymedia.com/uk/vimknuti-zvuk-video
https://solvemymedia.com/vi/tat-tieng-video
https://solvemymedia.com/zh/jing-yin-shi-pin","200
404
200
200
404
200
404
200
200
404
200
200
404
404
404
200
404
200
200
404
200
200
404
200
200
404
200
200
200
404
200
404
200
200
404
200
404
200
404
200
404
404
200
404
200
200
404
200
200","More than one page is linked for the same language
Some pages are not returning 200 status code",13148675445431234075,46,46
22,https://solvemymedia.com/cs/prepsat,"Přepis zvuku a videa – AI řeč na text - SolveMyMedia
SolveMyMedia - Free Online Media Optimization Tools",text/html; charset=utf-8,false,200,0,true,"https://solvemymedia.com/ar/nasg-alsawt
https://solvemymedia.com/ar/nskh
https://solvemymedia.com/cs/prepsat
https://solvemymedia.com/da/transskriber
https://solvemymedia.com/da/transskribere
https://solvemymedia.com/de/transkribieren
https://solvemymedia.com/el/antigrafo
https://solvemymedia.com/el/apografos
https://solvemymedia.com/es/transcribir
https://solvemymedia.com/fi/litteroi
https://solvemymedia.com/fi/litteroida
https://solvemymedia.com/fr/transcrire
https://solvemymedia.com/he/ltaateq
https://solvemymedia.com/he/taktur
https://solvemymedia.com/hi/transcript-kare
https://solvemymedia.com/hi/ttaaip-krnaa
https://solvemymedia.com/hu/atiratas
https://solvemymedia.com/hu/lemasol
https://solvemymedia.com/id/menuliskan
https://solvemymedia.com/it/trascrivere
https://solvemymedia.com/it/trascrivi
https://solvemymedia.com/ja/zhuan-xie-suru
https://solvemymedia.com/ko/gocyeo-sseuda
https://solvemymedia.com/ko/teuksi-keurib
https://solvemymedia.com/ms/transkripsi
https://solvemymedia.com/nl/transcriberen
https://solvemymedia.com/no/transkriben
https://solvemymedia.com/no/transkribere
https://solvemymedia.com/pl/rozpisac
https://solvemymedia.com/pl/transkrybuj
https://solvemymedia.com/pt/transcrever
https://solvemymedia.com/ro/transcrie
https://solvemymedia.com/ru/perepisyvat
https://solvemymedia.com/ru/transkribirovat
https://solvemymedia.com/sk/prepis
https://solvemymedia.com/sk/prepisovat
https://solvemymedia.com/sv/transkribera
https://solvemymedia.com/th/thdesiiyng
https://solvemymedia.com/th/thod-siang
https://solvemymedia.com/tr/metne-donustur
https://solvemymedia.com/tr/uyarlamak
https://solvemymedia.com/transcribe
https://solvemymedia.com/transcribe
https://solvemymedia.com/uk/transkriba
https://solvemymedia.com/uk/transkribuvati
https://solvemymedia.com/vi/chep-lai
https://solvemymedia.com/vi/sao-chep-am-thanh
https://solvemymedia.com/zh/lu-zhi
https://solvemymedia.com/zh/zhuan-lu","404
200
200
404
200
200
200
404
200
404
200
200
404
404
404
200
404
200
200
200
404
200
200
404
200
200
404
200
200
404
200
200
200
404
404
404
200
200
404
404
200
200
200
404
200
200
404
200
404","More than one page is linked for the same language
Some pages don't include hreflang links to all the other pages of the group
Some pages are not returning 200 status code",1124245034427686738,45,45
22,https://solvemymedia.com/ms/perakam,"Perakam Skrin & Audio - Rakaman Studio Percuma - SolveMyMedia
SolveMyMedia - Free Online Media Optimization Tools",text/html; charset=utf-8,false,200,0,true,"https://solvemymedia.com/ar/mjl-alshashat
https://solvemymedia.com/ar/msjl
https://solvemymedia.com/cs/zaznamnik
https://solvemymedia.com/da/optager
https://solvemymedia.com/de/recorder
https://solvemymedia.com/el/egrafos
https://solvemymedia.com/el/mihanima-eggrafis
https://solvemymedia.com/es/grabadora
https://solvemymedia.com/fi/tallennin
https://solvemymedia.com/fi/tallennus
https://solvemymedia.com/fr/enregistreur
https://solvemymedia.com/he/maqliyt
https://solvemymedia.com/he/mekolet
https://solvemymedia.com/hi/recorder
https://solvemymedia.com/hi/rikonrddr
https://solvemymedia.com/hu/felvetel
https://solvemymedia.com/hu/felvevo
https://solvemymedia.com/id/perekam
https://solvemymedia.com/it/registratore
https://solvemymedia.com/ja/rekoda
https://solvemymedia.com/ko/giroggye
https://solvemymedia.com/ko/rikhoda
https://solvemymedia.com/ms/perakam
https://solvemymedia.com/nl/opnameapparaat
https://solvemymedia.com/nl/recorder
https://solvemymedia.com/no/opptak
https://solvemymedia.com/no/opptaker
https://solvemymedia.com/pl/rejestrator
https://solvemymedia.com/pt/gravador
https://solvemymedia.com/pt/gravadora
https://solvemymedia.com/recorder
https://solvemymedia.com/recorder
https://solvemymedia.com/ro/inregistrator
https://solvemymedia.com/ro/recorder
https://solvemymedia.com/ru/diktofon
https://solvemymedia.com/ru/zapis
https://solvemymedia.com/sk/zaznamnik
https://solvemymedia.com/sv/inspelare
https://solvemymedia.com/sv/inspelning
https://solvemymedia.com/th/banthuek
https://solvemymedia.com/th/ekhruuengbanthuek
https://solvemymedia.com/tr/ekran-kaydet
https://solvemymedia.com/tr/kaydedici
https://solvemymedia.com/uk/diktofon
https://solvemymedia.com/uk/zapis-ekrana
https://solvemymedia.com/vi/may-ghi-am
https://solvemymedia.com/zh/lu-yin-ji
https://solvemymedia.com/zh/lu-zhi","404
200
200
200
200
404
200
200
200
404
200
404
404
404
200
404
200
200
200
200
200
404
200
200
404
404
200
200
404
200
200
200
404
200
200
404
404
200
404
404
200
404
200
200
404
200
200
200","More than one page is linked for the same language
Some pages don't include hreflang links to all the other pages of the group
Some pages are not returning 200 status code",774500295674417905,45,45
22,https://solvemymedia.com/ja/zhuan-xie-suru,"オーディオとビデオの文字起こし - AI 音声をテキストに変換 - SolveMyMedia
SolveMyMedia - Free Online Media Optimization Tools",text/html; charset=utf-8,false,200,0,true,"https://solvemymedia.com/ar/nasg-alsawt
https://solvemymedia.com/ar/nskh
https://solvemymedia.com/cs/prepsat
https://solvemymedia.com/da/transskriber
https://solvemymedia.com/da/transskribere
https://solvemymedia.com/de/transkribieren
https://solvemymedia.com/el/antigrafo
https://solvemymedia.com/el/apografos
https://solvemymedia.com/es/transcribir
https://solvemymedia.com/fi/litteroi
https://solvemymedia.com/fi/litteroida
https://solvemymedia.com/fr/transcrire
https://solvemymedia.com/he/ltaateq
https://solvemymedia.com/he/taktur
https://solvemymedia.com/hi/transcript-kare
https://solvemymedia.com/hi/ttaaip-krnaa
https://solvemymedia.com/hu/atiratas
https://solvemymedia.com/hu/lemasol
https://solvemymedia.com/id/menuliskan
https://solvemymedia.com/it/trascrivere
https://solvemymedia.com/it/trascrivi
https://solvemymedia.com/ja/zhuan-xie-suru
https://solvemymedia.com/ko/gocyeo-sseuda
https://solvemymedia.com/ko/teuksi-keurib
https://solvemymedia.com/ms/transkripsi
https://solvemymedia.com/nl/transcriberen
https://solvemymedia.com/no/transkriben
https://solvemymedia.com/no/transkribere
https://solvemymedia.com/pl/rozpisac
https://solvemymedia.com/pl/transkrybuj
https://solvemymedia.com/pt/transcrever
https://solvemymedia.com/ro/transcrie
https://solvemymedia.com/ru/perepisyvat
https://solvemymedia.com/ru/transkribirovat
https://solvemymedia.com/sk/prepis
https://solvemymedia.com/sk/prepisovat
https://solvemymedia.com/sv/transkribera
https://solvemymedia.com/th/thdesiiyng
https://solvemymedia.com/th/thod-siang
https://solvemymedia.com/tr/metne-donustur
https://solvemymedia.com/tr/uyarlamak
https://solvemymedia.com/transcribe
https://solvemymedia.com/transcribe
https://solvemymedia.com/uk/transkriba
https://solvemymedia.com/uk/transkribuvati
https://solvemymedia.com/vi/chep-lai
https://solvemymedia.com/vi/sao-chep-am-thanh
https://solvemymedia.com/zh/lu-zhi
https://solvemymedia.com/zh/zhuan-lu","404
200
200
404
200
200
200
404
200
404
200
200
404
404
404
200
404
200
200
200
404
200
200
404
200
200
404
200
200
404
200
200
200
404
404
404
200
200
404
404
200
200
200
404
200
200
404
200
404","More than one page is linked for the same language
Some pages don't include hreflang links to all the other pages of the group
Some pages are not returning 200 status code",1124245034427686738,45,45
22,https://solvemymedia.com/id/audio-berfungsi,"Gabungkan File Audio - Penggabung Audio Gratis - SolveMyMedia
SolveMyMedia - Free Online Media Optimization Tools",text/html; charset=utf-8,false,200,0,true,"https://solvemymedia.com/ar/aaml-swty
https://solvemymedia.com/ar/dmj-alsawt
https://solvemymedia.com/cs/audio-funguje
https://solvemymedia.com/cs/sloucit-audio
https://solvemymedia.com/da/flet-lyd
https://solvemymedia.com/da/lyd-virker
https://solvemymedia.com/de/audio-funktioniert
https://solvemymedia.com/el/ihitika-erga
https://solvemymedia.com/el/synergasia-audio
https://solvemymedia.com/es/obras-de-audio
https://solvemymedia.com/fi/aani-toimii
https://solvemymedia.com/fi/yhdista-audio
https://solvemymedia.com/fr/oeuvres-audio
https://solvemymedia.com/he/mizog-audio
https://solvemymedia.com/he/vdyv-vbd
https://solvemymedia.com/hi/audio-merge-kare
https://solvemymedia.com/hi/onddiyo-kaam-krtaa-hai
https://solvemymedia.com/hu/hang-mukodik
https://solvemymedia.com/hu/hang-osszefuzese
https://solvemymedia.com/id/audio-berfungsi
https://solvemymedia.com/it/laudio-funziona
https://solvemymedia.com/it/unisci-audio
https://solvemymedia.com/ja/odeiozuo-pin
https://solvemymedia.com/ko/odio-byeonghap
https://solvemymedia.com/ko/odio-jagdong
https://solvemymedia.com/merge-audio
https://solvemymedia.com/merge-audio
https://solvemymedia.com/ms/audio-berfungsi
https://solvemymedia.com/ms/gabung-audio
https://solvemymedia.com/nl/audio-samenvoegen
https://solvemymedia.com/nl/audio-werkt
https://solvemymedia.com/no/lyd-fungerer
https://solvemymedia.com/no/sla-sammen-lyd
https://solvemymedia.com/pl/dziala-dzwiek
https://solvemymedia.com/pl/polacz-audio
https://solvemymedia.com/pt/audio-funciona
https://solvemymedia.com/pt/mesclar-audio
https://solvemymedia.com/ro/combina-audio
https://solvemymedia.com/ro/merge-audio
https://solvemymedia.com/ru/audio-rabotaet
https://solvemymedia.com/ru/obedinie-audio
https://solvemymedia.com/sk/audio-funguje
https://solvemymedia.com/sk/zlucit-audio
https://solvemymedia.com/sv/ljud-fungerar
https://solvemymedia.com/sv/sla-ihop-ljud
https://solvemymedia.com/th/esiiyngaichngaanaid
https://solvemymedia.com/th/ruwm-audio
https://solvemymedia.com/tr/ses-birlestir
https://solvemymedia.com/tr/ses-isleri
https://solvemymedia.com/uk/audio-roboti
https://solvemymedia.com/uk/obedna-ti-audio
https://solvemymedia.com/vi/am-thanh-hoat-dong
https://solvemymedia.com/vi/gop-am-thanh
https://solvemymedia.com/zh/he-bing-yin-pin
https://solvemymedia.com/zh/yin-pin-zuo-pin","200
404
200
404
404
200
200
200
404
200
200
404
200
404
404
404
200
200
404
200
200
404
200
404
200
200
200
200
404
404
200
200
404
200
404
200
404
404
200
200
404
404
404
200
404
200
404
404
200
200
404
200
404
404
200","More than one page is linked for the same language
Some pages are not returning 200 status code",15338543674765219161,51,51
22,https://solvemymedia.com/ja/bideowomiyutosuru,"オンラインでビデオをミュート - ビデオから音声を削除 - SolveMyMedia
SolveMyMedia - Free Online Media Optimization Tools",text/html; charset=utf-8,false,200,0,true,"https://solvemymedia.com/ar/ktm-lfydyw
https://solvemymedia.com/ar/ktmalfidyo
https://solvemymedia.com/cs/ztlumit-video
https://solvemymedia.com/da/daempe-video
https://solvemymedia.com/da/sluk-for-video
https://solvemymedia.com/de/video-stumm-schalten
https://solvemymedia.com/el/afonos-video
https://solvemymedia.com/el/sigasi-vinteo
https://solvemymedia.com/es/silenciar-video
https://solvemymedia.com/fi/mykista-video
https://solvemymedia.com/fi/mykistaa-videon
https://solvemymedia.com/fr/video-muette
https://solvemymedia.com/he/hashket-video
https://solvemymedia.com/he/hshtqt-srtvn
https://solvemymedia.com/hi/video-mute-kare
https://solvemymedia.com/hi/viiddiyo-myuutt-kren
https://solvemymedia.com/hu/video-eln%C3%A9mitasa
https://solvemymedia.com/hu/video-nemitasa
https://solvemymedia.com/id/bisukan-video
https://solvemymedia.com/it/silenzia-video
https://solvemymedia.com/it/video-muto
https://solvemymedia.com/ja/bideowomiyutosuru
https://solvemymedia.com/ko/bidio-eumso-ggeugi
https://solvemymedia.com/ko/yeongsang-eumsogeo
https://solvemymedia.com/ms/bisu-video
https://solvemymedia.com/ms/senyap-video
https://solvemymedia.com/mute-video
https://solvemymedia.com/mute-video
https://solvemymedia.com/nl/video-dempen
https://solvemymedia.com/no/demp-video
https://solvemymedia.com/no/dempe-video
https://solvemymedia.com/pl/wycisz-wideo
https://solvemymedia.com/pl/wyciszenie-wideo
https://solvemymedia.com/pt/silenciar-video
https://solvemymedia.com/ro/mute-video
https://solvemymedia.com/ro/sunetul-video
https://solvemymedia.com/ru/otkluchit-zvuk-video
https://solvemymedia.com/ru/otklyuchit-video
https://solvemymedia.com/sk/stlmit-video
https://solvemymedia.com/sv/tyst-video
https://solvemymedia.com/sv/tystad-video
https://solvemymedia.com/th/pid-siang-wideo
https://solvemymedia.com/th/pidesiiyngwidiio
https://solvemymedia.com/tr/video-sessiz
https://solvemymedia.com/tr/videoyu-kapat
https://solvemymedia.com/uk/vimknuti-video
https://solvemymedia.com/uk/vimknuti-zvuk-video
https://solvemymedia.com/vi/tat-tieng-video
https://solvemymedia.com/zh/jing-yin-shi-pin","200
404
200
200
404
200
404
200
200
404
200
200
404
404
404
200
404
200
200
404
200
200
404
200
200
404
200
200
200
404
200
404
200
200
404
200
404
200
404
200
404
404
200
404
200
200
404
200
200","More than one page is linked for the same language
Some pages are not returning 200 status code",13148675445431234075,46,46
22,https://solvemymedia.com/zh/lu-zhi,"音频和视频转录 - AI 语音转文本 - SolveMyMedia
SolveMyMedia - Free Online Media Optimization Tools",text/html; charset=utf-8,false,200,0,true,"https://solvemymedia.com/ar/mjl-alshashat
https://solvemymedia.com/ar/nskh
https://solvemymedia.com/cs/prepsat
https://solvemymedia.com/cs/zaznamnik
https://solvemymedia.com/da/optager
https://solvemymedia.com/da/transskribere
https://solvemymedia.com/de/recorder
https://solvemymedia.com/de/transkribieren
https://solvemymedia.com/el/antigrafo
https://solvemymedia.com/el/egrafos
https://solvemymedia.com/es/grabadora
https://solvemymedia.com/es/transcribir
https://solvemymedia.com/fi/litteroida
https://solvemymedia.com/fi/tallennus
https://solvemymedia.com/fr/enregistreur
https://solvemymedia.com/fr/transcrire
https://solvemymedia.com/he/ltaateq
https://solvemymedia.com/he/mekolet
https://solvemymedia.com/hi/recorder
https://solvemymedia.com/hi/ttaaip-krnaa
https://solvemymedia.com/hu/felvetel
https://solvemymedia.com/hu/lemasol
https://solvemymedia.com/id/menuliskan
https://solvemymedia.com/id/perekam
https://solvemymedia.com/it/registratore
https://solvemymedia.com/it/trascrivere
https://solvemymedia.com/ja/rekoda
https://solvemymedia.com/ja/zhuan-xie-suru
https://solvemymedia.com/ko/gocyeo-sseuda
https://solvemymedia.com/ko/rikhoda
https://solvemymedia.com/ms/perakam
https://solvemymedia.com/ms/transkripsi
https://solvemymedia.com/nl/recorder
https://solvemymedia.com/nl/transcriberen
https://solvemymedia.com/no/opptak
https://solvemymedia.com/no/transkribere
https://solvemymedia.com/pl/rejestrator
https://solvemymedia.com/pl/rozpisac
https://solvemymedia.com/pt/gravador
https://solvemymedia.com/pt/transcrever
https://solvemymedia.com/recorder
https://solvemymedia.com/recorder
https://solvemymedia.com/ro/inregistrator
https://solvemymedia.com/ro/transcrie
https://solvemymedia.com/ru/perepisyvat
https://solvemymedia.com/ru/zapis
https://solvemymedia.com/sk/prepisovat
https://solvemymedia.com/sk/zaznamnik
https://solvemymedia.com/sv/inspelning
https://solvemymedia.com/sv/transkribera
https://solvemymedia.com/th/banthuek
https://solvemymedia.com/th/thdesiiyng
https://solvemymedia.com/tr/ekran-kaydet
https://solvemymedia.com/tr/uyarlamak
https://solvemymedia.com/transcribe
https://solvemymedia.com/transcribe
https://solvemymedia.com/uk/transkribuvati
https://solvemymedia.com/uk/zapis-ekrana
https://solvemymedia.com/vi/chep-lai
https://solvemymedia.com/vi/may-ghi-am
https://solvemymedia.com/zh/lu-zhi","404
200
200
200
200
200
200
200
200
404
200
200
200
404
200
200
404
404
404
200
404
200
200
200
200
200
200
200
200
404
200
200
404
200
404
200
200
200
404
200
200
200
404
200
200
404
404
404
404
200
404
200
404
200
200
200
200
404
200
200
200","More than one page is linked for the same language
Some pages don't include hreflang links to all the other pages of the group
Some pages are not returning 200 status code",1124245034427686738,55,55
22,https://solvemymedia.com/es/obras-de-audio,"Fusionar archivos de audio - Audio Joiner gratuito - SolveMyMedia
SolveMyMedia - Free Online Media Optimization Tools",text/html; charset=utf-8,false,200,0,true,"https://solvemymedia.com/ar/aaml-swty
https://solvemymedia.com/ar/dmj-alsawt
https://solvemymedia.com/cs/audio-funguje
https://solvemymedia.com/cs/sloucit-audio
https://solvemymedia.com/da/flet-lyd
https://solvemymedia.com/da/lyd-virker
https://solvemymedia.com/de/audio-funktioniert
https://solvemymedia.com/el/ihitika-erga
https://solvemymedia.com/el/synergasia-audio
https://solvemymedia.com/es/obras-de-audio
https://solvemymedia.com/fi/aani-toimii
https://solvemymedia.com/fi/yhdista-audio
https://solvemymedia.com/fr/oeuvres-audio
https://solvemymedia.com/he/mizog-audio
https://solvemymedia.com/he/vdyv-vbd
https://solvemymedia.com/hi/audio-merge-kare
https://solvemymedia.com/hi/onddiyo-kaam-krtaa-hai
https://solvemymedia.com/hu/hang-mukodik
https://solvemymedia.com/hu/hang-osszefuzese
https://solvemymedia.com/id/audio-berfungsi
https://solvemymedia.com/it/laudio-funziona
https://solvemymedia.com/it/unisci-audio
https://solvemymedia.com/ja/odeiozuo-pin
https://solvemymedia.com/ko/odio-byeonghap
https://solvemymedia.com/ko/odio-jagdong
https://solvemymedia.com/merge-audio
https://solvemymedia.com/merge-audio
https://solvemymedia.com/ms/audio-berfungsi
https://solvemymedia.com/ms/gabung-audio
https://solvemymedia.com/nl/audio-samenvoegen
https://solvemymedia.com/nl/audio-werkt
https://solvemymedia.com/no/lyd-fungerer
https://solvemymedia.com/no/sla-sammen-lyd
https://solvemymedia.com/pl/dziala-dzwiek
https://solvemymedia.com/pl/polacz-audio
https://solvemymedia.com/pt/audio-funciona
https://solvemymedia.com/pt/mesclar-audio
https://solvemymedia.com/ro/combina-audio
https://solvemymedia.com/ro/merge-audio
https://solvemymedia.com/ru/audio-rabotaet
https://solvemymedia.com/ru/obedinie-audio
https://solvemymedia.com/sk/audio-funguje
https://solvemymedia.com/sk/zlucit-audio
https://solvemymedia.com/sv/ljud-fungerar
https://solvemymedia.com/sv/sla-ihop-ljud
https://solvemymedia.com/th/esiiyngaichngaanaid
https://solvemymedia.com/th/ruwm-audio
https://solvemymedia.com/tr/ses-birlestir
https://solvemymedia.com/tr/ses-isleri
https://solvemymedia.com/uk/audio-roboti
https://solvemymedia.com/uk/obedna-ti-audio
https://solvemymedia.com/vi/am-thanh-hoat-dong
https://solvemymedia.com/vi/gop-am-thanh
https://solvemymedia.com/zh/he-bing-yin-pin
https://solvemymedia.com/zh/yin-pin-zuo-pin","200
404
200
404
404
200
200
200
404
200
200
404
200
404
404
404
200
200
404
200
200
404
200
404
200
200
200
200
404
404
200
200
404
200
404
200
404
404
200
200
404
404
404
200
404
200
404
404
200
200
404
200
404
404
200","More than one page is linked for the same language
Some pages are not returning 200 status code",15338543674765219161,51,51
22,https://solvemymedia.com/nl/transcriberen,"Audio- en videotranscriptie - AI-spraak naar tekst - SolveMyMedia
SolveMyMedia - Free Online Media Optimization Tools",text/html; charset=utf-8,false,200,0,true,"https://solvemymedia.com/ar/nasg-alsawt
https://solvemymedia.com/ar/nskh
https://solvemymedia.com/cs/prepsat
https://solvemymedia.com/da/transskriber
https://solvemymedia.com/da/transskribere
https://solvemymedia.com/de/transkribieren
https://solvemymedia.com/el/antigrafo
https://solvemymedia.com/el/apografos
https://solvemymedia.com/es/transcribir
https://solvemymedia.com/fi/litteroi
https://solvemymedia.com/fi/litteroida
https://solvemymedia.com/fr/transcrire
https://solvemymedia.com/he/ltaateq
https://solvemymedia.com/he/taktur
https://solvemymedia.com/hi/transcript-kare
https://solvemymedia.com/hi/ttaaip-krnaa
https://solvemymedia.com/hu/atiratas
https://solvemymedia.com/hu/lemasol
https://solvemymedia.com/id/menuliskan
https://solvemymedia.com/it/trascrivere
https://solvemymedia.com/it/trascrivi
https://solvemymedia.com/ja/zhuan-xie-suru
https://solvemymedia.com/ko/gocyeo-sseuda
https://solvemymedia.com/ko/teuksi-keurib
https://solvemymedia.com/ms/transkripsi
https://solvemymedia.com/nl/transcriberen
https://solvemymedia.com/no/transkriben
https://solvemymedia.com/no/transkribere
https://solvemymedia.com/pl/rozpisac
https://solvemymedia.com/pl/transkrybuj
https://solvemymedia.com/pt/transcrever
https://solvemymedia.com/ro/transcrie
https://solvemymedia.com/ru/perepisyvat
https://solvemymedia.com/ru/transkribirovat
https://solvemymedia.com/sk/prepis
https://solvemymedia.com/sk/prepisovat
https://solvemymedia.com/sv/transkribera
https://solvemymedia.com/th/thdesiiyng
https://solvemymedia.com/th/thod-siang
https://solvemymedia.com/tr/metne-donustur
https://solvemymedia.com/tr/uyarlamak
https://solvemymedia.com/transcribe
https://solvemymedia.com/transcribe
https://solvemymedia.com/uk/transkriba
https://solvemymedia.com/uk/transkribuvati
https://solvemymedia.com/vi/chep-lai
https://solvemymedia.com/vi/sao-chep-am-thanh
https://solvemymedia.com/zh/lu-zhi
https://solvemymedia.com/zh/zhuan-lu","404
200
200
404
200
200
200
404
200
404
200
200
404
404
404
200
404
200
200
200
404
200
200
404
200
200
404
200
200
404
200
200
200
404
404
404
200
200
404
404
200
200
200
404
200
200
404
200
404","More than one page is linked for the same language
Some pages don't include hreflang links to all the other pages of the group
Some pages are not returning 200 status code",1124245034427686738,45,45
22,https://solvemymedia.com/id/video-tanda-air,"Tambahkan Tanda Air ke Video - Lindungi Media Anda - SolveMyMedia
SolveMyMedia - Free Online Media Optimization Tools",text/html; charset=utf-8,false,200,0,true,"https://solvemymedia.com/ar/alaalm-almayy-alfidyo
https://solvemymedia.com/ar/fydyw-laalm-lmyy
https://solvemymedia.com/cs/video-s-vodoznakem
https://solvemymedia.com/cs/vodoznak-video
https://solvemymedia.com/da/vandmaerke-video
https://solvemymedia.com/de/wasserzeichen-video
https://solvemymedia.com/el/ydatografima-vinteo
https://solvemymedia.com/el/ydroshimo-video
https://solvemymedia.com/es/video-de-marca-de-agua
https://solvemymedia.com/fi/vesileima-video
https://solvemymedia.com/fr/video-en-filigrane
https://solvemymedia.com/he/siman-mayim-video
https://solvemymedia.com/he/srtvn-symn-mym
https://solvemymedia.com/hi/video-watermark
https://solvemymedia.com/hi/vonttrmaark-viiddiyo
https://solvemymedia.com/hu/video-vizjel
https://solvemymedia.com/hu/vizjel-video
https://solvemymedia.com/id/video-tanda-air
https://solvemymedia.com/it/filigrana-video
https://solvemymedia.com/it/video-filigrana
https://solvemymedia.com/ja/tou-kasibideo
https://solvemymedia.com/ko/bidio-wotomakeu
https://solvemymedia.com/ko/weoteomakeu-bidio
https://solvemymedia.com/ms/tera-air-video
https://solvemymedia.com/ms/video-tera-air
https://solvemymedia.com/nl/video-watermerk
https://solvemymedia.com/nl/watermerkvideo
https://solvemymedia.com/no/vannmerke-video
https://solvemymedia.com/pl/wideo-ze-znakiem-wodnym
https://solvemymedia.com/pl/znak-wodny-wideo
https://solvemymedia.com/pt/marca-dagua-no-video
https://solvemymedia.com/pt/video-de-marca-dagua
https://solvemymedia.com/ro/filigran-video
https://solvemymedia.com/ru/video-s-vodyanymi-znakami
https://solvemymedia.com/ru/vodnoy-znak-video
https://solvemymedia.com/sk/video-s-vodoznakom
https://solvemymedia.com/sk/vodoznak-video
https://solvemymedia.com/sv/vattenstampel-video
https://solvemymedia.com/th/lomrak-num-wideo
https://solvemymedia.com/th/widiiolaaynam
https://solvemymedia.com/tr/filigran-videosu
https://solvemymedia.com/tr/video-filigran
https://solvemymedia.com/uk/video-z-vodyanim-znakom
https://solvemymedia.com/uk/vodyanyi-znak-video
https://solvemymedia.com/vi/hinh-mo-video
https://solvemymedia.com/vi/them-chu-ky-video
https://solvemymedia.com/watermark-video
https://solvemymedia.com/watermark-video
https://solvemymedia.com/zh/shi-pin-shui-yin
https://solvemymedia.com/zh/shui-yin-shi-pin","404
200
200
404
200
200
200
404
200
200
200
404
404
404
200
404
200
200
404
200
200
404
200
404
200
404
200
200
200
404
404
200
200
200
404
404
404
200
404
200
200
404
200
404
200
404
200
200
404
200","More than one page is linked for the same language
Some pages are not returning 200 status code",6799426939014814430,46,46
22,https://solvemymedia.com/fr/enregistreur,"Enregistreur d'écran et audio - Enregistrement en studio gratuit - SolveMyMedia
SolveMyMedia - Free Online Media Optimization Tools",text/html; charset=utf-8,false,200,0,true,"https://solvemymedia.com/ar/mjl-alshashat
https://solvemymedia.com/ar/msjl
https://solvemymedia.com/cs/zaznamnik
https://solvemymedia.com/da/optager
https://solvemymedia.com/de/recorder
https://solvemymedia.com/el/egrafos
https://solvemymedia.com/el/mihanima-eggrafis
https://solvemymedia.com/es/grabadora
https://solvemymedia.com/fi/tallennin
https://solvemymedia.com/fi/tallennus
https://solvemymedia.com/fr/enregistreur
https://solvemymedia.com/he/maqliyt
https://solvemymedia.com/he/mekolet
https://solvemymedia.com/hi/recorder
https://solvemymedia.com/hi/rikonrddr
https://solvemymedia.com/hu/felvetel
https://solvemymedia.com/hu/felvevo
https://solvemymedia.com/id/perekam
https://solvemymedia.com/it/registratore
https://solvemymedia.com/ja/rekoda
https://solvemymedia.com/ko/giroggye
https://solvemymedia.com/ko/rikhoda
https://solvemymedia.com/ms/perakam
https://solvemymedia.com/nl/opnameapparaat
https://solvemymedia.com/nl/recorder
https://solvemymedia.com/no/opptak
https://solvemymedia.com/no/opptaker
https://solvemymedia.com/pl/rejestrator
https://solvemymedia.com/pt/gravador
https://solvemymedia.com/pt/gravadora
https://solvemymedia.com/recorder
https://solvemymedia.com/recorder
https://solvemymedia.com/ro/inregistrator
https://solvemymedia.com/ro/recorder
https://solvemymedia.com/ru/diktofon
https://solvemymedia.com/ru/zapis
https://solvemymedia.com/sk/zaznamnik
https://solvemymedia.com/sv/inspelare
https://solvemymedia.com/sv/inspelning
https://solvemymedia.com/th/banthuek
https://solvemymedia.com/th/ekhruuengbanthuek
https://solvemymedia.com/tr/ekran-kaydet
https://solvemymedia.com/tr/kaydedici
https://solvemymedia.com/uk/diktofon
https://solvemymedia.com/uk/zapis-ekrana
https://solvemymedia.com/vi/may-ghi-am
https://solvemymedia.com/zh/lu-yin-ji
https://solvemymedia.com/zh/lu-zhi","404
200
200
200
200
404
200
200
200
404
200
404
404
404
200
404
200
200
200
200
200
404
200
200
404
404
200
200
404
200
200
200
404
200
200
404
404
200
404
404
200
404
200
200
404
200
200
200","More than one page is linked for the same language
Some pages don't include hreflang links to all the other pages of the group
Some pages are not returning 200 status code",774500295674417905,45,45
22,https://solvemymedia.com/no/vannmerke-video,"Legg til vannmerke til video – Beskytt mediene dine - SolveMyMedia
SolveMyMedia - Free Online Media Optimization Tools",text/html; charset=utf-8,false,200,0,true,"https://solvemymedia.com/ar/alaalm-almayy-alfidyo
https://solvemymedia.com/ar/fydyw-laalm-lmyy
https://solvemymedia.com/cs/video-s-vodoznakem
https://solvemymedia.com/cs/vodoznak-video
https://solvemymedia.com/da/vandmaerke-video
https://solvemymedia.com/de/wasserzeichen-video
https://solvemymedia.com/el/ydatografima-vinteo
https://solvemymedia.com/el/ydroshimo-video
https://solvemymedia.com/es/video-de-marca-de-agua
https://solvemymedia.com/fi/vesileima-video
https://solvemymedia.com/fr/video-en-filigrane
https://solvemymedia.com/he/siman-mayim-video
https://solvemymedia.com/he/srtvn-symn-mym
https://solvemymedia.com/hi/video-watermark
https://solvemymedia.com/hi/vonttrmaark-viiddiyo
https://solvemymedia.com/hu/video-vizjel
https://solvemymedia.com/hu/vizjel-video
https://solvemymedia.com/id/video-tanda-air
https://solvemymedia.com/it/filigrana-video
https://solvemymedia.com/it/video-filigrana
https://solvemymedia.com/ja/tou-kasibideo
https://solvemymedia.com/ko/bidio-wotomakeu
https://solvemymedia.com/ko/weoteomakeu-bidio
https://solvemymedia.com/ms/tera-air-video
https://solvemymedia.com/ms/video-tera-air
https://solvemymedia.com/nl/video-watermerk
https://solvemymedia.com/nl/watermerkvideo
https://solvemymedia.com/no/vannmerke-video
https://solvemymedia.com/pl/wideo-ze-znakiem-wodnym
https://solvemymedia.com/pl/znak-wodny-wideo
https://solvemymedia.com/pt/marca-dagua-no-video
https://solvemymedia.com/pt/video-de-marca-dagua
https://solvemymedia.com/ro/filigran-video
https://solvemymedia.com/ru/video-s-vodyanymi-znakami
https://solvemymedia.com/ru/vodnoy-znak-video
https://solvemymedia.com/sk/video-s-vodoznakom
https://solvemymedia.com/sk/vodoznak-video
https://solvemymedia.com/sv/vattenstampel-video
https://solvemymedia.com/th/lomrak-num-wideo
https://solvemymedia.com/th/widiiolaaynam
https://solvemymedia.com/tr/filigran-videosu
https://solvemymedia.com/tr/video-filigran
https://solvemymedia.com/uk/video-z-vodyanim-znakom
https://solvemymedia.com/uk/vodyanyi-znak-video
https://solvemymedia.com/vi/hinh-mo-video
https://solvemymedia.com/vi/them-chu-ky-video
https://solvemymedia.com/watermark-video
https://solvemymedia.com/watermark-video
https://solvemymedia.com/zh/shi-pin-shui-yin
https://solvemymedia.com/zh/shui-yin-shi-pin","404
200
200
404
200
200
200
404
200
200
200
404
404
404
200
404
200
200
404
200
200
404
200
404
200
404
200
200
200
404
404
200
200
200
404
404
404
200
404
200
200
404
200
404
200
404
200
200
404
200","More than one page is linked for the same language
Some pages are not returning 200 status code",6799426939014814430,46,46
22,https://solvemymedia.com/ja/tou-kasibideo,"ビデオにウォーターマークを追加 - メディアを保護 - SolveMyMedia
SolveMyMedia - Free Online Media Optimization Tools",text/html; charset=utf-8,false,200,0,true,"https://solvemymedia.com/ar/alaalm-almayy-alfidyo
https://solvemymedia.com/ar/fydyw-laalm-lmyy
https://solvemymedia.com/cs/video-s-vodoznakem
https://solvemymedia.com/cs/vodoznak-video
https://solvemymedia.com/da/vandmaerke-video
https://solvemymedia.com/de/wasserzeichen-video
https://solvemymedia.com/el/ydatografima-vinteo
https://solvemymedia.com/el/ydroshimo-video
https://solvemymedia.com/es/video-de-marca-de-agua
https://solvemymedia.com/fi/vesileima-video
https://solvemymedia.com/fr/video-en-filigrane
https://solvemymedia.com/he/siman-mayim-video
https://solvemymedia.com/he/srtvn-symn-mym
https://solvemymedia.com/hi/video-watermark
https://solvemymedia.com/hi/vonttrmaark-viiddiyo
https://solvemymedia.com/hu/video-vizjel
https://solvemymedia.com/hu/vizjel-video
https://solvemymedia.com/id/video-tanda-air
https://solvemymedia.com/it/filigrana-video
https://solvemymedia.com/it/video-filigrana
https://solvemymedia.com/ja/tou-kasibideo
https://solvemymedia.com/ko/bidio-wotomakeu
https://solvemymedia.com/ko/weoteomakeu-bidio
https://solvemymedia.com/ms/tera-air-video
https://solvemymedia.com/ms/video-tera-air
https://solvemymedia.com/nl/video-watermerk
https://solvemymedia.com/nl/watermerkvideo
https://solvemymedia.com/no/vannmerke-video
https://solvemymedia.com/pl/wideo-ze-znakiem-wodnym
https://solvemymedia.com/pl/znak-wodny-wideo
https://solvemymedia.com/pt/marca-dagua-no-video
https://solvemymedia.com/pt/video-de-marca-dagua
https://solvemymedia.com/ro/filigran-video
https://solvemymedia.com/ru/video-s-vodyanymi-znakami
https://solvemymedia.com/ru/vodnoy-znak-video
https://solvemymedia.com/sk/video-s-vodoznakom
https://solvemymedia.com/sk/vodoznak-video
https://solvemymedia.com/sv/vattenstampel-video
https://solvemymedia.com/th/lomrak-num-wideo
https://solvemymedia.com/th/widiiolaaynam
https://solvemymedia.com/tr/filigran-videosu
https://solvemymedia.com/tr/video-filigran
https://solvemymedia.com/uk/video-z-vodyanim-znakom
https://solvemymedia.com/uk/vodyanyi-znak-video
https://solvemymedia.com/vi/hinh-mo-video
https://solvemymedia.com/vi/them-chu-ky-video
https://solvemymedia.com/watermark-video
https://solvemymedia.com/watermark-video
https://solvemymedia.com/zh/shi-pin-shui-yin
https://solvemymedia.com/zh/shui-yin-shi-pin","404
200
200
404
200
200
200
404
200
200
200
404
404
404
200
404
200
200
404
200
200
404
200
404
200
404
200
200
200
404
404
200
200
200
404
404
404
200
404
200
200
404
200
404
200
404
200
200
404
200","More than one page is linked for the same language
Some pages are not returning 200 status code",6799426939014814430,46,46
22,https://solvemymedia.com/pt/silenciar-video,"Silenciar vídeo online - Remover áudio do vídeo - SolveMyMedia
SolveMyMedia - Free Online Media Optimization Tools",text/html; charset=utf-8,false,200,0,true,"https://solvemymedia.com/ar/ktm-lfydyw
https://solvemymedia.com/ar/ktmalfidyo
https://solvemymedia.com/cs/ztlumit-video
https://solvemymedia.com/da/daempe-video
https://solvemymedia.com/da/sluk-for-video
https://solvemymedia.com/de/video-stumm-schalten
https://solvemymedia.com/el/afonos-video
https://solvemymedia.com/el/sigasi-vinteo
https://solvemymedia.com/es/silenciar-video
https://solvemymedia.com/fi/mykista-video
https://solvemymedia.com/fi/mykistaa-videon
https://solvemymedia.com/fr/video-muette
https://solvemymedia.com/he/hashket-video
https://solvemymedia.com/he/hshtqt-srtvn
https://solvemymedia.com/hi/video-mute-kare
https://solvemymedia.com/hi/viiddiyo-myuutt-kren
https://solvemymedia.com/hu/video-eln%C3%A9mitasa
https://solvemymedia.com/hu/video-nemitasa
https://solvemymedia.com/id/bisukan-video
https://solvemymedia.com/it/silenzia-video
https://solvemymedia.com/it/video-muto
https://solvemymedia.com/ja/bideowomiyutosuru
https://solvemymedia.com/ko/bidio-eumso-ggeugi
https://solvemymedia.com/ko/yeongsang-eumsogeo
https://solvemymedia.com/ms/bisu-video
https://solvemymedia.com/ms/senyap-video
https://solvemymedia.com/mute-video
https://solvemymedia.com/mute-video
https://solvemymedia.com/nl/video-dempen
https://solvemymedia.com/no/demp-video
https://solvemymedia.com/no/dempe-video
https://solvemymedia.com/pl/wycisz-wideo
https://solvemymedia.com/pl/wyciszenie-wideo
https://solvemymedia.com/pt/silenciar-video
https://solvemymedia.com/ro/mute-video
https://solvemymedia.com/ro/sunetul-video
https://solvemymedia.com/ru/otkluchit-zvuk-video
https://solvemymedia.com/ru/otklyuchit-video
https://solvemymedia.com/sk/stlmit-video
https://solvemymedia.com/sv/tyst-video
https://solvemymedia.com/sv/tystad-video
https://solvemymedia.com/th/pid-siang-wideo
https://solvemymedia.com/th/pidesiiyngwidiio
https://solvemymedia.com/tr/video-sessiz
https://solvemymedia.com/tr/videoyu-kapat
https://solvemymedia.com/uk/vimknuti-video
https://solvemymedia.com/uk/vimknuti-zvuk-video
https://solvemymedia.com/vi/tat-tieng-video
https://solvemymedia.com/zh/jing-yin-shi-pin","200
404
200
200
404
200
404
200
200
404
200
200
404
404
404
200
404
200
200
404
200
200
404
200
200
404
200
200
200
404
200
404
200
200
404
200
404
200
404
200
404
404
200
404
200
200
404
200
200","More than one page is linked for the same language
Some pages are not returning 200 status code",13148675445431234075,46,46
22,https://solvemymedia.com/ro/transcrie,"Transcriere audio și video - AI Speech to Text - SolveMyMedia
SolveMyMedia - Free Online Media Optimization Tools",text/html; charset=utf-8,false,200,0,true,"https://solvemymedia.com/ar/nasg-alsawt
https://solvemymedia.com/ar/nskh
https://solvemymedia.com/cs/prepsat
https://solvemymedia.com/da/transskriber
https://solvemymedia.com/da/transskribere
https://solvemymedia.com/de/transkribieren
https://solvemymedia.com/el/antigrafo
https://solvemymedia.com/el/apografos
https://solvemymedia.com/es/transcribir
https://solvemymedia.com/fi/litteroi
https://solvemymedia.com/fi/litteroida
https://solvemymedia.com/fr/transcrire
https://solvemymedia.com/he/ltaateq
https://solvemymedia.com/he/taktur
https://solvemymedia.com/hi/transcript-kare
https://solvemymedia.com/hi/ttaaip-krnaa
https://solvemymedia.com/hu/atiratas
https://solvemymedia.com/hu/lemasol
https://solvemymedia.com/id/menuliskan
https://solvemymedia.com/it/trascrivere
https://solvemymedia.com/it/trascrivi
https://solvemymedia.com/ja/zhuan-xie-suru
https://solvemymedia.com/ko/gocyeo-sseuda
https://solvemymedia.com/ko/teuksi-keurib
https://solvemymedia.com/ms/transkripsi
https://solvemymedia.com/nl/transcriberen
https://solvemymedia.com/no/transkriben
https://solvemymedia.com/no/transkribere
https://solvemymedia.com/pl/rozpisac
https://solvemymedia.com/pl/transkrybuj
https://solvemymedia.com/pt/transcrever
https://solvemymedia.com/ro/transcrie
https://solvemymedia.com/ru/perepisyvat
https://solvemymedia.com/ru/transkribirovat
https://solvemymedia.com/sk/prepis
https://solvemymedia.com/sk/prepisovat
https://solvemymedia.com/sv/transkribera
https://solvemymedia.com/th/thdesiiyng
https://solvemymedia.com/th/thod-siang
https://solvemymedia.com/tr/metne-donustur
https://solvemymedia.com/tr/uyarlamak
https://solvemymedia.com/transcribe
https://solvemymedia.com/transcribe
https://solvemymedia.com/uk/transkriba
https://solvemymedia.com/uk/transkribuvati
https://solvemymedia.com/vi/chep-lai
https://solvemymedia.com/vi/sao-chep-am-thanh
https://solvemymedia.com/zh/lu-zhi
https://solvemymedia.com/zh/zhuan-lu","404
200
200
404
200
200
200
404
200
404
200
200
404
404
404
200
404
200
200
200
404
200
200
404
200
200
404
200
200
404
200
200
200
404
404
404
200
200
404
404
200
200
200
404
200
200
404
200
404","More than one page is linked for the same language
Some pages don't include hreflang links to all the other pages of the group
Some pages are not returning 200 status code",1124245034427686738,45,45
22,https://solvemymedia.com/de/transkribieren,"Audio- und Videotranskription – KI-Sprache in Text - SolveMyMedia
SolveMyMedia - Free Online Media Optimization Tools",text/html; charset=utf-8,false,200,0,true,"https://solvemymedia.com/ar/nasg-alsawt
https://solvemymedia.com/ar/nskh
https://solvemymedia.com/cs/prepsat
https://solvemymedia.com/da/transskriber
https://solvemymedia.com/da/transskribere
https://solvemymedia.com/de/transkribieren
https://solvemymedia.com/el/antigrafo
https://solvemymedia.com/el/apografos
https://solvemymedia.com/es/transcribir
https://solvemymedia.com/fi/litteroi
https://solvemymedia.com/fi/litteroida
https://solvemymedia.com/fr/transcrire
https://solvemymedia.com/he/ltaateq
https://solvemymedia.com/he/taktur
https://solvemymedia.com/hi/transcript-kare
https://solvemymedia.com/hi/ttaaip-krnaa
https://solvemymedia.com/hu/atiratas
https://solvemymedia.com/hu/lemasol
https://solvemymedia.com/id/menuliskan
https://solvemymedia.com/it/trascrivere
https://solvemymedia.com/it/trascrivi
https://solvemymedia.com/ja/zhuan-xie-suru
https://solvemymedia.com/ko/gocyeo-sseuda
https://solvemymedia.com/ko/teuksi-keurib
https://solvemymedia.com/ms/transkripsi
https://solvemymedia.com/nl/transcriberen
https://solvemymedia.com/no/transkriben
https://solvemymedia.com/no/transkribere
https://solvemymedia.com/pl/rozpisac
https://solvemymedia.com/pl/transkrybuj
https://solvemymedia.com/pt/transcrever
https://solvemymedia.com/ro/transcrie
https://solvemymedia.com/ru/perepisyvat
https://solvemymedia.com/ru/transkribirovat
https://solvemymedia.com/sk/prepis
https://solvemymedia.com/sk/prepisovat
https://solvemymedia.com/sv/transkribera
https://solvemymedia.com/th/thdesiiyng
https://solvemymedia.com/th/thod-siang
https://solvemymedia.com/tr/metne-donustur
https://solvemymedia.com/tr/uyarlamak
https://solvemymedia.com/transcribe
https://solvemymedia.com/transcribe
https://solvemymedia.com/uk/transkriba
https://solvemymedia.com/uk/transkribuvati
https://solvemymedia.com/vi/chep-lai
https://solvemymedia.com/vi/sao-chep-am-thanh
https://solvemymedia.com/zh/lu-zhi
https://solvemymedia.com/zh/zhuan-lu","404
200
200
404
200
200
200
404
200
404
200
200
404
404
404
200
404
200
200
200
404
200
200
404
200
200
404
200
200
404
200
200
200
404
404
404
200
200
404
404
200
200
200
404
200
200
404
200
404","More than one page is linked for the same language
Some pages don't include hreflang links to all the other pages of the group
Some pages are not returning 200 status code",1124245034427686738,45,45
22,https://solvemymedia.com/pt/transcrever,"Transcrição de áudio e vídeo - AI Speech to Text - SolveMyMedia
SolveMyMedia - Free Online Media Optimization Tools",text/html; charset=utf-8,false,200,0,true,"https://solvemymedia.com/ar/nasg-alsawt
https://solvemymedia.com/ar/nskh
https://solvemymedia.com/cs/prepsat
https://solvemymedia.com/da/transskriber
https://solvemymedia.com/da/transskribere
https://solvemymedia.com/de/transkribieren
https://solvemymedia.com/el/antigrafo
https://solvemymedia.com/el/apografos
https://solvemymedia.com/es/transcribir
https://solvemymedia.com/fi/litteroi
https://solvemymedia.com/fi/litteroida
https://solvemymedia.com/fr/transcrire
https://solvemymedia.com/he/ltaateq
https://solvemymedia.com/he/taktur
https://solvemymedia.com/hi/transcript-kare
https://solvemymedia.com/hi/ttaaip-krnaa
https://solvemymedia.com/hu/atiratas
https://solvemymedia.com/hu/lemasol
https://solvemymedia.com/id/menuliskan
https://solvemymedia.com/it/trascrivere
https://solvemymedia.com/it/trascrivi
https://solvemymedia.com/ja/zhuan-xie-suru
https://solvemymedia.com/ko/gocyeo-sseuda
https://solvemymedia.com/ko/teuksi-keurib
https://solvemymedia.com/ms/transkripsi
https://solvemymedia.com/nl/transcriberen
https://solvemymedia.com/no/transkriben
https://solvemymedia.com/no/transkribere
https://solvemymedia.com/pl/rozpisac
https://solvemymedia.com/pl/transkrybuj
https://solvemymedia.com/pt/transcrever
https://solvemymedia.com/ro/transcrie
https://solvemymedia.com/ru/perepisyvat
https://solvemymedia.com/ru/transkribirovat
https://solvemymedia.com/sk/prepis
https://solvemymedia.com/sk/prepisovat
https://solvemymedia.com/sv/transkribera
https://solvemymedia.com/th/thdesiiyng
https://solvemymedia.com/th/thod-siang
https://solvemymedia.com/tr/metne-donustur
https://solvemymedia.com/tr/uyarlamak
https://solvemymedia.com/transcribe
https://solvemymedia.com/transcribe
https://solvemymedia.com/uk/transkriba
https://solvemymedia.com/uk/transkribuvati
https://solvemymedia.com/vi/chep-lai
https://solvemymedia.com/vi/sao-chep-am-thanh
https://solvemymedia.com/zh/lu-zhi
https://solvemymedia.com/zh/zhuan-lu","404
200
200
404
200
200
200
404
200
404
200
200
404
404
404
200
404
200
200
200
404
200
200
404
200
200
404
200
200
404
200
200
200
404
404
404
200
200
404
404
200
200
200
404
200
200
404
200
404","More than one page is linked for the same language
Some pages don't include hreflang links to all the other pages of the group
Some pages are not returning 200 status code",1124245034427686738,45,45
21,https://solvemymedia.com/id/potong-video,"Pangkas Video Online - Alat Pemotong Video Gratis - SolveMyMedia
SolveMyMedia - Free Online Media Optimization Tools",text/html; charset=utf-8,false,200,0,true,"https://solvemymedia.com/ar/fydyw-lmhsyl
https://solvemymedia.com/ar/qtaalfidyo
https://solvemymedia.com/crop-video
https://solvemymedia.com/crop-video
https://solvemymedia.com/cs/orezat-video
https://solvemymedia.com/cs/oriznout-video
https://solvemymedia.com/da/beskaer-video
https://solvemymedia.com/da/beskare-video
https://solvemymedia.com/de/video-zuschneiden
https://solvemymedia.com/el/kopsi-video
https://solvemymedia.com/el/perikopi-vinteo
https://solvemymedia.com/es/recortar-video
https://solvemymedia.com/fi/rajaa-video
https://solvemymedia.com/fr/video-de-recadrage
https://solvemymedia.com/he/gzor-video
https://solvemymedia.com/he/khytvk-srtvn
https://solvemymedia.com/hi/phsl-viiddiyo
https://solvemymedia.com/hi/video-crop-kare
https://solvemymedia.com/hu/vagja-le-a-videot
https://solvemymedia.com/hu/video-vagasa
https://solvemymedia.com/id/potong-video
https://solvemymedia.com/it/ritaglia-video
https://solvemymedia.com/it/ritagliare-il-video
https://solvemymedia.com/ja/bideowokurotupusuru
https://solvemymedia.com/ko/bidio-jallagi
https://solvemymedia.com/ko/bidio-jareugi
https://solvemymedia.com/ms/pangkas-video
https://solvemymedia.com/ms/potong-video
https://solvemymedia.com/nl/video-bijsnijden
https://solvemymedia.com/no/beskjaer-video
https://solvemymedia.com/no/beskjaere-video
https://solvemymedia.com/pl/przytnij-wideo
https://solvemymedia.com/pt/cortar-video
https://solvemymedia.com/ro/decupati-videoclipul
https://solvemymedia.com/ro/taie-video
https://solvemymedia.com/ru/obrezat-video
https://solvemymedia.com/sk/orezat-video
https://solvemymedia.com/sv/beskara-video
https://solvemymedia.com/th/khrbtadwidiio
https://solvemymedia.com/th/krot-wideo
https://solvemymedia.com/tr/video-kirp
https://solvemymedia.com/tr/videoyu-kirp
https://solvemymedia.com/uk/kadruvannya-video
https://solvemymedia.com/uk/obrizati-video
https://solvemymedia.com/vi/cat-video
https://solvemymedia.com/zh/cai-jian-shi-pin
https://solvemymedia.com/zh/jian-jie-shi-pin","200
404
200
200
404
200
200
404
200
404
200
200
200
200
404
404
200
404
200
404
200
404
200
200
404
200
200
404
200
404
200
200
200
200
404
200
404
200
200
404
404
200
200
404
200
200
404","More than one page is linked for the same language
Some pages are not returning 200 status code",16724027953909618260,44,44
21,https://solvemymedia.com/pt/cortar-video,"Cortar vídeo online - ferramenta gratuita de corte de vídeo - SolveMyMedia
SolveMyMedia - Free Online Media Optimization Tools",text/html; charset=utf-8,false,200,0,true,"https://solvemymedia.com/ar/fydyw-lmhsyl
https://solvemymedia.com/ar/qtaalfidyo
https://solvemymedia.com/crop-video
https://solvemymedia.com/crop-video
https://solvemymedia.com/cs/orezat-video
https://solvemymedia.com/cs/oriznout-video
https://solvemymedia.com/da/beskaer-video
https://solvemymedia.com/da/beskare-video
https://solvemymedia.com/de/video-zuschneiden
https://solvemymedia.com/el/kopsi-video
https://solvemymedia.com/el/perikopi-vinteo
https://solvemymedia.com/es/recortar-video
https://solvemymedia.com/fi/rajaa-video
https://solvemymedia.com/fr/video-de-recadrage
https://solvemymedia.com/he/gzor-video
https://solvemymedia.com/he/khytvk-srtvn
https://solvemymedia.com/hi/phsl-viiddiyo
https://solvemymedia.com/hi/video-crop-kare
https://solvemymedia.com/hu/vagja-le-a-videot
https://solvemymedia.com/hu/video-vagasa
https://solvemymedia.com/id/potong-video
https://solvemymedia.com/it/ritaglia-video
https://solvemymedia.com/it/ritagliare-il-video
https://solvemymedia.com/ja/bideowokurotupusuru
https://solvemymedia.com/ko/bidio-jallagi
https://solvemymedia.com/ko/bidio-jareugi
https://solvemymedia.com/ms/pangkas-video
https://solvemymedia.com/ms/potong-video
https://solvemymedia.com/nl/video-bijsnijden
https://solvemymedia.com/no/beskjaer-video
https://solvemymedia.com/no/beskjaere-video
https://solvemymedia.com/pl/przytnij-wideo
https://solvemymedia.com/pt/cortar-video
https://solvemymedia.com/ro/decupati-videoclipul
https://solvemymedia.com/ro/taie-video
https://solvemymedia.com/ru/obrezat-video
https://solvemymedia.com/sk/orezat-video
https://solvemymedia.com/sv/beskara-video
https://solvemymedia.com/th/khrbtadwidiio
https://solvemymedia.com/th/krot-wideo
https://solvemymedia.com/tr/video-kirp
https://solvemymedia.com/tr/videoyu-kirp
https://solvemymedia.com/uk/kadruvannya-video
https://solvemymedia.com/uk/obrizati-video
https://solvemymedia.com/vi/cat-video
https://solvemymedia.com/zh/cai-jian-shi-pin
https://solvemymedia.com/zh/jian-jie-shi-pin","200
404
200
200
404
200
200
404
200
404
200
200
200
200
404
404
200
404
200
404
200
404
200
200
404
200
200
404
200
404
200
200
200
200
404
200
404
200
200
404
404
200
200
404
200
200
404","More than one page is linked for the same language
Some pages are not returning 200 status code",16724027953909618260,44,44
21,https://solvemymedia.com/vi/toc-do-video,"Thay đổi tốc độ video - Trình chỉnh sửa video chuyển động nhanh và chậm - SolveMyMedia
SolveMyMedia - Free Online Media Optimization Tools",text/html; charset=utf-8,false,200,0,true,"https://solvemymedia.com/ar/sraa-lfydyw
https://solvemymedia.com/ar/sraat-alfidyo
https://solvemymedia.com/cs/rychlost-videa
https://solvemymedia.com/da/videohastighed
https://solvemymedia.com/de/videogeschwindigkeit
https://solvemymedia.com/el/tahytita-vinteo
https://solvemymedia.com/el/taxyta-video
https://solvemymedia.com/es/velocidad-de-video
https://solvemymedia.com/fi/videon-nopeus
https://solvemymedia.com/fi/videonopeus
https://solvemymedia.com/fr/vitesse-video
https://solvemymedia.com/he/meherut-video
https://solvemymedia.com/he/mhyrvt-vydv
https://solvemymedia.com/hi/video-speed
https://solvemymedia.com/hi/viiddiyo-kii-gti
https://solvemymedia.com/hu/video-sebesseg
https://solvemymedia.com/id/kecepatan-video
https://solvemymedia.com/it/velocita-video
https://solvemymedia.com/ja/bideosu-du
https://solvemymedia.com/ko/bidio-sogdo
https://solvemymedia.com/ko/bidio-sokdo
https://solvemymedia.com/ms/kelajuan-video
https://solvemymedia.com/ms/laju-video
https://solvemymedia.com/nl/video-snelheid
https://solvemymedia.com/nl/videosnelheid
https://solvemymedia.com/no/videohastighet
https://solvemymedia.com/pl/predkosc-wideo
https://solvemymedia.com/pt/velocidade-do-video
https://solvemymedia.com/ro/viteza-video
https://solvemymedia.com/ru/skorost-video
https://solvemymedia.com/sk/rychlost-videa
https://solvemymedia.com/sv/videohastighet
https://solvemymedia.com/th/khwaamerwwidiio
https://solvemymedia.com/th/kwam-rew-wideo
https://solvemymedia.com/tr/video-hizi
https://solvemymedia.com/uk/shvidkist-video
https://solvemymedia.com/vi/toc-do-video
https://solvemymedia.com/video-speed
https://solvemymedia.com/video-speed
https://solvemymedia.com/zh/shi-pin-su-du","200
404
200
200
200
200
404
200
200
404
200
404
404
404
200
200
200
200
200
200
404
200
404
404
200
200
200
200
200
200
404
200
200
404
200
200
200
200
200
200","More than one page is linked for the same language
Some pages are not returning 200 status code",927488645351648793,37,37
21,https://solvemymedia.com/vi/nen-video,"Nén video trực tuyến - Trình nén video an toàn miễn phí - SolveMyMedia
SolveMyMedia - Free Online Media Optimization Tools",text/html; charset=utf-8,false,200,0,true,"https://solvemymedia.com/ar/dght-alfidyo
https://solvemymedia.com/ar/dgt-lfydyw
https://solvemymedia.com/compress-video
https://solvemymedia.com/compress-video
https://solvemymedia.com/cs/komprimovat-video
https://solvemymedia.com/da/komprimer-video
https://solvemymedia.com/da/komprimere-video
https://solvemymedia.com/de/video-komprimieren
https://solvemymedia.com/el/symnpiesost-video
https://solvemymedia.com/el/sympiesi-vinteo
https://solvemymedia.com/es/comprimir-video
https://solvemymedia.com/fi/pakkaa-video
https://solvemymedia.com/fr/compresser-la-video
https://solvemymedia.com/he/dchisot-video
https://solvemymedia.com/he/ldkhvs-vydv
https://solvemymedia.com/hi/video-compress-kare
https://solvemymedia.com/hi/viiddiyo-snpiiddit-kren
https://solvemymedia.com/hu/video-tomoritese
https://solvemymedia.com/id/kompres-video
https://solvemymedia.com/it/comprimere-il-video
https://solvemymedia.com/it/comprimi-video
https://solvemymedia.com/ja/bideowoya-suo-suru
https://solvemymedia.com/ko/bidio-abcug
https://solvemymedia.com/ko/bidio-apchuk
https://solvemymedia.com/ms/mampat-video
https://solvemymedia.com/ms/memampatkan-video
https://solvemymedia.com/nl/video-comprimeren
https://solvemymedia.com/no/komprimere-video
https://solvemymedia.com/pl/kompresowac-wideo
https://solvemymedia.com/pl/kompresuj-wideo
https://solvemymedia.com/pt/compactar-video
https://solvemymedia.com/pt/comprimir-video
https://solvemymedia.com/ro/comprima-video
https://solvemymedia.com/ru/szhat-video
https://solvemymedia.com/ru/szhimat-video
https://solvemymedia.com/sk/komprimovat-video
https://solvemymedia.com/sv/komprimera-video
https://solvemymedia.com/th/biibadwidiio
https://solvemymedia.com/th/ko-op-wideo
https://solvemymedia.com/tr/video-sikistir
https://solvemymedia.com/tr/videoyu-sikistir
https://solvemymedia.com/uk/stiskati-video
https://solvemymedia.com/uk/sty-snuti-video
https://solvemymedia.com/vi/nen-video
https://solvemymedia.com/zh/ya-suo-shi-pin","404
200
200
200
200
404
200
200
404
200
200
200
200
404
404
404
200
200
200
200
404
200
200
404
404
200
200
200
200
404
200
404
200
404
200
404
200
200
404
404
200
200
404
200
200","More than one page is linked for the same language
Some pages don't include hreflang links to all the other pages of the group
Some pages are not returning 200 status code",926993157700666916,42,42
21,https://solvemymedia.com/tr/gif-olustur,"Videodan GIF Oluşturucuya - Videoyu Animasyonlu GIF'e Dönüştürün - SolveMyMedia
SolveMyMedia - Free Online Media Optimization Tools",text/html; charset=utf-8,false,200,0,true,"https://solvemymedia.com/ar/anshaaa-gif
https://solvemymedia.com/ar/nsh-swr-mthrk
https://solvemymedia.com/create-gif
https://solvemymedia.com/create-gif
https://solvemymedia.com/cs/vytvorit-gif
https://solvemymedia.com/da/opret-gif
https://solvemymedia.com/da/oprette-gif
https://solvemymedia.com/de/gif-erstellen
https://solvemymedia.com/el/dimioyrgia-gif
https://solvemymedia.com/es/crear-gif
https://solvemymedia.com/fi/luo-gif
https://solvemymedia.com/fr/creer-un-gif
https://solvemymedia.com/he/lytsvr-gif
https://solvemymedia.com/he/tzor-gif
https://solvemymedia.com/hi/gif-banaye
https://solvemymedia.com/hi/gif-bnaaen
https://solvemymedia.com/hu/gif-letrehozasa
https://solvemymedia.com/id/membuat-gif
https://solvemymedia.com/it/crea-gif
https://solvemymedia.com/it/creare-una-gif
https://solvemymedia.com/ja/gifwozuo-cheng
https://solvemymedia.com/ko/gif-mandeulgi
https://solvemymedia.com/ms/buat-gif
https://solvemymedia.com/nl/gif-maken
https://solvemymedia.com/no/lag-gif
https://solvemymedia.com/no/lage-gif
https://solvemymedia.com/pl/stworz-gif
https://solvemymedia.com/pl/utworz-gifa
https://solvemymedia.com/pt/criar-gif
https://solvemymedia.com/ro/creati-gif
https://solvemymedia.com/ro/creeaza-gif
https://solvemymedia.com/ru/sozdat-gif
https://solvemymedia.com/ru/sozdat-gifku
https://solvemymedia.com/sk/vytvorit-gif
https://solvemymedia.com/sv/skapa-gif
https://solvemymedia.com/th/sang-gif
https://solvemymedia.com/th/sraangkif
https://solvemymedia.com/tr/gif-olustur
https://solvemymedia.com/uk/stvoriti-gif
https://solvemymedia.com/vi/tao-anh-gif
https://solvemymedia.com/vi/tao-gif
https://solvemymedia.com/zh/chuang-jian-gif","404
200
200
200
200
404
200
200
200
200
200
200
404
404
404
200
200
200
404
200
200
200
200
200
404
200
404
200
200
200
404
404
200
404
200
404
200
200
200
200
404
200","More than one page is linked for the same language
Some pages don't include hreflang links to all the other pages of the group
Some pages are not returning 200 status code",17321000843242609092,39,39
21,https://solvemymedia.com/nl/audio-converteren,"Audioformaten converteren - Gratis online audioconverter - SolveMyMedia
SolveMyMedia - Free Online Media Optimization Tools",text/html; charset=utf-8,false,200,0,true,"https://solvemymedia.com/ar/thwyl-alsawt
https://solvemymedia.com/ar/thwyl-lswt
https://solvemymedia.com/convert-audio
https://solvemymedia.com/convert-audio
https://solvemymedia.com/cs/konvertovat-audio
https://solvemymedia.com/cs/prevest-zvuk
https://solvemymedia.com/da/konverter-lyd
https://solvemymedia.com/da/konvertere-lyd
https://solvemymedia.com/de/audio-konvertieren
https://solvemymedia.com/el/metaporpe-audio
https://solvemymedia.com/el/metatropi-ihoy
https://solvemymedia.com/es/convertir-audio
https://solvemymedia.com/fi/muunna-audio
https://solvemymedia.com/fi/muuntaa-aanta
https://solvemymedia.com/fr/convertir-laudio
https://solvemymedia.com/he/hmr-audio
https://solvemymedia.com/he/lhmyr-vdyv
https://solvemymedia.com/hi/audio-convert-kare
https://solvemymedia.com/hi/onddiyo-privrtit-kren
https://solvemymedia.com/hu/hang-konvertalasa
https://solvemymedia.com/hu/hangot-konvertalni
https://solvemymedia.com/id/mengkonversi-audio
https://solvemymedia.com/it/converti-audio
https://solvemymedia.com/it/convertire-laudio
https://solvemymedia.com/ja/odeiowobian-huan-suru
https://solvemymedia.com/ko/odio-byeonhwan
https://solvemymedia.com/ms/menukar-audio
https://solvemymedia.com/ms/tukar-audio
https://solvemymedia.com/nl/audio-converteren
https://solvemymedia.com/no/konvertere-lyd
https://solvemymedia.com/pl/konwertowac-dzwiek
https://solvemymedia.com/pl/konwertuj-audio
https://solvemymedia.com/pt/converter-audio
https://solvemymedia.com/ro/converteste-audio
https://solvemymedia.com/ro/converti-audio
https://solvemymedia.com/ru/konvertirovat-audio
https://solvemymedia.com/sk/konvertovat-audio
https://solvemymedia.com/sk/konvertovat-zvuk
https://solvemymedia.com/sv/konvertera-ljud
https://solvemymedia.com/th/aeplngesiiyng
https://solvemymedia.com/th/pli-an-audio
https://solvemymedia.com/tr/ses-donustur
https://solvemymedia.com/tr/sesi-donustur
https://solvemymedia.com/uk/konvertuvati-audio
https://solvemymedia.com/vi/chuyen-doi-am-thanh
https://solvemymedia.com/zh/zhuan-huan-yin-pin","404
200
200
200
404
200
404
200
200
404
200
200
404
200
200
404
404
404
200
404
200
200
404
200
200
200
200
404
200
200
200
404
200
404
200
200
404
404
200
200
404
404
200
200
200
200","More than one page is linked for the same language
Some pages don't include hreflang links to all the other pages of the group
Some pages are not returning 200 status code",9570318248645165765,42,42
21,https://solvemymedia.com/uk/konvertuvati-audio,"Перетворення аудіоформатів - безкоштовний онлайн-конвертер аудіо - SolveMyMedia
SolveMyMedia - Free Online Media Optimization Tools",text/html; charset=utf-8,false,200,0,true,"https://solvemymedia.com/ar/thwyl-alsawt
https://solvemymedia.com/ar/thwyl-lswt
https://solvemymedia.com/convert-audio
https://solvemymedia.com/convert-audio
https://solvemymedia.com/cs/konvertovat-audio
https://solvemymedia.com/cs/prevest-zvuk
https://solvemymedia.com/da/konverter-lyd
https://solvemymedia.com/da/konvertere-lyd
https://solvemymedia.com/de/audio-konvertieren
https://solvemymedia.com/el/metaporpe-audio
https://solvemymedia.com/el/metatropi-ihoy
https://solvemymedia.com/es/convertir-audio
https://solvemymedia.com/fi/muunna-audio
https://solvemymedia.com/fi/muuntaa-aanta
https://solvemymedia.com/fr/convertir-laudio
https://solvemymedia.com/he/hmr-audio
https://solvemymedia.com/he/lhmyr-vdyv
https://solvemymedia.com/hi/audio-convert-kare
https://solvemymedia.com/hi/onddiyo-privrtit-kren
https://solvemymedia.com/hu/hang-konvertalasa
https://solvemymedia.com/hu/hangot-konvertalni
https://solvemymedia.com/id/mengkonversi-audio
https://solvemymedia.com/it/converti-audio
https://solvemymedia.com/it/convertire-laudio
https://solvemymedia.com/ja/odeiowobian-huan-suru
https://solvemymedia.com/ko/odio-byeonhwan
https://solvemymedia.com/ms/menukar-audio
https://solvemymedia.com/ms/tukar-audio
https://solvemymedia.com/nl/audio-converteren
https://solvemymedia.com/no/konvertere-lyd
https://solvemymedia.com/pl/konwertowac-dzwiek
https://solvemymedia.com/pl/konwertuj-audio
https://solvemymedia.com/pt/converter-audio
https://solvemymedia.com/ro/converteste-audio
https://solvemymedia.com/ro/converti-audio
https://solvemymedia.com/ru/konvertirovat-audio
https://solvemymedia.com/sk/konvertovat-audio
https://solvemymedia.com/sk/konvertovat-zvuk
https://solvemymedia.com/sv/konvertera-ljud
https://solvemymedia.com/th/aeplngesiiyng
https://solvemymedia.com/th/pli-an-audio
https://solvemymedia.com/tr/ses-donustur
https://solvemymedia.com/tr/sesi-donustur
https://solvemymedia.com/uk/konvertuvati-audio
https://solvemymedia.com/vi/chuyen-doi-am-thanh
https://solvemymedia.com/zh/zhuan-huan-yin-pin","404
200
200
200
404
200
404
200
200
404
200
200
404
200
200
404
404
404
200
404
200
200
404
200
200
200
200
404
200
200
200
404
200
404
200
200
404
404
200
200
404
404
200
200
200
200","More than one page is linked for the same language
Some pages don't include hreflang links to all the other pages of the group
Some pages are not returning 200 status code",9570318248645165765,42,42
21,https://solvemymedia.com/cs/komprimovat-video,"Komprimujte video online – Bezpečný kompresor videa zdarma - SolveMyMedia
SolveMyMedia - Free Online Media Optimization Tools",text/html; charset=utf-8,false,200,0,true,"https://solvemymedia.com/ar/dght-alfidyo
https://solvemymedia.com/ar/dgt-lfydyw
https://solvemymedia.com/compress-video
https://solvemymedia.com/compress-video
https://solvemymedia.com/cs/komprimovat-video
https://solvemymedia.com/da/komprimer-video
https://solvemymedia.com/da/komprimere-video
https://solvemymedia.com/de/video-komprimieren
https://solvemymedia.com/el/symnpiesost-video
https://solvemymedia.com/el/sympiesi-vinteo
https://solvemymedia.com/es/comprimir-video
https://solvemymedia.com/fi/pakkaa-video
https://solvemymedia.com/fr/compresser-la-video
https://solvemymedia.com/he/dchisot-video
https://solvemymedia.com/he/ldkhvs-vydv
https://solvemymedia.com/hi/video-compress-kare
https://solvemymedia.com/hi/viiddiyo-snpiiddit-kren
https://solvemymedia.com/hu/video-tomoritese
https://solvemymedia.com/id/kompres-video
https://solvemymedia.com/it/comprimere-il-video
https://solvemymedia.com/it/comprimi-video
https://solvemymedia.com/ja/bideowoya-suo-suru
https://solvemymedia.com/ko/bidio-abcug
https://solvemymedia.com/ko/bidio-apchuk
https://solvemymedia.com/ms/mampat-video
https://solvemymedia.com/ms/memampatkan-video
https://solvemymedia.com/nl/video-comprimeren
https://solvemymedia.com/no/komprimere-video
https://solvemymedia.com/pl/kompresowac-wideo
https://solvemymedia.com/pl/kompresuj-wideo
https://solvemymedia.com/pt/compactar-video
https://solvemymedia.com/pt/comprimir-video
https://solvemymedia.com/ro/comprima-video
https://solvemymedia.com/ru/szhat-video
https://solvemymedia.com/ru/szhimat-video
https://solvemymedia.com/sk/komprimovat-video
https://solvemymedia.com/sv/komprimera-video
https://solvemymedia.com/th/biibadwidiio
https://solvemymedia.com/th/ko-op-wideo
https://solvemymedia.com/tr/video-sikistir
https://solvemymedia.com/tr/videoyu-sikistir
https://solvemymedia.com/uk/stiskati-video
https://solvemymedia.com/uk/sty-snuti-video
https://solvemymedia.com/vi/nen-video
https://solvemymedia.com/zh/ya-suo-shi-pin","404
200
200
200
200
404
200
200
404
200
200
200
200
404
404
404
200
200
200
200
404
200
200
404
404
200
200
200
200
404
200
404
200
404
200
404
200
200
404
404
200
200
404
200
200","More than one page is linked for the same language
Some pages don't include hreflang links to all the other pages of the group
Some pages are not returning 200 status code",926993157700666916,42,42
21,https://solvemymedia.com/nl/gif-maken,"Video naar GIF Maker - Converteer video naar geanimeerde GIF - SolveMyMedia
SolveMyMedia - Free Online Media Optimization Tools",text/html; charset=utf-8,false,200,0,true,"https://solvemymedia.com/ar/anshaaa-gif
https://solvemymedia.com/ar/nsh-swr-mthrk
https://solvemymedia.com/create-gif
https://solvemymedia.com/create-gif
https://solvemymedia.com/cs/vytvorit-gif
https://solvemymedia.com/da/opret-gif
https://solvemymedia.com/da/oprette-gif
https://solvemymedia.com/de/gif-erstellen
https://solvemymedia.com/el/dimioyrgia-gif
https://solvemymedia.com/es/crear-gif
https://solvemymedia.com/fi/luo-gif
https://solvemymedia.com/fr/creer-un-gif
https://solvemymedia.com/he/lytsvr-gif
https://solvemymedia.com/he/tzor-gif
https://solvemymedia.com/hi/gif-banaye
https://solvemymedia.com/hi/gif-bnaaen
https://solvemymedia.com/hu/gif-letrehozasa
https://solvemymedia.com/id/membuat-gif
https://solvemymedia.com/it/crea-gif
https://solvemymedia.com/it/creare-una-gif
https://solvemymedia.com/ja/gifwozuo-cheng
https://solvemymedia.com/ko/gif-mandeulgi
https://solvemymedia.com/ms/buat-gif
https://solvemymedia.com/nl/gif-maken
https://solvemymedia.com/no/lag-gif
https://solvemymedia.com/no/lage-gif
https://solvemymedia.com/pl/stworz-gif
https://solvemymedia.com/pl/utworz-gifa
https://solvemymedia.com/pt/criar-gif
https://solvemymedia.com/ro/creati-gif
https://solvemymedia.com/ro/creeaza-gif
https://solvemymedia.com/ru/sozdat-gif
https://solvemymedia.com/ru/sozdat-gifku
https://solvemymedia.com/sk/vytvorit-gif
https://solvemymedia.com/sv/skapa-gif
https://solvemymedia.com/th/sang-gif
https://solvemymedia.com/th/sraangkif
https://solvemymedia.com/tr/gif-olustur
https://solvemymedia.com/uk/stvoriti-gif
https://solvemymedia.com/vi/tao-anh-gif
https://solvemymedia.com/vi/tao-gif
https://solvemymedia.com/zh/chuang-jian-gif","404
200
200
200
200
404
200
200
200
200
200
200
404
404
404
200
200
200
404
200
200
200
200
200
404
200
404
200
200
200
404
404
200
404
200
404
200
200
200
200
404
200","More than one page is linked for the same language
Some pages don't include hreflang links to all the other pages of the group
Some pages are not returning 200 status code",17321000843242609092,39,39
21,https://solvemymedia.com/it/velocita-video,"Modifica la velocità del video: editor video veloce e al rallentatore - SolveMyMedia
SolveMyMedia - Free Online Media Optimization Tools",text/html; charset=utf-8,false,200,0,true,"https://solvemymedia.com/ar/sraa-lfydyw
https://solvemymedia.com/ar/sraat-alfidyo
https://solvemymedia.com/cs/rychlost-videa
https://solvemymedia.com/da/videohastighed
https://solvemymedia.com/de/videogeschwindigkeit
https://solvemymedia.com/el/tahytita-vinteo
https://solvemymedia.com/el/taxyta-video
https://solvemymedia.com/es/velocidad-de-video
https://solvemymedia.com/fi/videon-nopeus
https://solvemymedia.com/fi/videonopeus
https://solvemymedia.com/fr/vitesse-video
https://solvemymedia.com/he/meherut-video
https://solvemymedia.com/he/mhyrvt-vydv
https://solvemymedia.com/hi/video-speed
https://solvemymedia.com/hi/viiddiyo-kii-gti
https://solvemymedia.com/hu/video-sebesseg
https://solvemymedia.com/id/kecepatan-video
https://solvemymedia.com/it/velocita-video
https://solvemymedia.com/ja/bideosu-du
https://solvemymedia.com/ko/bidio-sogdo
https://solvemymedia.com/ko/bidio-sokdo
https://solvemymedia.com/ms/kelajuan-video
https://solvemymedia.com/ms/laju-video
https://solvemymedia.com/nl/video-snelheid
https://solvemymedia.com/nl/videosnelheid
https://solvemymedia.com/no/videohastighet
https://solvemymedia.com/pl/predkosc-wideo
https://solvemymedia.com/pt/velocidade-do-video
https://solvemymedia.com/ro/viteza-video
https://solvemymedia.com/ru/skorost-video
https://solvemymedia.com/sk/rychlost-videa
https://solvemymedia.com/sv/videohastighet
https://solvemymedia.com/th/khwaamerwwidiio
https://solvemymedia.com/th/kwam-rew-wideo
https://solvemymedia.com/tr/video-hizi
https://solvemymedia.com/uk/shvidkist-video
https://solvemymedia.com/vi/toc-do-video
https://solvemymedia.com/video-speed
https://solvemymedia.com/video-speed
https://solvemymedia.com/zh/shi-pin-su-du","200
404
200
200
200
200
404
200
200
404
200
404
404
404
200
200
200
200
200
200
404
200
404
404
200
200
200
200
200
200
404
200
200
404
200
200
200
200
200
200","More than one page is linked for the same language
Some pages are not returning 200 status code",927488645351648793,37,37
21,https://solvemymedia.com/vi/cat-video,"Cắt video trực tuyến - Công cụ cắt video miễn phí - SolveMyMedia
SolveMyMedia - Free Online Media Optimization Tools",text/html; charset=utf-8,false,200,0,true,"https://solvemymedia.com/ar/fydyw-lmhsyl
https://solvemymedia.com/ar/qtaalfidyo
https://solvemymedia.com/crop-video
https://solvemymedia.com/crop-video
https://solvemymedia.com/cs/orezat-video
https://solvemymedia.com/cs/oriznout-video
https://solvemymedia.com/da/beskaer-video
https://solvemymedia.com/da/beskare-video
https://solvemymedia.com/de/video-zuschneiden
https://solvemymedia.com/el/kopsi-video
https://solvemymedia.com/el/perikopi-vinteo
https://solvemymedia.com/es/recortar-video
https://solvemymedia.com/fi/rajaa-video
https://solvemymedia.com/fr/video-de-recadrage
https://solvemymedia.com/he/gzor-video
https://solvemymedia.com/he/khytvk-srtvn
https://solvemymedia.com/hi/phsl-viiddiyo
https://solvemymedia.com/hi/video-crop-kare
https://solvemymedia.com/hu/vagja-le-a-videot
https://solvemymedia.com/hu/video-vagasa
https://solvemymedia.com/id/potong-video
https://solvemymedia.com/it/ritaglia-video
https://solvemymedia.com/it/ritagliare-il-video
https://solvemymedia.com/ja/bideowokurotupusuru
https://solvemymedia.com/ko/bidio-jallagi
https://solvemymedia.com/ko/bidio-jareugi
https://solvemymedia.com/ms/pangkas-video
https://solvemymedia.com/ms/potong-video
https://solvemymedia.com/nl/video-bijsnijden
https://solvemymedia.com/no/beskjaer-video
https://solvemymedia.com/no/beskjaere-video
https://solvemymedia.com/pl/przytnij-wideo
https://solvemymedia.com/pt/cortar-video
https://solvemymedia.com/ro/decupati-videoclipul
https://solvemymedia.com/ro/taie-video
https://solvemymedia.com/ru/obrezat-video
https://solvemymedia.com/sk/orezat-video
https://solvemymedia.com/sv/beskara-video
https://solvemymedia.com/th/khrbtadwidiio
https://solvemymedia.com/th/krot-wideo
https://solvemymedia.com/tr/video-kirp
https://solvemymedia.com/tr/videoyu-kirp
https://solvemymedia.com/uk/kadruvannya-video
https://solvemymedia.com/uk/obrizati-video
https://solvemymedia.com/vi/cat-video
https://solvemymedia.com/zh/cai-jian-shi-pin
https://solvemymedia.com/zh/jian-jie-shi-pin","200
404
200
200
404
200
200
404
200
404
200
200
200
200
404
404
200
404
200
404
200
404
200
200
404
200
200
404
200
404
200
200
200
200
404
200
404
200
200
404
404
200
200
404
200
200
404","More than one page is linked for the same language
Some pages are not returning 200 status code",16724027953909618260,44,44
21,https://solvemymedia.com/de/videogeschwindigkeit,"Videogeschwindigkeit ändern – Zeitraffer- und Zeitlupen-Video-Editor - SolveMyMedia
SolveMyMedia - Free Online Media Optimization Tools",text/html; charset=utf-8,false,200,0,true,"https://solvemymedia.com/ar/sraa-lfydyw
https://solvemymedia.com/ar/sraat-alfidyo
https://solvemymedia.com/cs/rychlost-videa
https://solvemymedia.com/da/videohastighed
https://solvemymedia.com/de/videogeschwindigkeit
https://solvemymedia.com/el/tahytita-vinteo
https://solvemymedia.com/el/taxyta-video
https://solvemymedia.com/es/velocidad-de-video
https://solvemymedia.com/fi/videon-nopeus
https://solvemymedia.com/fi/videonopeus
https://solvemymedia.com/fr/vitesse-video
https://solvemymedia.com/he/meherut-video
https://solvemymedia.com/he/mhyrvt-vydv
https://solvemymedia.com/hi/video-speed
https://solvemymedia.com/hi/viiddiyo-kii-gti
https://solvemymedia.com/hu/video-sebesseg
https://solvemymedia.com/id/kecepatan-video
https://solvemymedia.com/it/velocita-video
https://solvemymedia.com/ja/bideosu-du
https://solvemymedia.com/ko/bidio-sogdo
https://solvemymedia.com/ko/bidio-sokdo
https://solvemymedia.com/ms/kelajuan-video
https://solvemymedia.com/ms/laju-video
https://solvemymedia.com/nl/video-snelheid
https://solvemymedia.com/nl/videosnelheid
https://solvemymedia.com/no/videohastighet
https://solvemymedia.com/pl/predkosc-wideo
https://solvemymedia.com/pt/velocidade-do-video
https://solvemymedia.com/ro/viteza-video
https://solvemymedia.com/ru/skorost-video
https://solvemymedia.com/sk/rychlost-videa
https://solvemymedia.com/sv/videohastighet
https://solvemymedia.com/th/khwaamerwwidiio
https://solvemymedia.com/th/kwam-rew-wideo
https://solvemymedia.com/tr/video-hizi
https://solvemymedia.com/uk/shvidkist-video
https://solvemymedia.com/vi/toc-do-video
https://solvemymedia.com/video-speed
https://solvemymedia.com/video-speed
https://solvemymedia.com/zh/shi-pin-su-du","200
404
200
200
200
200
404
200
200
404
200
404
404
404
200
200
200
200
200
200
404
200
404
404
200
200
200
200
200
200
404
200
200
404
200
200
200
200
200
200","More than one page is linked for the same language
Some pages are not returning 200 status code",927488645351648793,37,37
21,https://solvemymedia.com/ru/video-v-audio,"Извлечение аудио из видео - конвертер видео в MP3 - SolveMyMedia
SolveMyMedia - Free Online Media Optimization Tools",text/html; charset=utf-8,false,200,0,true,"https://solvemymedia.com/ar/fidyo-ila-sawt
https://solvemymedia.com/ar/lfydyw-l-lswt
https://solvemymedia.com/cs/video-na-audio
https://solvemymedia.com/cs/video-na-zvuk
https://solvemymedia.com/da/video-til-lyd
https://solvemymedia.com/de/video-zu-audio
https://solvemymedia.com/el/video-se-audio
https://solvemymedia.com/el/vinteo-se-iho
https://solvemymedia.com/es/video-a-audio
https://solvemymedia.com/fi/video-audioksi
https://solvemymedia.com/fi/videosta-aaneksi
https://solvemymedia.com/fr/video-en-audio
https://solvemymedia.com/he/video-leaudio
https://solvemymedia.com/he/vydv-lvdyv
https://solvemymedia.com/hi/video-se-audio
https://solvemymedia.com/hi/viiddiyo-se-onddiyo
https://solvemymedia.com/hu/video-hanggya
https://solvemymedia.com/hu/videorol-hangra
https://solvemymedia.com/id/video-ke-audio
https://solvemymedia.com/it/video-in-audio
https://solvemymedia.com/ja/bideokaraodeiohe
https://solvemymedia.com/ko/bidio-eseo-odio
https://solvemymedia.com/ko/bidioreul-odioro
https://solvemymedia.com/ms/video-ke-audio
https://solvemymedia.com/ms/video-kepada-audio
https://solvemymedia.com/nl/video-naar-audio
https://solvemymedia.com/no/video-til-lyd
https://solvemymedia.com/pl/wideo-do-dzwieku
https://solvemymedia.com/pl/wideo-na-audio
https://solvemymedia.com/pt/video-para-audio
https://solvemymedia.com/ro/video-in-audio
https://solvemymedia.com/ro/video-la-audio
https://solvemymedia.com/ru/video-v-audio
https://solvemymedia.com/sk/video-na-audio
https://solvemymedia.com/sk/video-na-zvuk
https://solvemymedia.com/sv/video-till-ljud
https://solvemymedia.com/th/wideo-phen-siang
https://solvemymedia.com/th/widiioepnesiiyng
https://solvemymedia.com/tr/videodan-ses
https://solvemymedia.com/tr/videodan-sese
https://solvemymedia.com/uk/video-v-audio
https://solvemymedia.com/vi/video-sang-am-thanh
https://solvemymedia.com/vi/video-thanh-am-thanh
https://solvemymedia.com/video-to-audio
https://solvemymedia.com/video-to-audio
https://solvemymedia.com/zh/shi-pin-zhuan-yin-pin","404
200
404
200
200
200
404
200
200
404
200
200
404
404
404
200
404
200
200
200
200
404
200
404
200
200
200
200
404
200
200
404
200
404
404
200
404
200
404
200
200
404
200
200
200
200","More than one page is linked for the same language
Some pages don't include hreflang links to all the other pages of the group
Some pages are not returning 200 status code",2926664764167155975,42,42
21,https://solvemymedia.com/ko/bidio-byeonhwan,"비디오 형식 변환 - 무료 온라인 비디오 변환기 - SolveMyMedia
SolveMyMedia - Free Online Media Optimization Tools",text/html; charset=utf-8,false,200,0,true,"https://solvemymedia.com/ar/thwyl-alfidyo
https://solvemymedia.com/ar/thwyl-lfydyw
https://solvemymedia.com/convert-video
https://solvemymedia.com/convert-video
https://solvemymedia.com/cs/konvertovat-video
https://solvemymedia.com/cs/prevest-video
https://solvemymedia.com/da/konverter-video
https://solvemymedia.com/da/konvertere-video
https://solvemymedia.com/de/video-konvertieren
https://solvemymedia.com/el/metaporpe-video
https://solvemymedia.com/el/metatropi-vinteo
https://solvemymedia.com/es/convertir-video
https://solvemymedia.com/fi/muunna-video
https://solvemymedia.com/fi/muuntaa-videon
https://solvemymedia.com/fr/convertir-une-video
https://solvemymedia.com/he/hmr-video
https://solvemymedia.com/he/lhmyr-vydv
https://solvemymedia.com/hi/video-convert-kare
https://solvemymedia.com/hi/viiddiyo-privrtit-kren
https://solvemymedia.com/hu/video-konvertalasa
https://solvemymedia.com/id/mengkonversi-video
https://solvemymedia.com/it/converti-video
https://solvemymedia.com/it/convertire-video
https://solvemymedia.com/ja/bideowobian-huan-suru
https://solvemymedia.com/ko/bidio-byeonhwan
https://solvemymedia.com/ms/menukar-video
https://solvemymedia.com/ms/tukar-video
https://solvemymedia.com/nl/video-converteren
https://solvemymedia.com/no/konvertere-video
https://solvemymedia.com/pl/konwertuj-wideo
https://solvemymedia.com/pt/converter-video
https://solvemymedia.com/ro/converteste-video
https://solvemymedia.com/ro/converti-video
https://solvemymedia.com/ru/konvertirovat-video
https://solvemymedia.com/sk/konvertovat-video
https://solvemymedia.com/sv/konvertera-video
https://solvemymedia.com/th/aeplngwidiio
https://solvemymedia.com/th/pli-an-wideo
https://solvemymedia.com/tr/video-donustur
https://solvemymedia.com/tr/videoyu-donustur
https://solvemymedia.com/uk/konvertuvati-video
https://solvemymedia.com/vi/chuyen-doi-video
https://solvemymedia.com/zh/zhuan-huan-shi-pin","404
200
200
200
404
200
404
200
200
404
200
200
404
200
200
404
404
404
200
200
200
404
200
200
200
200
404
200
200
200
200
404
200
200
404
200
200
404
404
200
200
200
200","More than one page is linked for the same language
Some pages don't include hreflang links to all the other pages of the group
Some pages are not returning 200 status code",3718947784658654109,40,40
21,https://solvemymedia.com/fr/compresser-laudio,"Compresser l'audio en ligne - Compresseur audio gratuit - SolveMyMedia
SolveMyMedia - Free Online Media Optimization Tools",text/html; charset=utf-8,false,200,0,true,"https://solvemymedia.com/ar/dght-alsawt
https://solvemymedia.com/ar/dgt-lswt
https://solvemymedia.com/compress-audio
https://solvemymedia.com/compress-audio
https://solvemymedia.com/cs/komprimovat-audio
https://solvemymedia.com/cs/komprimovat-zvuk
https://solvemymedia.com/da/komprimer-lyd
https://solvemymedia.com/da/komprimere-lyd
https://solvemymedia.com/de/audio-komprimieren
https://solvemymedia.com/el/symnpiesost-audio
https://solvemymedia.com/el/sympiesi-ihoy
https://solvemymedia.com/es/comprimir-audio
https://solvemymedia.com/fi/pakkaa-aanta
https://solvemymedia.com/fi/pakkaa-audio
https://solvemymedia.com/fr/compresser-laudio
https://solvemymedia.com/he/dchisot-audio
https://solvemymedia.com/he/ldkhvs-vdyv
https://solvemymedia.com/hi/audio-compress-kare
https://solvemymedia.com/hi/onddiyo-snpiiddit-kren
https://solvemymedia.com/hu/hang-tomoritese
https://solvemymedia.com/hu/tomoriti-a-hangot
https://solvemymedia.com/id/kompres-audio
https://solvemymedia.com/it/comprimere-laudio
https://solvemymedia.com/it/comprimi-audio
https://solvemymedia.com/ja/odeiowoya-suo-suru
https://solvemymedia.com/ko/odio-abcug
https://solvemymedia.com/ko/odio-apchuk
https://solvemymedia.com/ms/mampat-audio
https://solvemymedia.com/ms/memampatkan-audio
https://solvemymedia.com/nl/audio-comprimeren
https://solvemymedia.com/no/komprimere-lyd
https://solvemymedia.com/pl/kompresowac-dzwiek
https://solvemymedia.com/pl/kompresuj-audio
https://solvemymedia.com/pt/comprimir-audio
https://solvemymedia.com/ro/comprima-audio
https://solvemymedia.com/ru/szhat-audio
https://solvemymedia.com/ru/szhimat-audio
https://solvemymedia.com/sk/komprimovat-audio
https://solvemymedia.com/sk/komprimovat-zvuk
https://solvemymedia.com/sv/komprimera-ljud
https://solvemymedia.com/th/biibadesiiyng
https://solvemymedia.com/th/ko-op-audio
https://solvemymedia.com/tr/ses-sikistir
https://solvemymedia.com/tr/sesi-sikistir
https://solvemymedia.com/uk/stiskati-audio
https://solvemymedia.com/uk/sty-snuti-audio
https://solvemymedia.com/vi/nen-am-thanh
https://solvemymedia.com/zh/ya-suo-yin-pin","404
200
200
200
404
200
404
200
200
404
200
200
200
404
200
404
404
404
200
404
200
200
200
404
200
200
404
404
200
200
200
200
404
200
200
404
200
404
404
200
200
404
404
200
200
404
200
200","More than one page is linked for the same language
Some pages don't include hreflang links to all the other pages of the group
Some pages are not returning 200 status code",5785178085625259770,44,44
21,https://solvemymedia.com/sv/konvertera-video,"Konvertera videoformat - Gratis onlinevideokonverterare - SolveMyMedia
SolveMyMedia - Free Online Media Optimization Tools",text/html; charset=utf-8,false,200,0,true,"https://solvemymedia.com/ar/thwyl-alfidyo
https://solvemymedia.com/ar/thwyl-lfydyw
https://solvemymedia.com/convert-video
https://solvemymedia.com/convert-video
https://solvemymedia.com/cs/konvertovat-video
https://solvemymedia.com/cs/prevest-video
https://solvemymedia.com/da/konverter-video
https://solvemymedia.com/da/konvertere-video
https://solvemymedia.com/de/video-konvertieren
https://solvemymedia.com/el/metaporpe-video
https://solvemymedia.com/el/metatropi-vinteo
https://solvemymedia.com/es/convertir-video
https://solvemymedia.com/fi/muunna-video
https://solvemymedia.com/fi/muuntaa-videon
https://solvemymedia.com/fr/convertir-une-video
https://solvemymedia.com/he/hmr-video
https://solvemymedia.com/he/lhmyr-vydv
https://solvemymedia.com/hi/video-convert-kare
https://solvemymedia.com/hi/viiddiyo-privrtit-kren
https://solvemymedia.com/hu/video-konvertalasa
https://solvemymedia.com/id/mengkonversi-video
https://solvemymedia.com/it/converti-video
https://solvemymedia.com/it/convertire-video
https://solvemymedia.com/ja/bideowobian-huan-suru
https://solvemymedia.com/ko/bidio-byeonhwan
https://solvemymedia.com/ms/menukar-video
https://solvemymedia.com/ms/tukar-video
https://solvemymedia.com/nl/video-converteren
https://solvemymedia.com/no/konvertere-video
https://solvemymedia.com/pl/konwertuj-wideo
https://solvemymedia.com/pt/converter-video
https://solvemymedia.com/ro/converteste-video
https://solvemymedia.com/ro/converti-video
https://solvemymedia.com/ru/konvertirovat-video
https://solvemymedia.com/sk/konvertovat-video
https://solvemymedia.com/sv/konvertera-video
https://solvemymedia.com/th/aeplngwidiio
https://solvemymedia.com/th/pli-an-wideo
https://solvemymedia.com/tr/video-donustur
https://solvemymedia.com/tr/videoyu-donustur
https://solvemymedia.com/uk/konvertuvati-video
https://solvemymedia.com/vi/chuyen-doi-video
https://solvemymedia.com/zh/zhuan-huan-shi-pin","404
200
200
200
404
200
404
200
200
404
200
200
404
200
200
404
404
404
200
200
200
404
200
200
200
200
404
200
200
200
200
404
200
200
404
200
200
404
404
200
200
200
200","More than one page is linked for the same language
Some pages don't include hreflang links to all the other pages of the group
Some pages are not returning 200 status code",3718947784658654109,40,40
21,https://solvemymedia.com/pt/converter-audio,"Converter formatos de áudio - Conversor de áudio online gratuito - SolveMyMedia
SolveMyMedia - Free Online Media Optimization Tools",text/html; charset=utf-8,false,200,0,true,"https://solvemymedia.com/ar/thwyl-alsawt
https://solvemymedia.com/ar/thwyl-lswt
https://solvemymedia.com/convert-audio
https://solvemymedia.com/convert-audio
https://solvemymedia.com/cs/konvertovat-audio
https://solvemymedia.com/cs/prevest-zvuk
https://solvemymedia.com/da/konverter-lyd
https://solvemymedia.com/da/konvertere-lyd
https://solvemymedia.com/de/audio-konvertieren
https://solvemymedia.com/el/metaporpe-audio
https://solvemymedia.com/el/metatropi-ihoy
https://solvemymedia.com/es/convertir-audio
https://solvemymedia.com/fi/muunna-audio
https://solvemymedia.com/fi/muuntaa-aanta
https://solvemymedia.com/fr/convertir-laudio
https://solvemymedia.com/he/hmr-audio
https://solvemymedia.com/he/lhmyr-vdyv
https://solvemymedia.com/hi/audio-convert-kare
https://solvemymedia.com/hi/onddiyo-privrtit-kren
https://solvemymedia.com/hu/hang-konvertalasa
https://solvemymedia.com/hu/hangot-konvertalni
https://solvemymedia.com/id/mengkonversi-audio
https://solvemymedia.com/it/converti-audio
https://solvemymedia.com/it/convertire-laudio
https://solvemymedia.com/ja/odeiowobian-huan-suru
https://solvemymedia.com/ko/odio-byeonhwan
https://solvemymedia.com/ms/menukar-audio
https://solvemymedia.com/ms/tukar-audio
https://solvemymedia.com/nl/audio-converteren
https://solvemymedia.com/no/konvertere-lyd
https://solvemymedia.com/pl/konwertowac-dzwiek
https://solvemymedia.com/pl/konwertuj-audio
https://solvemymedia.com/pt/converter-audio
https://solvemymedia.com/ro/converteste-audio
https://solvemymedia.com/ro/converti-audio
https://solvemymedia.com/ru/konvertirovat-audio
https://solvemymedia.com/sk/konvertovat-audio
https://solvemymedia.com/sk/konvertovat-zvuk
https://solvemymedia.com/sv/konvertera-ljud
https://solvemymedia.com/th/aeplngesiiyng
https://solvemymedia.com/th/pli-an-audio
https://solvemymedia.com/tr/ses-donustur
https://solvemymedia.com/tr/sesi-donustur
https://solvemymedia.com/uk/konvertuvati-audio
https://solvemymedia.com/vi/chuyen-doi-am-thanh
https://solvemymedia.com/zh/zhuan-huan-yin-pin","404
200
200
200
404
200
404
200
200
404
200
200
404
200
200
404
404
404
200
404
200
200
404
200
200
200
200
404
200
200
200
404
200
404
200
200
404
404
200
200
404
404
200
200
200
200","More than one page is linked for the same language
Some pages don't include hreflang links to all the other pages of the group
Some pages are not returning 200 status code",9570318248645165765,42,42
21,https://solvemymedia.com/ms/buat-gif,"Video kepada Pembuat GIF - Tukar Video kepada GIF Beranimasi - SolveMyMedia
SolveMyMedia - Free Online Media Optimization Tools",text/html; charset=utf-8,false,200,0,true,"https://solvemymedia.com/ar/anshaaa-gif
https://solvemymedia.com/ar/nsh-swr-mthrk
https://solvemymedia.com/create-gif
https://solvemymedia.com/create-gif
https://solvemymedia.com/cs/vytvorit-gif
https://solvemymedia.com/da/opret-gif
https://solvemymedia.com/da/oprette-gif
https://solvemymedia.com/de/gif-erstellen
https://solvemymedia.com/el/dimioyrgia-gif
https://solvemymedia.com/es/crear-gif
https://solvemymedia.com/fi/luo-gif
https://solvemymedia.com/fr/creer-un-gif
https://solvemymedia.com/he/lytsvr-gif
https://solvemymedia.com/he/tzor-gif
https://solvemymedia.com/hi/gif-banaye
https://solvemymedia.com/hi/gif-bnaaen
https://solvemymedia.com/hu/gif-letrehozasa
https://solvemymedia.com/id/membuat-gif
https://solvemymedia.com/it/crea-gif
https://solvemymedia.com/it/creare-una-gif
https://solvemymedia.com/ja/gifwozuo-cheng
https://solvemymedia.com/ko/gif-mandeulgi
https://solvemymedia.com/ms/buat-gif
https://solvemymedia.com/nl/gif-maken
https://solvemymedia.com/no/lag-gif
https://solvemymedia.com/no/lage-gif
https://solvemymedia.com/pl/stworz-gif
https://solvemymedia.com/pl/utworz-gifa
https://solvemymedia.com/pt/criar-gif
https://solvemymedia.com/ro/creati-gif
https://solvemymedia.com/ro/creeaza-gif
https://solvemymedia.com/ru/sozdat-gif
https://solvemymedia.com/ru/sozdat-gifku
https://solvemymedia.com/sk/vytvorit-gif
https://solvemymedia.com/sv/skapa-gif
https://solvemymedia.com/th/sang-gif
https://solvemymedia.com/th/sraangkif
https://solvemymedia.com/tr/gif-olustur
https://solvemymedia.com/uk/stvoriti-gif
https://solvemymedia.com/vi/tao-anh-gif
https://solvemymedia.com/vi/tao-gif
https://solvemymedia.com/zh/chuang-jian-gif","404
200
200
200
200
404
200
200
200
200
200
200
404
404
404
200
200
200
404
200
200
200
200
200
404
200
404
200
200
200
404
404
200
404
200
404
200
200
200
200
404
200","More than one page is linked for the same language
Some pages don't include hreflang links to all the other pages of the group
Some pages are not returning 200 status code",17321000843242609092,39,39
21,https://solvemymedia.com/ko/gif-mandeulgi,"비디오를 GIF 메이커로 - 비디오를 애니메이션 GIF로 변환 - SolveMyMedia
SolveMyMedia - Free Online Media Optimization Tools",text/html; charset=utf-8,false,200,0,true,"https://solvemymedia.com/ar/anshaaa-gif
https://solvemymedia.com/ar/nsh-swr-mthrk
https://solvemymedia.com/create-gif
https://solvemymedia.com/create-gif
https://solvemymedia.com/cs/vytvorit-gif
https://solvemymedia.com/da/opret-gif
https://solvemymedia.com/da/oprette-gif
https://solvemymedia.com/de/gif-erstellen
https://solvemymedia.com/el/dimioyrgia-gif
https://solvemymedia.com/es/crear-gif
https://solvemymedia.com/fi/luo-gif
https://solvemymedia.com/fr/creer-un-gif
https://solvemymedia.com/he/lytsvr-gif
https://solvemymedia.com/he/tzor-gif
https://solvemymedia.com/hi/gif-banaye
https://solvemymedia.com/hi/gif-bnaaen
https://solvemymedia.com/hu/gif-letrehozasa
https://solvemymedia.com/id/membuat-gif
https://solvemymedia.com/it/crea-gif
https://solvemymedia.com/it/creare-una-gif
https://solvemymedia.com/ja/gifwozuo-cheng
https://solvemymedia.com/ko/gif-mandeulgi
https://solvemymedia.com/ms/buat-gif
https://solvemymedia.com/nl/gif-maken
https://solvemymedia.com/no/lag-gif
https://solvemymedia.com/no/lage-gif
https://solvemymedia.com/pl/stworz-gif
https://solvemymedia.com/pl/utworz-gifa
https://solvemymedia.com/pt/criar-gif
https://solvemymedia.com/ro/creati-gif
https://solvemymedia.com/ro/creeaza-gif
https://solvemymedia.com/ru/sozdat-gif
https://solvemymedia.com/ru/sozdat-gifku
https://solvemymedia.com/sk/vytvorit-gif
https://solvemymedia.com/sv/skapa-gif
https://solvemymedia.com/th/sang-gif
https://solvemymedia.com/th/sraangkif
https://solvemymedia.com/tr/gif-olustur
https://solvemymedia.com/uk/stvoriti-gif
https://solvemymedia.com/vi/tao-anh-gif
https://solvemymedia.com/vi/tao-gif
https://solvemymedia.com/zh/chuang-jian-gif","404
200
200
200
200
404
200
200
200
200
200
200
404
404
404
200
200
200
404
200
200
200
200
200
404
200
404
200
200
200
404
404
200
404
200
404
200
200
200
200
404
200","More than one page is linked for the same language
Some pages don't include hreflang links to all the other pages of the group
Some pages are not returning 200 status code",17321000843242609092,39,39
21,https://solvemymedia.com/vi/chuyen-doi-video,"Chuyển đổi định dạng video - Chuyển đổi video trực tuyến miễn phí - SolveMyMedia
SolveMyMedia - Free Online Media Optimization Tools",text/html; charset=utf-8,false,200,0,true,"https://solvemymedia.com/ar/thwyl-alfidyo
https://solvemymedia.com/ar/thwyl-lfydyw
https://solvemymedia.com/convert-video
https://solvemymedia.com/convert-video
https://solvemymedia.com/cs/konvertovat-video
https://solvemymedia.com/cs/prevest-video
https://solvemymedia.com/da/konverter-video
https://solvemymedia.com/da/konvertere-video
https://solvemymedia.com/de/video-konvertieren
https://solvemymedia.com/el/metaporpe-video
https://solvemymedia.com/el/metatropi-vinteo
https://solvemymedia.com/es/convertir-video
https://solvemymedia.com/fi/muunna-video
https://solvemymedia.com/fi/muuntaa-videon
https://solvemymedia.com/fr/convertir-une-video
https://solvemymedia.com/he/hmr-video
https://solvemymedia.com/he/lhmyr-vydv
https://solvemymedia.com/hi/video-convert-kare
https://solvemymedia.com/hi/viiddiyo-privrtit-kren
https://solvemymedia.com/hu/video-konvertalasa
https://solvemymedia.com/id/mengkonversi-video
https://solvemymedia.com/it/converti-video
https://solvemymedia.com/it/convertire-video
https://solvemymedia.com/ja/bideowobian-huan-suru
https://solvemymedia.com/ko/bidio-byeonhwan
https://solvemymedia.com/ms/menukar-video
https://solvemymedia.com/ms/tukar-video
https://solvemymedia.com/nl/video-converteren
https://solvemymedia.com/no/konvertere-video
https://solvemymedia.com/pl/konwertuj-wideo
https://solvemymedia.com/pt/converter-video
https://solvemymedia.com/ro/converteste-video
https://solvemymedia.com/ro/converti-video
https://solvemymedia.com/ru/konvertirovat-video
https://solvemymedia.com/sk/konvertovat-video
https://solvemymedia.com/sv/konvertera-video
https://solvemymedia.com/th/aeplngwidiio
https://solvemymedia.com/th/pli-an-wideo
https://solvemymedia.com/tr/video-donustur
https://solvemymedia.com/tr/videoyu-donustur
https://solvemymedia.com/uk/konvertuvati-video
https://solvemymedia.com/vi/chuyen-doi-video
https://solvemymedia.com/zh/zhuan-huan-shi-pin","404
200
200
200
404
200
404
200
200
404
200
200
404
200
200
404
404
404
200
200
200
404
200
200
200
200
404
200
200
200
200
404
200
200
404
200
200
404
404
200
200
200
200","More than one page is linked for the same language
Some pages don't include hreflang links to all the other pages of the group
Some pages are not returning 200 status code",3718947784658654109,40,40
21,https://solvemymedia.com/fi/rajaa-video,"Rajaa videoita verkossa - ilmainen videoleikkurin työkalu - SolveMyMedia
SolveMyMedia - Free Online Media Optimization Tools",text/html; charset=utf-8,false,200,0,true,"https://solvemymedia.com/ar/fydyw-lmhsyl
https://solvemymedia.com/ar/qtaalfidyo
https://solvemymedia.com/crop-video
https://solvemymedia.com/crop-video
https://solvemymedia.com/cs/orezat-video
https://solvemymedia.com/cs/oriznout-video
https://solvemymedia.com/da/beskaer-video
https://solvemymedia.com/da/beskare-video
https://solvemymedia.com/de/video-zuschneiden
https://solvemymedia.com/el/kopsi-video
https://solvemymedia.com/el/perikopi-vinteo
https://solvemymedia.com/es/recortar-video
https://solvemymedia.com/fi/rajaa-video
https://solvemymedia.com/fr/video-de-recadrage
https://solvemymedia.com/he/gzor-video
https://solvemymedia.com/he/khytvk-srtvn
https://solvemymedia.com/hi/phsl-viiddiyo
https://solvemymedia.com/hi/video-crop-kare
https://solvemymedia.com/hu/vagja-le-a-videot
https://solvemymedia.com/hu/video-vagasa
https://solvemymedia.com/id/potong-video
https://solvemymedia.com/it/ritaglia-video
https://solvemymedia.com/it/ritagliare-il-video
https://solvemymedia.com/ja/bideowokurotupusuru
https://solvemymedia.com/ko/bidio-jallagi
https://solvemymedia.com/ko/bidio-jareugi
https://solvemymedia.com/ms/pangkas-video
https://solvemymedia.com/ms/potong-video
https://solvemymedia.com/nl/video-bijsnijden
https://solvemymedia.com/no/beskjaer-video
https://solvemymedia.com/no/beskjaere-video
https://solvemymedia.com/pl/przytnij-wideo
https://solvemymedia.com/pt/cortar-video
https://solvemymedia.com/ro/decupati-videoclipul
https://solvemymedia.com/ro/taie-video
https://solvemymedia.com/ru/obrezat-video
https://solvemymedia.com/sk/orezat-video
https://solvemymedia.com/sv/beskara-video
https://solvemymedia.com/th/khrbtadwidiio
https://solvemymedia.com/th/krot-wideo
https://solvemymedia.com/tr/video-kirp
https://solvemymedia.com/tr/videoyu-kirp
https://solvemymedia.com/uk/kadruvannya-video
https://solvemymedia.com/uk/obrizati-video
https://solvemymedia.com/vi/cat-video
https://solvemymedia.com/zh/cai-jian-shi-pin
https://solvemymedia.com/zh/jian-jie-shi-pin","200
404
200
200
404
200
200
404
200
404
200
200
200
200
404
404
200
404
200
404
200
404
200
200
404
200
200
404
200
404
200
200
200
200
404
200
404
200
200
404
404
200
200
404
200
200
404","More than one page is linked for the same language
Some pages are not returning 200 status code",16724027953909618260,44,44
21,https://solvemymedia.com/pl/przytnij-wideo,"Przycinaj wideo online — bezpłatne narzędzie do przycinania wideo - SolveMyMedia
SolveMyMedia - Free Online Media Optimization Tools",text/html; charset=utf-8,false,200,0,true,"https://solvemymedia.com/ar/fydyw-lmhsyl
https://solvemymedia.com/ar/qtaalfidyo
https://solvemymedia.com/crop-video
https://solvemymedia.com/crop-video
https://solvemymedia.com/cs/orezat-video
https://solvemymedia.com/cs/oriznout-video
https://solvemymedia.com/da/beskaer-video
https://solvemymedia.com/da/beskare-video
https://solvemymedia.com/de/video-zuschneiden
https://solvemymedia.com/el/kopsi-video
https://solvemymedia.com/el/perikopi-vinteo
https://solvemymedia.com/es/recortar-video
https://solvemymedia.com/fi/rajaa-video
https://solvemymedia.com/fr/video-de-recadrage
https://solvemymedia.com/he/gzor-video
https://solvemymedia.com/he/khytvk-srtvn
https://solvemymedia.com/hi/phsl-viiddiyo
https://solvemymedia.com/hi/video-crop-kare
https://solvemymedia.com/hu/vagja-le-a-videot
https://solvemymedia.com/hu/video-vagasa
https://solvemymedia.com/id/potong-video
https://solvemymedia.com/it/ritaglia-video
https://solvemymedia.com/it/ritagliare-il-video
https://solvemymedia.com/ja/bideowokurotupusuru
https://solvemymedia.com/ko/bidio-jallagi
https://solvemymedia.com/ko/bidio-jareugi
https://solvemymedia.com/ms/pangkas-video
https://solvemymedia.com/ms/potong-video
https://solvemymedia.com/nl/video-bijsnijden
https://solvemymedia.com/no/beskjaer-video
https://solvemymedia.com/no/beskjaere-video
https://solvemymedia.com/pl/przytnij-wideo
https://solvemymedia.com/pt/cortar-video
https://solvemymedia.com/ro/decupati-videoclipul
https://solvemymedia.com/ro/taie-video
https://solvemymedia.com/ru/obrezat-video
https://solvemymedia.com/sk/orezat-video
https://solvemymedia.com/sv/beskara-video
https://solvemymedia.com/th/khrbtadwidiio
https://solvemymedia.com/th/krot-wideo
https://solvemymedia.com/tr/video-kirp
https://solvemymedia.com/tr/videoyu-kirp
https://solvemymedia.com/uk/kadruvannya-video
https://solvemymedia.com/uk/obrizati-video
https://solvemymedia.com/vi/cat-video
https://solvemymedia.com/zh/cai-jian-shi-pin
https://solvemymedia.com/zh/jian-jie-shi-pin","200
404
200
200
404
200
200
404
200
404
200
200
200
200
404
404
200
404
200
404
200
404
200
200
404
200
200
404
200
404
200
200
200
200
404
200
404
200
200
404
404
200
200
404
200
200
404","More than one page is linked for the same language
Some pages are not returning 200 status code",16724027953909618260,44,44
21,https://solvemymedia.com/da/videohastighed,"Skift videohastighed - Fast & Slow Motion Video Editor - SolveMyMedia
SolveMyMedia - Free Online Media Optimization Tools",text/html; charset=utf-8,false,200,0,true,"https://solvemymedia.com/ar/sraa-lfydyw
https://solvemymedia.com/ar/sraat-alfidyo
https://solvemymedia.com/cs/rychlost-videa
https://solvemymedia.com/da/videohastighed
https://solvemymedia.com/de/videogeschwindigkeit
https://solvemymedia.com/el/tahytita-vinteo
https://solvemymedia.com/el/taxyta-video
https://solvemymedia.com/es/velocidad-de-video
https://solvemymedia.com/fi/videon-nopeus
https://solvemymedia.com/fi/videonopeus
https://solvemymedia.com/fr/vitesse-video
https://solvemymedia.com/he/meherut-video
https://solvemymedia.com/he/mhyrvt-vydv
https://solvemymedia.com/hi/video-speed
https://solvemymedia.com/hi/viiddiyo-kii-gti
https://solvemymedia.com/hu/video-sebesseg
https://solvemymedia.com/id/kecepatan-video
https://solvemymedia.com/it/velocita-video
https://solvemymedia.com/ja/bideosu-du
https://solvemymedia.com/ko/bidio-sogdo
https://solvemymedia.com/ko/bidio-sokdo
https://solvemymedia.com/ms/kelajuan-video
https://solvemymedia.com/ms/laju-video
https://solvemymedia.com/nl/video-snelheid
https://solvemymedia.com/nl/videosnelheid
https://solvemymedia.com/no/videohastighet
https://solvemymedia.com/pl/predkosc-wideo
https://solvemymedia.com/pt/velocidade-do-video
https://solvemymedia.com/ro/viteza-video
https://solvemymedia.com/ru/skorost-video
https://solvemymedia.com/sk/rychlost-videa
https://solvemymedia.com/sv/videohastighet
https://solvemymedia.com/th/khwaamerwwidiio
https://solvemymedia.com/th/kwam-rew-wideo
https://solvemymedia.com/tr/video-hizi
https://solvemymedia.com/uk/shvidkist-video
https://solvemymedia.com/vi/toc-do-video
https://solvemymedia.com/video-speed
https://solvemymedia.com/video-speed
https://solvemymedia.com/zh/shi-pin-su-du","200
404
200
200
200
200
404
200
200
404
200
404
404
404
200
200
200
200
200
200
404
200
404
404
200
200
200
200
200
200
404
200
200
404
200
200
200
200
200
200","More than one page is linked for the same language
Some pages are not returning 200 status code",927488645351648793,37,37
21,https://solvemymedia.com/hu/video-konvertalasa,"Videoformátumok konvertálása - Ingyenes online videokonverter - SolveMyMedia
SolveMyMedia - Free Online Media Optimization Tools",text/html; charset=utf-8,false,200,0,true,"https://solvemymedia.com/ar/thwyl-alfidyo
https://solvemymedia.com/ar/thwyl-lfydyw
https://solvemymedia.com/convert-video
https://solvemymedia.com/convert-video
https://solvemymedia.com/cs/konvertovat-video
https://solvemymedia.com/cs/prevest-video
https://solvemymedia.com/da/konverter-video
https://solvemymedia.com/da/konvertere-video
https://solvemymedia.com/de/video-konvertieren
https://solvemymedia.com/el/metaporpe-video
https://solvemymedia.com/el/metatropi-vinteo
https://solvemymedia.com/es/convertir-video
https://solvemymedia.com/fi/muunna-video
https://solvemymedia.com/fi/muuntaa-videon
https://solvemymedia.com/fr/convertir-une-video
https://solvemymedia.com/he/hmr-video
https://solvemymedia.com/he/lhmyr-vydv
https://solvemymedia.com/hi/video-convert-kare
https://solvemymedia.com/hi/viiddiyo-privrtit-kren
https://solvemymedia.com/hu/video-konvertalasa
https://solvemymedia.com/id/mengkonversi-video
https://solvemymedia.com/it/converti-video
https://solvemymedia.com/it/convertire-video
https://solvemymedia.com/ja/bideowobian-huan-suru
https://solvemymedia.com/ko/bidio-byeonhwan
https://solvemymedia.com/ms/menukar-video
https://solvemymedia.com/ms/tukar-video
https://solvemymedia.com/nl/video-converteren
https://solvemymedia.com/no/konvertere-video
https://solvemymedia.com/pl/konwertuj-wideo
https://solvemymedia.com/pt/converter-video
https://solvemymedia.com/ro/converteste-video
https://solvemymedia.com/ro/converti-video
https://solvemymedia.com/ru/konvertirovat-video
https://solvemymedia.com/sk/konvertovat-video
https://solvemymedia.com/sv/konvertera-video
https://solvemymedia.com/th/aeplngwidiio
https://solvemymedia.com/th/pli-an-wideo
https://solvemymedia.com/tr/video-donustur
https://solvemymedia.com/tr/videoyu-donustur
https://solvemymedia.com/uk/konvertuvati-video
https://solvemymedia.com/vi/chuyen-doi-video
https://solvemymedia.com/zh/zhuan-huan-shi-pin","404
200
200
200
404
200
404
200
200
404
200
200
404
200
200
404
404
404
200
200
200
404
200
200
200
200
404
200
200
200
200
404
200
200
404
200
200
404
404
200
200
200
200","More than one page is linked for the same language
Some pages don't include hreflang links to all the other pages of the group
Some pages are not returning 200 status code",3718947784658654109,40,40
21,https://solvemymedia.com/ro/comprima-audio,"Comprimare audio online - Compresor audio gratuit - SolveMyMedia
SolveMyMedia - Free Online Media Optimization Tools",text/html; charset=utf-8,false,200,0,true,"https://solvemymedia.com/ar/dght-alsawt
https://solvemymedia.com/ar/dgt-lswt
https://solvemymedia.com/compress-audio
https://solvemymedia.com/compress-audio
https://solvemymedia.com/cs/komprimovat-audio
https://solvemymedia.com/cs/komprimovat-zvuk
https://solvemymedia.com/da/komprimer-lyd
https://solvemymedia.com/da/komprimere-lyd
https://solvemymedia.com/de/audio-komprimieren
https://solvemymedia.com/el/symnpiesost-audio
https://solvemymedia.com/el/sympiesi-ihoy
https://solvemymedia.com/es/comprimir-audio
https://solvemymedia.com/fi/pakkaa-aanta
https://solvemymedia.com/fi/pakkaa-audio
https://solvemymedia.com/fr/compresser-laudio
https://solvemymedia.com/he/dchisot-audio
https://solvemymedia.com/he/ldkhvs-vdyv
https://solvemymedia.com/hi/audio-compress-kare
https://solvemymedia.com/hi/onddiyo-snpiiddit-kren
https://solvemymedia.com/hu/hang-tomoritese
https://solvemymedia.com/hu/tomoriti-a-hangot
https://solvemymedia.com/id/kompres-audio
https://solvemymedia.com/it/comprimere-laudio
https://solvemymedia.com/it/comprimi-audio
https://solvemymedia.com/ja/odeiowoya-suo-suru
https://solvemymedia.com/ko/odio-abcug
https://solvemymedia.com/ko/odio-apchuk
https://solvemymedia.com/ms/mampat-audio
https://solvemymedia.com/ms/memampatkan-audio
https://solvemymedia.com/nl/audio-comprimeren
https://solvemymedia.com/no/komprimere-lyd
https://solvemymedia.com/pl/kompresowac-dzwiek
https://solvemymedia.com/pl/kompresuj-audio
https://solvemymedia.com/pt/comprimir-audio
https://solvemymedia.com/ro/comprima-audio
https://solvemymedia.com/ru/szhat-audio
https://solvemymedia.com/ru/szhimat-audio
https://solvemymedia.com/sk/komprimovat-audio
https://solvemymedia.com/sk/komprimovat-zvuk
https://solvemymedia.com/sv/komprimera-ljud
https://solvemymedia.com/th/biibadesiiyng
https://solvemymedia.com/th/ko-op-audio
https://solvemymedia.com/tr/ses-sikistir
https://solvemymedia.com/tr/sesi-sikistir
https://solvemymedia.com/uk/stiskati-audio
https://solvemymedia.com/uk/sty-snuti-audio
https://solvemymedia.com/vi/nen-am-thanh
https://solvemymedia.com/zh/ya-suo-yin-pin","404
200
200
200
404
200
404
200
200
404
200
200
200
404
200
404
404
404
200
404
200
200
200
404
200
200
404
404
200
200
200
200
404
200
200
404
200
404
404
200
200
404
404
200
200
404
200
200","More than one page is linked for the same language
Some pages don't include hreflang links to all the other pages of the group
Some pages are not returning 200 status code",5785178085625259770,44,44
21,https://solvemymedia.com/zh/chuang-jian-gif,"Video to GIF Maker - 将视频转换为动画 GIF - SolveMyMedia
SolveMyMedia - Free Online Media Optimization Tools",text/html; charset=utf-8,false,200,0,true,"https://solvemymedia.com/ar/anshaaa-gif
https://solvemymedia.com/ar/nsh-swr-mthrk
https://solvemymedia.com/create-gif
https://solvemymedia.com/create-gif
https://solvemymedia.com/cs/vytvorit-gif
https://solvemymedia.com/da/opret-gif
https://solvemymedia.com/da/oprette-gif
https://solvemymedia.com/de/gif-erstellen
https://solvemymedia.com/el/dimioyrgia-gif
https://solvemymedia.com/es/crear-gif
https://solvemymedia.com/fi/luo-gif
https://solvemymedia.com/fr/creer-un-gif
https://solvemymedia.com/he/lytsvr-gif
https://solvemymedia.com/he/tzor-gif
https://solvemymedia.com/hi/gif-banaye
https://solvemymedia.com/hi/gif-bnaaen
https://solvemymedia.com/hu/gif-letrehozasa
https://solvemymedia.com/id/membuat-gif
https://solvemymedia.com/it/crea-gif
https://solvemymedia.com/it/creare-una-gif
https://solvemymedia.com/ja/gifwozuo-cheng
https://solvemymedia.com/ko/gif-mandeulgi
https://solvemymedia.com/ms/buat-gif
https://solvemymedia.com/nl/gif-maken
https://solvemymedia.com/no/lag-gif
https://solvemymedia.com/no/lage-gif
https://solvemymedia.com/pl/stworz-gif
https://solvemymedia.com/pl/utworz-gifa
https://solvemymedia.com/pt/criar-gif
https://solvemymedia.com/ro/creati-gif
https://solvemymedia.com/ro/creeaza-gif
https://solvemymedia.com/ru/sozdat-gif
https://solvemymedia.com/ru/sozdat-gifku
https://solvemymedia.com/sk/vytvorit-gif
https://solvemymedia.com/sv/skapa-gif
https://solvemymedia.com/th/sang-gif
https://solvemymedia.com/th/sraangkif
https://solvemymedia.com/tr/gif-olustur
https://solvemymedia.com/uk/stvoriti-gif
https://solvemymedia.com/vi/tao-anh-gif
https://solvemymedia.com/vi/tao-gif
https://solvemymedia.com/zh/chuang-jian-gif","404
200
200
200
200
404
200
200
200
200
200
200
404
404
404
200
200
200
404
200
200
200
200
200
404
200
404
200
200
200
404
404
200
404
200
404
200
200
200
200
404
200","More than one page is linked for the same language
Some pages don't include hreflang links to all the other pages of the group
Some pages are not returning 200 status code",17321000843242609092,39,39
21,https://solvemymedia.com/zh/zhuan-huan-shi-pin,"转换视频格式 - 免费在线视频转换器 - SolveMyMedia
SolveMyMedia - Free Online Media Optimization Tools",text/html; charset=utf-8,false,200,0,true,"https://solvemymedia.com/ar/thwyl-alfidyo
https://solvemymedia.com/ar/thwyl-lfydyw
https://solvemymedia.com/convert-video
https://solvemymedia.com/convert-video
https://solvemymedia.com/cs/konvertovat-video
https://solvemymedia.com/cs/prevest-video
https://solvemymedia.com/da/konverter-video
https://solvemymedia.com/da/konvertere-video
https://solvemymedia.com/de/video-konvertieren
https://solvemymedia.com/el/metaporpe-video
https://solvemymedia.com/el/metatropi-vinteo
https://solvemymedia.com/es/convertir-video
https://solvemymedia.com/fi/muunna-video
https://solvemymedia.com/fi/muuntaa-videon
https://solvemymedia.com/fr/convertir-une-video
https://solvemymedia.com/he/hmr-video
https://solvemymedia.com/he/lhmyr-vydv
https://solvemymedia.com/hi/video-convert-kare
https://solvemymedia.com/hi/viiddiyo-privrtit-kren
https://solvemymedia.com/hu/video-konvertalasa
https://solvemymedia.com/id/mengkonversi-video
https://solvemymedia.com/it/converti-video
https://solvemymedia.com/it/convertire-video
https://solvemymedia.com/ja/bideowobian-huan-suru
https://solvemymedia.com/ko/bidio-byeonhwan
https://solvemymedia.com/ms/menukar-video
https://solvemymedia.com/ms/tukar-video
https://solvemymedia.com/nl/video-converteren
https://solvemymedia.com/no/konvertere-video
https://solvemymedia.com/pl/konwertuj-wideo
https://solvemymedia.com/pt/converter-video
https://solvemymedia.com/ro/converteste-video
https://solvemymedia.com/ro/converti-video
https://solvemymedia.com/ru/konvertirovat-video
https://solvemymedia.com/sk/konvertovat-video
https://solvemymedia.com/sv/konvertera-video
https://solvemymedia.com/th/aeplngwidiio
https://solvemymedia.com/th/pli-an-wideo
https://solvemymedia.com/tr/video-donustur
https://solvemymedia.com/tr/videoyu-donustur
https://solvemymedia.com/uk/konvertuvati-video
https://solvemymedia.com/vi/chuyen-doi-video
https://solvemymedia.com/zh/zhuan-huan-shi-pin","404
200
200
200
404
200
404
200
200
404
200
200
404
200
200
404
404
404
200
200
200
404
200
200
200
200
404
200
200
200
200
404
200
200
404
200
200
404
404
200
200
200
200","More than one page is linked for the same language
Some pages don't include hreflang links to all the other pages of the group
Some pages are not returning 200 status code",3718947784658654109,40,40
21,https://solvemymedia.com/ro/comprima-video,"Compres Video Online - Compresor video securizat gratuit - SolveMyMedia
SolveMyMedia - Free Online Media Optimization Tools",text/html; charset=utf-8,false,200,0,true,"https://solvemymedia.com/ar/dght-alfidyo
https://solvemymedia.com/ar/dgt-lfydyw
https://solvemymedia.com/compress-video
https://solvemymedia.com/compress-video
https://solvemymedia.com/cs/komprimovat-video
https://solvemymedia.com/da/komprimer-video
https://solvemymedia.com/da/komprimere-video
https://solvemymedia.com/de/video-komprimieren
https://solvemymedia.com/el/symnpiesost-video
https://solvemymedia.com/el/sympiesi-vinteo
https://solvemymedia.com/es/comprimir-video
https://solvemymedia.com/fi/pakkaa-video
https://solvemymedia.com/fr/compresser-la-video
https://solvemymedia.com/he/dchisot-video
https://solvemymedia.com/he/ldkhvs-vydv
https://solvemymedia.com/hi/video-compress-kare
https://solvemymedia.com/hi/viiddiyo-snpiiddit-kren
https://solvemymedia.com/hu/video-tomoritese
https://solvemymedia.com/id/kompres-video
https://solvemymedia.com/it/comprimere-il-video
https://solvemymedia.com/it/comprimi-video
https://solvemymedia.com/ja/bideowoya-suo-suru
https://solvemymedia.com/ko/bidio-abcug
https://solvemymedia.com/ko/bidio-apchuk
https://solvemymedia.com/ms/mampat-video
https://solvemymedia.com/ms/memampatkan-video
https://solvemymedia.com/nl/video-comprimeren
https://solvemymedia.com/no/komprimere-video
https://solvemymedia.com/pl/kompresowac-wideo
https://solvemymedia.com/pl/kompresuj-wideo
https://solvemymedia.com/pt/compactar-video
https://solvemymedia.com/pt/comprimir-video
https://solvemymedia.com/ro/comprima-video
https://solvemymedia.com/ru/szhat-video
https://solvemymedia.com/ru/szhimat-video
https://solvemymedia.com/sk/komprimovat-video
https://solvemymedia.com/sv/komprimera-video
https://solvemymedia.com/th/biibadwidiio
https://solvemymedia.com/th/ko-op-wideo
https://solvemymedia.com/tr/video-sikistir
https://solvemymedia.com/tr/videoyu-sikistir
https://solvemymedia.com/uk/stiskati-video
https://solvemymedia.com/uk/sty-snuti-video
https://solvemymedia.com/vi/nen-video
https://solvemymedia.com/zh/ya-suo-shi-pin","404
200
200
200
200
404
200
200
404
200
200
200
200
404
404
404
200
200
200
200
404
200
200
404
404
200
200
200
200
404
200
404
200
404
200
404
200
200
404
404
200
200
404
200
200","More than one page is linked for the same language
Some pages don't include hreflang links to all the other pages of the group
Some pages are not returning 200 status code",926993157700666916,42,42
21,https://solvemymedia.com/ro/viteza-video,"Schimbați viteza video - Editor video cu mișcare rapidă și lentă - SolveMyMedia
SolveMyMedia - Free Online Media Optimization Tools",text/html; charset=utf-8,false,200,0,true,"https://solvemymedia.com/ar/sraa-lfydyw
https://solvemymedia.com/ar/sraat-alfidyo
https://solvemymedia.com/cs/rychlost-videa
https://solvemymedia.com/da/videohastighed
https://solvemymedia.com/de/videogeschwindigkeit
https://solvemymedia.com/el/tahytita-vinteo
https://solvemymedia.com/el/taxyta-video
https://solvemymedia.com/es/velocidad-de-video
https://solvemymedia.com/fi/videon-nopeus
https://solvemymedia.com/fi/videonopeus
https://solvemymedia.com/fr/vitesse-video
https://solvemymedia.com/he/meherut-video
https://solvemymedia.com/he/mhyrvt-vydv
https://solvemymedia.com/hi/video-speed
https://solvemymedia.com/hi/viiddiyo-kii-gti
https://solvemymedia.com/hu/video-sebesseg
https://solvemymedia.com/id/kecepatan-video
https://solvemymedia.com/it/velocita-video
https://solvemymedia.com/ja/bideosu-du
https://solvemymedia.com/ko/bidio-sogdo
https://solvemymedia.com/ko/bidio-sokdo
https://solvemymedia.com/ms/kelajuan-video
https://solvemymedia.com/ms/laju-video
https://solvemymedia.com/nl/video-snelheid
https://solvemymedia.com/nl/videosnelheid
https://solvemymedia.com/no/videohastighet
https://solvemymedia.com/pl/predkosc-wideo
https://solvemymedia.com/pt/velocidade-do-video
https://solvemymedia.com/ro/viteza-video
https://solvemymedia.com/ru/skorost-video
https://solvemymedia.com/sk/rychlost-videa
https://solvemymedia.com/sv/videohastighet
https://solvemymedia.com/th/khwaamerwwidiio
https://solvemymedia.com/th/kwam-rew-wideo
https://solvemymedia.com/tr/video-hizi
https://solvemymedia.com/uk/shvidkist-video
https://solvemymedia.com/vi/toc-do-video
https://solvemymedia.com/video-speed
https://solvemymedia.com/video-speed
https://solvemymedia.com/zh/shi-pin-su-du","200
404
200
200
200
200
404
200
200
404
200
404
404
404
200
200
200
200
200
200
404
200
404
404
200
200
200
200
200
200
404
200
200
404
200
200
200
200
200
200","More than one page is linked for the same language
Some pages are not returning 200 status code",927488645351648793,37,37
21,https://solvemymedia.com/cs/vytvorit-gif,"Video to GIF Maker - Převod videa na animovaný GIF - SolveMyMedia
SolveMyMedia - Free Online Media Optimization Tools",text/html; charset=utf-8,false,200,0,true,"https://solvemymedia.com/ar/anshaaa-gif
https://solvemymedia.com/ar/nsh-swr-mthrk
https://solvemymedia.com/create-gif
https://solvemymedia.com/create-gif
https://solvemymedia.com/cs/vytvorit-gif
https://solvemymedia.com/da/opret-gif
https://solvemymedia.com/da/oprette-gif
https://solvemymedia.com/de/gif-erstellen
https://solvemymedia.com/el/dimioyrgia-gif
https://solvemymedia.com/es/crear-gif
https://solvemymedia.com/fi/luo-gif
https://solvemymedia.com/fr/creer-un-gif
https://solvemymedia.com/he/lytsvr-gif
https://solvemymedia.com/he/tzor-gif
https://solvemymedia.com/hi/gif-banaye
https://solvemymedia.com/hi/gif-bnaaen
https://solvemymedia.com/hu/gif-letrehozasa
https://solvemymedia.com/id/membuat-gif
https://solvemymedia.com/it/crea-gif
https://solvemymedia.com/it/creare-una-gif
https://solvemymedia.com/ja/gifwozuo-cheng
https://solvemymedia.com/ko/gif-mandeulgi
https://solvemymedia.com/ms/buat-gif
https://solvemymedia.com/nl/gif-maken
https://solvemymedia.com/no/lag-gif
https://solvemymedia.com/no/lage-gif
https://solvemymedia.com/pl/stworz-gif
https://solvemymedia.com/pl/utworz-gifa
https://solvemymedia.com/pt/criar-gif
https://solvemymedia.com/ro/creati-gif
https://solvemymedia.com/ro/creeaza-gif
https://solvemymedia.com/ru/sozdat-gif
https://solvemymedia.com/ru/sozdat-gifku
https://solvemymedia.com/sk/vytvorit-gif
https://solvemymedia.com/sv/skapa-gif
https://solvemymedia.com/th/sang-gif
https://solvemymedia.com/th/sraangkif
https://solvemymedia.com/tr/gif-olustur
https://solvemymedia.com/uk/stvoriti-gif
https://solvemymedia.com/vi/tao-anh-gif
https://solvemymedia.com/vi/tao-gif
https://solvemymedia.com/zh/chuang-jian-gif","404
200
200
200
200
404
200
200
200
200
200
200
404
404
404
200
200
200
404
200
200
200
200
200
404
200
404
200
200
200
404
404
200
404
200
404
200
200
200
200
404
200","More than one page is linked for the same language
Some pages don't include hreflang links to all the other pages of the group
Some pages are not returning 200 status code",17321000843242609092,39,39
21,https://solvemymedia.com/no/komprimere-lyd,"Komprimer lyd online - Gratis lydkompressor - SolveMyMedia
SolveMyMedia - Free Online Media Optimization Tools",text/html; charset=utf-8,false,200,0,true,"https://solvemymedia.com/ar/dght-alsawt
https://solvemymedia.com/ar/dgt-lswt
https://solvemymedia.com/compress-audio
https://solvemymedia.com/compress-audio
https://solvemymedia.com/cs/komprimovat-audio
https://solvemymedia.com/cs/komprimovat-zvuk
https://solvemymedia.com/da/komprimer-lyd
https://solvemymedia.com/da/komprimere-lyd
https://solvemymedia.com/de/audio-komprimieren
https://solvemymedia.com/el/symnpiesost-audio
https://solvemymedia.com/el/sympiesi-ihoy
https://solvemymedia.com/es/comprimir-audio
https://solvemymedia.com/fi/pakkaa-aanta
https://solvemymedia.com/fi/pakkaa-audio
https://solvemymedia.com/fr/compresser-laudio
https://solvemymedia.com/he/dchisot-audio
https://solvemymedia.com/he/ldkhvs-vdyv
https://solvemymedia.com/hi/audio-compress-kare
https://solvemymedia.com/hi/onddiyo-snpiiddit-kren
https://solvemymedia.com/hu/hang-tomoritese
https://solvemymedia.com/hu/tomoriti-a-hangot
https://solvemymedia.com/id/kompres-audio
https://solvemymedia.com/it/comprimere-laudio
https://solvemymedia.com/it/comprimi-audio
https://solvemymedia.com/ja/odeiowoya-suo-suru
https://solvemymedia.com/ko/odio-abcug
https://solvemymedia.com/ko/odio-apchuk
https://solvemymedia.com/ms/mampat-audio
https://solvemymedia.com/ms/memampatkan-audio
https://solvemymedia.com/nl/audio-comprimeren
https://solvemymedia.com/no/komprimere-lyd
https://solvemymedia.com/pl/kompresowac-dzwiek
https://solvemymedia.com/pl/kompresuj-audio
https://solvemymedia.com/pt/comprimir-audio
https://solvemymedia.com/ro/comprima-audio
https://solvemymedia.com/ru/szhat-audio
https://solvemymedia.com/ru/szhimat-audio
https://solvemymedia.com/sk/komprimovat-audio
https://solvemymedia.com/sk/komprimovat-zvuk
https://solvemymedia.com/sv/komprimera-ljud
https://solvemymedia.com/th/biibadesiiyng
https://solvemymedia.com/th/ko-op-audio
https://solvemymedia.com/tr/ses-sikistir
https://solvemymedia.com/tr/sesi-sikistir
https://solvemymedia.com/uk/stiskati-audio
https://solvemymedia.com/uk/sty-snuti-audio
https://solvemymedia.com/vi/nen-am-thanh
https://solvemymedia.com/zh/ya-suo-yin-pin","404
200
200
200
404
200
404
200
200
404
200
200
200
404
200
404
404
404
200
404
200
200
200
404
200
200
404
404
200
200
200
200
404
200
200
404
200
404
404
200
200
404
404
200
200
404
200
200","More than one page is linked for the same language
Some pages don't include hreflang links to all the other pages of the group
Some pages are not returning 200 status code",5785178085625259770,44,44
21,https://solvemymedia.com/pl/predkosc-wideo,"Zmień prędkość wideo - edytor wideo w szybkim i zwolnionym tempie - SolveMyMedia
SolveMyMedia - Free Online Media Optimization Tools",text/html; charset=utf-8,false,200,0,true,"https://solvemymedia.com/ar/sraa-lfydyw
https://solvemymedia.com/ar/sraat-alfidyo
https://solvemymedia.com/cs/rychlost-videa
https://solvemymedia.com/da/videohastighed
https://solvemymedia.com/de/videogeschwindigkeit
https://solvemymedia.com/el/tahytita-vinteo
https://solvemymedia.com/el/taxyta-video
https://solvemymedia.com/es/velocidad-de-video
https://solvemymedia.com/fi/videon-nopeus
https://solvemymedia.com/fi/videonopeus
https://solvemymedia.com/fr/vitesse-video
https://solvemymedia.com/he/meherut-video
https://solvemymedia.com/he/mhyrvt-vydv
https://solvemymedia.com/hi/video-speed
https://solvemymedia.com/hi/viiddiyo-kii-gti
https://solvemymedia.com/hu/video-sebesseg
https://solvemymedia.com/id/kecepatan-video
https://solvemymedia.com/it/velocita-video
https://solvemymedia.com/ja/bideosu-du
https://solvemymedia.com/ko/bidio-sogdo
https://solvemymedia.com/ko/bidio-sokdo
https://solvemymedia.com/ms/kelajuan-video
https://solvemymedia.com/ms/laju-video
https://solvemymedia.com/nl/video-snelheid
https://solvemymedia.com/nl/videosnelheid
https://solvemymedia.com/no/videohastighet
https://solvemymedia.com/pl/predkosc-wideo
https://solvemymedia.com/pt/velocidade-do-video
https://solvemymedia.com/ro/viteza-video
https://solvemymedia.com/ru/skorost-video
https://solvemymedia.com/sk/rychlost-videa
https://solvemymedia.com/sv/videohastighet
https://solvemymedia.com/th/khwaamerwwidiio
https://solvemymedia.com/th/kwam-rew-wideo
https://solvemymedia.com/tr/video-hizi
https://solvemymedia.com/uk/shvidkist-video
https://solvemymedia.com/vi/toc-do-video
https://solvemymedia.com/video-speed
https://solvemymedia.com/video-speed
https://solvemymedia.com/zh/shi-pin-su-du","200
404
200
200
200
200
404
200
200
404
200
404
404
404
200
200
200
200
200
200
404
200
404
404
200
200
200
200
200
200
404
200
200
404
200
200
200
200
200
200","More than one page is linked for the same language
Some pages are not returning 200 status code",927488645351648793,37,37
21,https://solvemymedia.com/ru/skorost-video,"Изменить скорость видео - Редактор быстрого и замедленного видео - SolveMyMedia
SolveMyMedia - Free Online Media Optimization Tools",text/html; charset=utf-8,false,200,0,true,"https://solvemymedia.com/ar/sraa-lfydyw
https://solvemymedia.com/ar/sraat-alfidyo
https://solvemymedia.com/cs/rychlost-videa
https://solvemymedia.com/da/videohastighed
https://solvemymedia.com/de/videogeschwindigkeit
https://solvemymedia.com/el/tahytita-vinteo
https://solvemymedia.com/el/taxyta-video
https://solvemymedia.com/es/velocidad-de-video
https://solvemymedia.com/fi/videon-nopeus
https://solvemymedia.com/fi/videonopeus
https://solvemymedia.com/fr/vitesse-video
https://solvemymedia.com/he/meherut-video
https://solvemymedia.com/he/mhyrvt-vydv
https://solvemymedia.com/hi/video-speed
https://solvemymedia.com/hi/viiddiyo-kii-gti
https://solvemymedia.com/hu/video-sebesseg
https://solvemymedia.com/id/kecepatan-video
https://solvemymedia.com/it/velocita-video
https://solvemymedia.com/ja/bideosu-du
https://solvemymedia.com/ko/bidio-sogdo
https://solvemymedia.com/ko/bidio-sokdo
https://solvemymedia.com/ms/kelajuan-video
https://solvemymedia.com/ms/laju-video
https://solvemymedia.com/nl/video-snelheid
https://solvemymedia.com/nl/videosnelheid
https://solvemymedia.com/no/videohastighet
https://solvemymedia.com/pl/predkosc-wideo
https://solvemymedia.com/pt/velocidade-do-video
https://solvemymedia.com/ro/viteza-video
https://solvemymedia.com/ru/skorost-video
https://solvemymedia.com/sk/rychlost-videa
https://solvemymedia.com/sv/videohastighet
https://solvemymedia.com/th/khwaamerwwidiio
https://solvemymedia.com/th/kwam-rew-wideo
https://solvemymedia.com/tr/video-hizi
https://solvemymedia.com/uk/shvidkist-video
https://solvemymedia.com/vi/toc-do-video
https://solvemymedia.com/video-speed
https://solvemymedia.com/video-speed
https://solvemymedia.com/zh/shi-pin-su-du","200
404
200
200
200
200
404
200
200
404
200
404
404
404
200
200
200
200
200
200
404
200
404
404
200
200
200
200
200
200
404
200
200
404
200
200
200
200
200
200","More than one page is linked for the same language
Some pages are not returning 200 status code",927488645351648793,37,37
21,https://solvemymedia.com/de/video-komprimieren,"Video online komprimieren – Kostenloser sicherer Videokompressor - SolveMyMedia
SolveMyMedia - Free Online Media Optimization Tools",text/html; charset=utf-8,false,200,0,true,"https://solvemymedia.com/ar/dght-alfidyo
https://solvemymedia.com/ar/dgt-lfydyw
https://solvemymedia.com/compress-video
https://solvemymedia.com/compress-video
https://solvemymedia.com/cs/komprimovat-video
https://solvemymedia.com/da/komprimer-video
https://solvemymedia.com/da/komprimere-video
https://solvemymedia.com/de/video-komprimieren
https://solvemymedia.com/el/symnpiesost-video
https://solvemymedia.com/el/sympiesi-vinteo
https://solvemymedia.com/es/comprimir-video
https://solvemymedia.com/fi/pakkaa-video
https://solvemymedia.com/fr/compresser-la-video
https://solvemymedia.com/he/dchisot-video
https://solvemymedia.com/he/ldkhvs-vydv
https://solvemymedia.com/hi/video-compress-kare
https://solvemymedia.com/hi/viiddiyo-snpiiddit-kren
https://solvemymedia.com/hu/video-tomoritese
https://solvemymedia.com/id/kompres-video
https://solvemymedia.com/it/comprimere-il-video
https://solvemymedia.com/it/comprimi-video
https://solvemymedia.com/ja/bideowoya-suo-suru
https://solvemymedia.com/ko/bidio-abcug
https://solvemymedia.com/ko/bidio-apchuk
https://solvemymedia.com/ms/mampat-video
https://solvemymedia.com/ms/memampatkan-video
https://solvemymedia.com/nl/video-comprimeren
https://solvemymedia.com/no/komprimere-video
https://solvemymedia.com/pl/kompresowac-wideo
https://solvemymedia.com/pl/kompresuj-wideo
https://solvemymedia.com/pt/compactar-video
https://solvemymedia.com/pt/comprimir-video
https://solvemymedia.com/ro/comprima-video
https://solvemymedia.com/ru/szhat-video
https://solvemymedia.com/ru/szhimat-video
https://solvemymedia.com/sk/komprimovat-video
https://solvemymedia.com/sv/komprimera-video
https://solvemymedia.com/th/biibadwidiio
https://solvemymedia.com/th/ko-op-wideo
https://solvemymedia.com/tr/video-sikistir
https://solvemymedia.com/tr/videoyu-sikistir
https://solvemymedia.com/uk/stiskati-video
https://solvemymedia.com/uk/sty-snuti-video
https://solvemymedia.com/vi/nen-video
https://solvemymedia.com/zh/ya-suo-shi-pin","404
200
200
200
200
404
200
200
404
200
200
200
200
404
404
404
200
200
200
200
404
200
200
404
404
200
200
200
200
404
200
404
200
404
200
404
200
200
404
404
200
200
404
200
200","More than one page is linked for the same language
Some pages don't include hreflang links to all the other pages of the group
Some pages are not returning 200 status code",926993157700666916,42,42
21,https://solvemymedia.com/pt/converter-video,"Converta formatos de vídeo - Conversor de vídeo online gratuito - SolveMyMedia
SolveMyMedia - Free Online Media Optimization Tools",text/html; charset=utf-8,false,200,0,true,"https://solvemymedia.com/ar/thwyl-alfidyo
https://solvemymedia.com/ar/thwyl-lfydyw
https://solvemymedia.com/convert-video
https://solvemymedia.com/convert-video
https://solvemymedia.com/cs/konvertovat-video
https://solvemymedia.com/cs/prevest-video
https://solvemymedia.com/da/konverter-video
https://solvemymedia.com/da/konvertere-video
https://solvemymedia.com/de/video-konvertieren
https://solvemymedia.com/el/metaporpe-video
https://solvemymedia.com/el/metatropi-vinteo
https://solvemymedia.com/es/convertir-video
https://solvemymedia.com/fi/muunna-video
https://solvemymedia.com/fi/muuntaa-videon
https://solvemymedia.com/fr/convertir-une-video
https://solvemymedia.com/he/hmr-video
https://solvemymedia.com/he/lhmyr-vydv
https://solvemymedia.com/hi/video-convert-kare
https://solvemymedia.com/hi/viiddiyo-privrtit-kren
https://solvemymedia.com/hu/video-konvertalasa
https://solvemymedia.com/id/mengkonversi-video
https://solvemymedia.com/it/converti-video
https://solvemymedia.com/it/convertire-video
https://solvemymedia.com/ja/bideowobian-huan-suru
https://solvemymedia.com/ko/bidio-byeonhwan
https://solvemymedia.com/ms/menukar-video
https://solvemymedia.com/ms/tukar-video
https://solvemymedia.com/nl/video-converteren
https://solvemymedia.com/no/konvertere-video
https://solvemymedia.com/pl/konwertuj-wideo
https://solvemymedia.com/pt/converter-video
https://solvemymedia.com/ro/converteste-video
https://solvemymedia.com/ro/converti-video
https://solvemymedia.com/ru/konvertirovat-video
https://solvemymedia.com/sk/konvertovat-video
https://solvemymedia.com/sv/konvertera-video
https://solvemymedia.com/th/aeplngwidiio
https://solvemymedia.com/th/pli-an-wideo
https://solvemymedia.com/tr/video-donustur
https://solvemymedia.com/tr/videoyu-donustur
https://solvemymedia.com/uk/konvertuvati-video
https://solvemymedia.com/vi/chuyen-doi-video
https://solvemymedia.com/zh/zhuan-huan-shi-pin","404
200
200
200
404
200
404
200
200
404
200
200
404
200
200
404
404
404
200
200
200
404
200
200
200
200
404
200
200
200
200
404
200
200
404
200
200
404
404
200
200
200
200","More than one page is linked for the same language
Some pages don't include hreflang links to all the other pages of the group
Some pages are not returning 200 status code",3718947784658654109,40,40
21,https://solvemymedia.com/pt/criar-gif,"Video to GIF Maker - Converta vídeo em GIF animado - SolveMyMedia
SolveMyMedia - Free Online Media Optimization Tools",text/html; charset=utf-8,false,200,0,true,"https://solvemymedia.com/ar/anshaaa-gif
https://solvemymedia.com/ar/nsh-swr-mthrk
https://solvemymedia.com/create-gif
https://solvemymedia.com/create-gif
https://solvemymedia.com/cs/vytvorit-gif
https://solvemymedia.com/da/opret-gif
https://solvemymedia.com/da/oprette-gif
https://solvemymedia.com/de/gif-erstellen
https://solvemymedia.com/el/dimioyrgia-gif
https://solvemymedia.com/es/crear-gif
https://solvemymedia.com/fi/luo-gif
https://solvemymedia.com/fr/creer-un-gif
https://solvemymedia.com/he/lytsvr-gif
https://solvemymedia.com/he/tzor-gif
https://solvemymedia.com/hi/gif-banaye
https://solvemymedia.com/hi/gif-bnaaen
https://solvemymedia.com/hu/gif-letrehozasa
https://solvemymedia.com/id/membuat-gif
https://solvemymedia.com/it/crea-gif
https://solvemymedia.com/it/creare-una-gif
https://solvemymedia.com/ja/gifwozuo-cheng
https://solvemymedia.com/ko/gif-mandeulgi
https://solvemymedia.com/ms/buat-gif
https://solvemymedia.com/nl/gif-maken
https://solvemymedia.com/no/lag-gif
https://solvemymedia.com/no/lage-gif
https://solvemymedia.com/pl/stworz-gif
https://solvemymedia.com/pl/utworz-gifa
https://solvemymedia.com/pt/criar-gif
https://solvemymedia.com/ro/creati-gif
https://solvemymedia.com/ro/creeaza-gif
https://solvemymedia.com/ru/sozdat-gif
https://solvemymedia.com/ru/sozdat-gifku
https://solvemymedia.com/sk/vytvorit-gif
https://solvemymedia.com/sv/skapa-gif
https://solvemymedia.com/th/sang-gif
https://solvemymedia.com/th/sraangkif
https://solvemymedia.com/tr/gif-olustur
https://solvemymedia.com/uk/stvoriti-gif
https://solvemymedia.com/vi/tao-anh-gif
https://solvemymedia.com/vi/tao-gif
https://solvemymedia.com/zh/chuang-jian-gif","404
200
200
200
200
404
200
200
200
200
200
200
404
404
404
200
200
200
404
200
200
200
200
200
404
200
404
200
200
200
404
404
200
404
200
404
200
200
200
200
404
200","More than one page is linked for the same language
Some pages don't include hreflang links to all the other pages of the group
Some pages are not returning 200 status code",17321000843242609092,39,39
21,https://solvemymedia.com/zh/shi-pin-zhuan-yin-pin,"从视频中提取音频 - 视频到 MP3 转换器 - SolveMyMedia
SolveMyMedia - Free Online Media Optimization Tools",text/html; charset=utf-8,false,200,0,true,"https://solvemymedia.com/ar/fidyo-ila-sawt
https://solvemymedia.com/ar/lfydyw-l-lswt
https://solvemymedia.com/cs/video-na-audio
https://solvemymedia.com/cs/video-na-zvuk
https://solvemymedia.com/da/video-til-lyd
https://solvemymedia.com/de/video-zu-audio
https://solvemymedia.com/el/video-se-audio
https://solvemymedia.com/el/vinteo-se-iho
https://solvemymedia.com/es/video-a-audio
https://solvemymedia.com/fi/video-audioksi
https://solvemymedia.com/fi/videosta-aaneksi
https://solvemymedia.com/fr/video-en-audio
https://solvemymedia.com/he/video-leaudio
https://solvemymedia.com/he/vydv-lvdyv
https://solvemymedia.com/hi/video-se-audio
https://solvemymedia.com/hi/viiddiyo-se-onddiyo
https://solvemymedia.com/hu/video-hanggya
https://solvemymedia.com/hu/videorol-hangra
https://solvemymedia.com/id/video-ke-audio
https://solvemymedia.com/it/video-in-audio
https://solvemymedia.com/ja/bideokaraodeiohe
https://solvemymedia.com/ko/bidio-eseo-odio
https://solvemymedia.com/ko/bidioreul-odioro
https://solvemymedia.com/ms/video-ke-audio
https://solvemymedia.com/ms/video-kepada-audio
https://solvemymedia.com/nl/video-naar-audio
https://solvemymedia.com/no/video-til-lyd
https://solvemymedia.com/pl/wideo-do-dzwieku
https://solvemymedia.com/pl/wideo-na-audio
https://solvemymedia.com/pt/video-para-audio
https://solvemymedia.com/ro/video-in-audio
https://solvemymedia.com/ro/video-la-audio
https://solvemymedia.com/ru/video-v-audio
https://solvemymedia.com/sk/video-na-audio
https://solvemymedia.com/sk/video-na-zvuk
https://solvemymedia.com/sv/video-till-ljud
https://solvemymedia.com/th/wideo-phen-siang
https://solvemymedia.com/th/widiioepnesiiyng
https://solvemymedia.com/tr/videodan-ses
https://solvemymedia.com/tr/videodan-sese
https://solvemymedia.com/uk/video-v-audio
https://solvemymedia.com/vi/video-sang-am-thanh
https://solvemymedia.com/vi/video-thanh-am-thanh
https://solvemymedia.com/video-to-audio
https://solvemymedia.com/video-to-audio
https://solvemymedia.com/zh/shi-pin-zhuan-yin-pin","404
200
404
200
200
200
404
200
200
404
200
200
404
404
404
200
404
200
200
200
200
404
200
404
200
200
200
200
404
200
200
404
200
404
404
200
404
200
404
200
200
404
200
200
200
200","More than one page is linked for the same language
Some pages don't include hreflang links to all the other pages of the group
Some pages are not returning 200 status code",2926664764167155975,42,42
21,https://solvemymedia.com/hu/gif-letrehozasa,"Videó GIF Maker formátumba – Videó konvertálása animált GIF formátumba - SolveMyMedia
SolveMyMedia - Free Online Media Optimization Tools",text/html; charset=utf-8,false,200,0,true,"https://solvemymedia.com/ar/anshaaa-gif
https://solvemymedia.com/ar/nsh-swr-mthrk
https://solvemymedia.com/create-gif
https://solvemymedia.com/create-gif
https://solvemymedia.com/cs/vytvorit-gif
https://solvemymedia.com/da/opret-gif
https://solvemymedia.com/da/oprette-gif
https://solvemymedia.com/de/gif-erstellen
https://solvemymedia.com/el/dimioyrgia-gif
https://solvemymedia.com/es/crear-gif
https://solvemymedia.com/fi/luo-gif
https://solvemymedia.com/fr/creer-un-gif
https://solvemymedia.com/he/lytsvr-gif
https://solvemymedia.com/he/tzor-gif
https://solvemymedia.com/hi/gif-banaye
https://solvemymedia.com/hi/gif-bnaaen
https://solvemymedia.com/hu/gif-letrehozasa
https://solvemymedia.com/id/membuat-gif
https://solvemymedia.com/it/crea-gif
https://solvemymedia.com/it/creare-una-gif
https://solvemymedia.com/ja/gifwozuo-cheng
https://solvemymedia.com/ko/gif-mandeulgi
https://solvemymedia.com/ms/buat-gif
https://solvemymedia.com/nl/gif-maken
https://solvemymedia.com/no/lag-gif
https://solvemymedia.com/no/lage-gif
https://solvemymedia.com/pl/stworz-gif
https://solvemymedia.com/pl/utworz-gifa
https://solvemymedia.com/pt/criar-gif
https://solvemymedia.com/ro/creati-gif
https://solvemymedia.com/ro/creeaza-gif
https://solvemymedia.com/ru/sozdat-gif
https://solvemymedia.com/ru/sozdat-gifku
https://solvemymedia.com/sk/vytvorit-gif
https://solvemymedia.com/sv/skapa-gif
https://solvemymedia.com/th/sang-gif
https://solvemymedia.com/th/sraangkif
https://solvemymedia.com/tr/gif-olustur
https://solvemymedia.com/uk/stvoriti-gif
https://solvemymedia.com/vi/tao-anh-gif
https://solvemymedia.com/vi/tao-gif
https://solvemymedia.com/zh/chuang-jian-gif","404
200
200
200
200
404
200
200
200
200
200
200
404
404
404
200
200
200
404
200
200
200
200
200
404
200
404
200
200
200
404
404
200
404
200
404
200
200
200
200
404
200","More than one page is linked for the same language
Some pages don't include hreflang links to all the other pages of the group
Some pages are not returning 200 status code",17321000843242609092,39,39
21,https://solvemymedia.com/fi/pakkaa-video,"Pakkaa video verkossa - ilmainen suojattu videokompressori - SolveMyMedia
SolveMyMedia - Free Online Media Optimization Tools",text/html; charset=utf-8,false,200,0,true,"https://solvemymedia.com/ar/dght-alfidyo
https://solvemymedia.com/ar/dgt-lfydyw
https://solvemymedia.com/compress-video
https://solvemymedia.com/compress-video
https://solvemymedia.com/cs/komprimovat-video
https://solvemymedia.com/da/komprimer-video
https://solvemymedia.com/da/komprimere-video
https://solvemymedia.com/de/video-komprimieren
https://solvemymedia.com/el/symnpiesost-video
https://solvemymedia.com/el/sympiesi-vinteo
https://solvemymedia.com/es/comprimir-video
https://solvemymedia.com/fi/pakkaa-video
https://solvemymedia.com/fr/compresser-la-video
https://solvemymedia.com/he/dchisot-video
https://solvemymedia.com/he/ldkhvs-vydv
https://solvemymedia.com/hi/video-compress-kare
https://solvemymedia.com/hi/viiddiyo-snpiiddit-kren
https://solvemymedia.com/hu/video-tomoritese
https://solvemymedia.com/id/kompres-video
https://solvemymedia.com/it/comprimere-il-video
https://solvemymedia.com/it/comprimi-video
https://solvemymedia.com/ja/bideowoya-suo-suru
https://solvemymedia.com/ko/bidio-abcug
https://solvemymedia.com/ko/bidio-apchuk
https://solvemymedia.com/ms/mampat-video
https://solvemymedia.com/ms/memampatkan-video
https://solvemymedia.com/nl/video-comprimeren
https://solvemymedia.com/no/komprimere-video
https://solvemymedia.com/pl/kompresowac-wideo
https://solvemymedia.com/pl/kompresuj-wideo
https://solvemymedia.com/pt/compactar-video
https://solvemymedia.com/pt/comprimir-video
https://solvemymedia.com/ro/comprima-video
https://solvemymedia.com/ru/szhat-video
https://solvemymedia.com/ru/szhimat-video
https://solvemymedia.com/sk/komprimovat-video
https://solvemymedia.com/sv/komprimera-video
https://solvemymedia.com/th/biibadwidiio
https://solvemymedia.com/th/ko-op-wideo
https://solvemymedia.com/tr/video-sikistir
https://solvemymedia.com/tr/videoyu-sikistir
https://solvemymedia.com/uk/stiskati-video
https://solvemymedia.com/uk/sty-snuti-video
https://solvemymedia.com/vi/nen-video
https://solvemymedia.com/zh/ya-suo-shi-pin","404
200
200
200
200
404
200
200
404
200
200
200
200
404
404
404
200
200
200
200
404
200
200
404
404
200
200
200
200
404
200
404
200
404
200
404
200
200
404
404
200
200
404
200
200","More than one page is linked for the same language
Some pages don't include hreflang links to all the other pages of the group
Some pages are not returning 200 status code",926993157700666916,42,42
21,https://solvemymedia.com/no/konvertere-video,"Konverter videoformater - Gratis online videokonvertering - SolveMyMedia
SolveMyMedia - Free Online Media Optimization Tools",text/html; charset=utf-8,false,200,0,true,"https://solvemymedia.com/ar/thwyl-alfidyo
https://solvemymedia.com/ar/thwyl-lfydyw
https://solvemymedia.com/convert-video
https://solvemymedia.com/convert-video
https://solvemymedia.com/cs/konvertovat-video
https://solvemymedia.com/cs/prevest-video
https://solvemymedia.com/da/konverter-video
https://solvemymedia.com/da/konvertere-video
https://solvemymedia.com/de/video-konvertieren
https://solvemymedia.com/el/metaporpe-video
https://solvemymedia.com/el/metatropi-vinteo
https://solvemymedia.com/es/convertir-video
https://solvemymedia.com/fi/muunna-video
https://solvemymedia.com/fi/muuntaa-videon
https://solvemymedia.com/fr/convertir-une-video
https://solvemymedia.com/he/hmr-video
https://solvemymedia.com/he/lhmyr-vydv
https://solvemymedia.com/hi/video-convert-kare
https://solvemymedia.com/hi/viiddiyo-privrtit-kren
https://solvemymedia.com/hu/video-konvertalasa
https://solvemymedia.com/id/mengkonversi-video
https://solvemymedia.com/it/converti-video
https://solvemymedia.com/it/convertire-video
https://solvemymedia.com/ja/bideowobian-huan-suru
https://solvemymedia.com/ko/bidio-byeonhwan
https://solvemymedia.com/ms/menukar-video
https://solvemymedia.com/ms/tukar-video
https://solvemymedia.com/nl/video-converteren
https://solvemymedia.com/no/konvertere-video
https://solvemymedia.com/pl/konwertuj-wideo
https://solvemymedia.com/pt/converter-video
https://solvemymedia.com/ro/converteste-video
https://solvemymedia.com/ro/converti-video
https://solvemymedia.com/ru/konvertirovat-video
https://solvemymedia.com/sk/konvertovat-video
https://solvemymedia.com/sv/konvertera-video
https://solvemymedia.com/th/aeplngwidiio
https://solvemymedia.com/th/pli-an-wideo
https://solvemymedia.com/tr/video-donustur
https://solvemymedia.com/tr/videoyu-donustur
https://solvemymedia.com/uk/konvertuvati-video
https://solvemymedia.com/vi/chuyen-doi-video
https://solvemymedia.com/zh/zhuan-huan-shi-pin","404
200
200
200
404
200
404
200
200
404
200
200
404
200
200
404
404
404
200
200
200
404
200
200
200
200
404
200
200
200
200
404
200
200
404
200
200
404
404
200
200
200
200","More than one page is linked for the same language
Some pages don't include hreflang links to all the other pages of the group
Some pages are not returning 200 status code",3718947784658654109,40,40
21,https://solvemymedia.com/zh/ya-suo-yin-pin,"在线压缩音频 - 免费音频压缩器 - SolveMyMedia
SolveMyMedia - Free Online Media Optimization Tools",text/html; charset=utf-8,false,200,0,true,"https://solvemymedia.com/ar/dght-alsawt
https://solvemymedia.com/ar/dgt-lswt
https://solvemymedia.com/compress-audio
https://solvemymedia.com/compress-audio
https://solvemymedia.com/cs/komprimovat-audio
https://solvemymedia.com/cs/komprimovat-zvuk
https://solvemymedia.com/da/komprimer-lyd
https://solvemymedia.com/da/komprimere-lyd
https://solvemymedia.com/de/audio-komprimieren
https://solvemymedia.com/el/symnpiesost-audio
https://solvemymedia.com/el/sympiesi-ihoy
https://solvemymedia.com/es/comprimir-audio
https://solvemymedia.com/fi/pakkaa-aanta
https://solvemymedia.com/fi/pakkaa-audio
https://solvemymedia.com/fr/compresser-laudio
https://solvemymedia.com/he/dchisot-audio
https://solvemymedia.com/he/ldkhvs-vdyv
https://solvemymedia.com/hi/audio-compress-kare
https://solvemymedia.com/hi/onddiyo-snpiiddit-kren
https://solvemymedia.com/hu/hang-tomoritese
https://solvemymedia.com/hu/tomoriti-a-hangot
https://solvemymedia.com/id/kompres-audio
https://solvemymedia.com/it/comprimere-laudio
https://solvemymedia.com/it/comprimi-audio
https://solvemymedia.com/ja/odeiowoya-suo-suru
https://solvemymedia.com/ko/odio-abcug
https://solvemymedia.com/ko/odio-apchuk
https://solvemymedia.com/ms/mampat-audio
https://solvemymedia.com/ms/memampatkan-audio
https://solvemymedia.com/nl/audio-comprimeren
https://solvemymedia.com/no/komprimere-lyd
https://solvemymedia.com/pl/kompresowac-dzwiek
https://solvemymedia.com/pl/kompresuj-audio
https://solvemymedia.com/pt/comprimir-audio
https://solvemymedia.com/ro/comprima-audio
https://solvemymedia.com/ru/szhat-audio
https://solvemymedia.com/ru/szhimat-audio
https://solvemymedia.com/sk/komprimovat-audio
https://solvemymedia.com/sk/komprimovat-zvuk
https://solvemymedia.com/sv/komprimera-ljud
https://solvemymedia.com/th/biibadesiiyng
https://solvemymedia.com/th/ko-op-audio
https://solvemymedia.com/tr/ses-sikistir
https://solvemymedia.com/tr/sesi-sikistir
https://solvemymedia.com/uk/stiskati-audio
https://solvemymedia.com/uk/sty-snuti-audio
https://solvemymedia.com/vi/nen-am-thanh
https://solvemymedia.com/zh/ya-suo-yin-pin","404
200
200
200
404
200
404
200
200
404
200
200
200
404
200
404
404
404
200
404
200
200
200
404
200
200
404
404
200
200
200
200
404
200
200
404
200
404
404
200
200
404
404
200
200
404
200
200","More than one page is linked for the same language
Some pages don't include hreflang links to all the other pages of the group
Some pages are not returning 200 status code",5785178085625259770,44,44
21,https://solvemymedia.com/fr/vitesse-video,"Changer la vitesse de la vidéo - Éditeur vidéo rapide et lent - SolveMyMedia
SolveMyMedia - Free Online Media Optimization Tools",text/html; charset=utf-8,false,200,0,true,"https://solvemymedia.com/ar/sraa-lfydyw
https://solvemymedia.com/ar/sraat-alfidyo
https://solvemymedia.com/cs/rychlost-videa
https://solvemymedia.com/da/videohastighed
https://solvemymedia.com/de/videogeschwindigkeit
https://solvemymedia.com/el/tahytita-vinteo
https://solvemymedia.com/el/taxyta-video
https://solvemymedia.com/es/velocidad-de-video
https://solvemymedia.com/fi/videon-nopeus
https://solvemymedia.com/fi/videonopeus
https://solvemymedia.com/fr/vitesse-video
https://solvemymedia.com/he/meherut-video
https://solvemymedia.com/he/mhyrvt-vydv
https://solvemymedia.com/hi/video-speed
https://solvemymedia.com/hi/viiddiyo-kii-gti
https://solvemymedia.com/hu/video-sebesseg
https://solvemymedia.com/id/kecepatan-video
https://solvemymedia.com/it/velocita-video
https://solvemymedia.com/ja/bideosu-du
https://solvemymedia.com/ko/bidio-sogdo
https://solvemymedia.com/ko/bidio-sokdo
https://solvemymedia.com/ms/kelajuan-video
https://solvemymedia.com/ms/laju-video
https://solvemymedia.com/nl/video-snelheid
https://solvemymedia.com/nl/videosnelheid
https://solvemymedia.com/no/videohastighet
https://solvemymedia.com/pl/predkosc-wideo
https://solvemymedia.com/pt/velocidade-do-video
https://solvemymedia.com/ro/viteza-video
https://solvemymedia.com/ru/skorost-video
https://solvemymedia.com/sk/rychlost-videa
https://solvemymedia.com/sv/videohastighet
https://solvemymedia.com/th/khwaamerwwidiio
https://solvemymedia.com/th/kwam-rew-wideo
https://solvemymedia.com/tr/video-hizi
https://solvemymedia.com/uk/shvidkist-video
https://solvemymedia.com/vi/toc-do-video
https://solvemymedia.com/video-speed
https://solvemymedia.com/video-speed
https://solvemymedia.com/zh/shi-pin-su-du","200
404
200
200
200
200
404
200
200
404
200
404
404
404
200
200
200
200
200
200
404
200
404
404
200
200
200
200
200
200
404
200
200
404
200
200
200
200
200
200","More than one page is linked for the same language
Some pages are not returning 200 status code",927488645351648793,37,37
21,https://solvemymedia.com/da/video-til-lyd,"Uddrag lyd fra video - Video til MP3-konverter - SolveMyMedia
SolveMyMedia - Free Online Media Optimization Tools",text/html; charset=utf-8,false,200,0,true,"https://solvemymedia.com/ar/fidyo-ila-sawt
https://solvemymedia.com/ar/lfydyw-l-lswt
https://solvemymedia.com/cs/video-na-audio
https://solvemymedia.com/cs/video-na-zvuk
https://solvemymedia.com/da/video-til-lyd
https://solvemymedia.com/de/video-zu-audio
https://solvemymedia.com/el/video-se-audio
https://solvemymedia.com/el/vinteo-se-iho
https://solvemymedia.com/es/video-a-audio
https://solvemymedia.com/fi/video-audioksi
https://solvemymedia.com/fi/videosta-aaneksi
https://solvemymedia.com/fr/video-en-audio
https://solvemymedia.com/he/video-leaudio
https://solvemymedia.com/he/vydv-lvdyv
https://solvemymedia.com/hi/video-se-audio
https://solvemymedia.com/hi/viiddiyo-se-onddiyo
https://solvemymedia.com/hu/video-hanggya
https://solvemymedia.com/hu/videorol-hangra
https://solvemymedia.com/id/video-ke-audio
https://solvemymedia.com/it/video-in-audio
https://solvemymedia.com/ja/bideokaraodeiohe
https://solvemymedia.com/ko/bidio-eseo-odio
https://solvemymedia.com/ko/bidioreul-odioro
https://solvemymedia.com/ms/video-ke-audio
https://solvemymedia.com/ms/video-kepada-audio
https://solvemymedia.com/nl/video-naar-audio
https://solvemymedia.com/no/video-til-lyd
https://solvemymedia.com/pl/wideo-do-dzwieku
https://solvemymedia.com/pl/wideo-na-audio
https://solvemymedia.com/pt/video-para-audio
https://solvemymedia.com/ro/video-in-audio
https://solvemymedia.com/ro/video-la-audio
https://solvemymedia.com/ru/video-v-audio
https://solvemymedia.com/sk/video-na-audio
https://solvemymedia.com/sk/video-na-zvuk
https://solvemymedia.com/sv/video-till-ljud
https://solvemymedia.com/th/wideo-phen-siang
https://solvemymedia.com/th/widiioepnesiiyng
https://solvemymedia.com/tr/videodan-ses
https://solvemymedia.com/tr/videodan-sese
https://solvemymedia.com/uk/video-v-audio
https://solvemymedia.com/vi/video-sang-am-thanh
https://solvemymedia.com/vi/video-thanh-am-thanh
https://solvemymedia.com/video-to-audio
https://solvemymedia.com/video-to-audio
https://solvemymedia.com/zh/shi-pin-zhuan-yin-pin","404
200
404
200
200
200
404
200
200
404
200
200
404
404
404
200
404
200
200
200
200
404
200
404
200
200
200
200
404
200
200
404
200
404
404
200
404
200
404
200
200
404
200
200
200
200","More than one page is linked for the same language
Some pages don't include hreflang links to all the other pages of the group
Some pages are not returning 200 status code",2926664764167155975,42,42
21,https://solvemymedia.com/no/videohastighet,"Endre videohastighet - Rask og sakte videoredigerer - SolveMyMedia
SolveMyMedia - Free Online Media Optimization Tools",text/html; charset=utf-8,false,200,0,true,"https://solvemymedia.com/ar/sraa-lfydyw
https://solvemymedia.com/ar/sraat-alfidyo
https://solvemymedia.com/cs/rychlost-videa
https://solvemymedia.com/da/videohastighed
https://solvemymedia.com/de/videogeschwindigkeit
https://solvemymedia.com/el/tahytita-vinteo
https://solvemymedia.com/el/taxyta-video
https://solvemymedia.com/es/velocidad-de-video
https://solvemymedia.com/fi/videon-nopeus
https://solvemymedia.com/fi/videonopeus
https://solvemymedia.com/fr/vitesse-video
https://solvemymedia.com/he/meherut-video
https://solvemymedia.com/he/mhyrvt-vydv
https://solvemymedia.com/hi/video-speed
https://solvemymedia.com/hi/viiddiyo-kii-gti
https://solvemymedia.com/hu/video-sebesseg
https://solvemymedia.com/id/kecepatan-video
https://solvemymedia.com/it/velocita-video
https://solvemymedia.com/ja/bideosu-du
https://solvemymedia.com/ko/bidio-sogdo
https://solvemymedia.com/ko/bidio-sokdo
https://solvemymedia.com/ms/kelajuan-video
https://solvemymedia.com/ms/laju-video
https://solvemymedia.com/nl/video-snelheid
https://solvemymedia.com/nl/videosnelheid
https://solvemymedia.com/no/videohastighet
https://solvemymedia.com/pl/predkosc-wideo
https://solvemymedia.com/pt/velocidade-do-video
https://solvemymedia.com/ro/viteza-video
https://solvemymedia.com/ru/skorost-video
https://solvemymedia.com/sk/rychlost-videa
https://solvemymedia.com/sv/videohastighet
https://solvemymedia.com/th/khwaamerwwidiio
https://solvemymedia.com/th/kwam-rew-wideo
https://solvemymedia.com/tr/video-hizi
https://solvemymedia.com/uk/shvidkist-video
https://solvemymedia.com/vi/toc-do-video
https://solvemymedia.com/video-speed
https://solvemymedia.com/video-speed
https://solvemymedia.com/zh/shi-pin-su-du","200
404
200
200
200
200
404
200
200
404
200
404
404
404
200
200
200
200
200
200
404
200
404
404
200
200
200
200
200
200
404
200
200
404
200
200
200
200
200
200","More than one page is linked for the same language
Some pages are not returning 200 status code",927488645351648793,37,37
21,https://solvemymedia.com/zh/zhuan-huan-yin-pin,"转换音频格式 - 免费在线音频转换器 - SolveMyMedia
SolveMyMedia - Free Online Media Optimization Tools",text/html; charset=utf-8,false,200,0,true,"https://solvemymedia.com/ar/thwyl-alsawt
https://solvemymedia.com/ar/thwyl-lswt
https://solvemymedia.com/convert-audio
https://solvemymedia.com/convert-audio
https://solvemymedia.com/cs/konvertovat-audio
https://solvemymedia.com/cs/prevest-zvuk
https://solvemymedia.com/da/konverter-lyd
https://solvemymedia.com/da/konvertere-lyd
https://solvemymedia.com/de/audio-konvertieren
https://solvemymedia.com/el/metaporpe-audio
https://solvemymedia.com/el/metatropi-ihoy
https://solvemymedia.com/es/convertir-audio
https://solvemymedia.com/fi/muunna-audio
https://solvemymedia.com/fi/muuntaa-aanta
https://solvemymedia.com/fr/convertir-laudio
https://solvemymedia.com/he/hmr-audio
https://solvemymedia.com/he/lhmyr-vdyv
https://solvemymedia.com/hi/audio-convert-kare
https://solvemymedia.com/hi/onddiyo-privrtit-kren
https://solvemymedia.com/hu/hang-konvertalasa
https://solvemymedia.com/hu/hangot-konvertalni
https://solvemymedia.com/id/mengkonversi-audio
https://solvemymedia.com/it/converti-audio
https://solvemymedia.com/it/convertire-laudio
https://solvemymedia.com/ja/odeiowobian-huan-suru
https://solvemymedia.com/ko/odio-byeonhwan
https://solvemymedia.com/ms/menukar-audio
https://solvemymedia.com/ms/tukar-audio
https://solvemymedia.com/nl/audio-converteren
https://solvemymedia.com/no/konvertere-lyd
https://solvemymedia.com/pl/konwertowac-dzwiek
https://solvemymedia.com/pl/konwertuj-audio
https://solvemymedia.com/pt/converter-audio
https://solvemymedia.com/ro/converteste-audio
https://solvemymedia.com/ro/converti-audio
https://solvemymedia.com/ru/konvertirovat-audio
https://solvemymedia.com/sk/konvertovat-audio
https://solvemymedia.com/sk/konvertovat-zvuk
https://solvemymedia.com/sv/konvertera-ljud
https://solvemymedia.com/th/aeplngesiiyng
https://solvemymedia.com/th/pli-an-audio
https://solvemymedia.com/tr/ses-donustur
https://solvemymedia.com/tr/sesi-donustur
https://solvemymedia.com/uk/konvertuvati-audio
https://solvemymedia.com/vi/chuyen-doi-am-thanh
https://solvemymedia.com/zh/zhuan-huan-yin-pin","404
200
200
200
404
200
404
200
200
404
200
200
404
200
200
404
404
404
200
404
200
200
404
200
200
200
200
404
200
200
200
404
200
404
200
200
404
404
200
200
404
404
200
200
200
200","More than one page is linked for the same language
Some pages don't include hreflang links to all the other pages of the group
Some pages are not returning 200 status code",9570318248645165765,42,42
21,https://solvemymedia.com/id/mengkonversi-video,"Konversi Format Video - Pengonversi Video Online Gratis - SolveMyMedia
SolveMyMedia - Free Online Media Optimization Tools",text/html; charset=utf-8,false,200,0,true,"https://solvemymedia.com/ar/thwyl-alfidyo
https://solvemymedia.com/ar/thwyl-lfydyw
https://solvemymedia.com/convert-video
https://solvemymedia.com/convert-video
https://solvemymedia.com/cs/konvertovat-video
https://solvemymedia.com/cs/prevest-video
https://solvemymedia.com/da/konverter-video
https://solvemymedia.com/da/konvertere-video
https://solvemymedia.com/de/video-konvertieren
https://solvemymedia.com/el/metaporpe-video
https://solvemymedia.com/el/metatropi-vinteo
https://solvemymedia.com/es/convertir-video
https://solvemymedia.com/fi/muunna-video
https://solvemymedia.com/fi/muuntaa-videon
https://solvemymedia.com/fr/convertir-une-video
https://solvemymedia.com/he/hmr-video
https://solvemymedia.com/he/lhmyr-vydv
https://solvemymedia.com/hi/video-convert-kare
https://solvemymedia.com/hi/viiddiyo-privrtit-kren
https://solvemymedia.com/hu/video-konvertalasa
https://solvemymedia.com/id/mengkonversi-video
https://solvemymedia.com/it/converti-video
https://solvemymedia.com/it/convertire-video
https://solvemymedia.com/ja/bideowobian-huan-suru
https://solvemymedia.com/ko/bidio-byeonhwan
https://solvemymedia.com/ms/menukar-video
https://solvemymedia.com/ms/tukar-video
https://solvemymedia.com/nl/video-converteren
https://solvemymedia.com/no/konvertere-video
https://solvemymedia.com/pl/konwertuj-wideo
https://solvemymedia.com/pt/converter-video
https://solvemymedia.com/ro/converteste-video
https://solvemymedia.com/ro/converti-video
https://solvemymedia.com/ru/konvertirovat-video
https://solvemymedia.com/sk/konvertovat-video
https://solvemymedia.com/sv/konvertera-video
https://solvemymedia.com/th/aeplngwidiio
https://solvemymedia.com/th/pli-an-wideo
https://solvemymedia.com/tr/video-donustur
https://solvemymedia.com/tr/videoyu-donustur
https://solvemymedia.com/uk/konvertuvati-video
https://solvemymedia.com/vi/chuyen-doi-video
https://solvemymedia.com/zh/zhuan-huan-shi-pin","404
200
200
200
404
200
404
200
200
404
200
200
404
200
200
404
404
404
200
200
200
404
200
200
200
200
404
200
200
200
200
404
200
200
404
200
200
404
404
200
200
200
200","More than one page is linked for the same language
Some pages don't include hreflang links to all the other pages of the group
Some pages are not returning 200 status code",3718947784658654109,40,40
21,https://solvemymedia.com/tr/video-hizi,"Video Hızını Değiştir - Hızlı ve Ağır Çekim Video Düzenleyici - SolveMyMedia
SolveMyMedia - Free Online Media Optimization Tools",text/html; charset=utf-8,false,200,0,true,"https://solvemymedia.com/ar/sraa-lfydyw
https://solvemymedia.com/ar/sraat-alfidyo
https://solvemymedia.com/cs/rychlost-videa
https://solvemymedia.com/da/videohastighed
https://solvemymedia.com/de/videogeschwindigkeit
https://solvemymedia.com/el/tahytita-vinteo
https://solvemymedia.com/el/taxyta-video
https://solvemymedia.com/es/velocidad-de-video
https://solvemymedia.com/fi/videon-nopeus
https://solvemymedia.com/fi/videonopeus
https://solvemymedia.com/fr/vitesse-video
https://solvemymedia.com/he/meherut-video
https://solvemymedia.com/he/mhyrvt-vydv
https://solvemymedia.com/hi/video-speed
https://solvemymedia.com/hi/viiddiyo-kii-gti
https://solvemymedia.com/hu/video-sebesseg
https://solvemymedia.com/id/kecepatan-video
https://solvemymedia.com/it/velocita-video
https://solvemymedia.com/ja/bideosu-du
https://solvemymedia.com/ko/bidio-sogdo
https://solvemymedia.com/ko/bidio-sokdo
https://solvemymedia.com/ms/kelajuan-video
https://solvemymedia.com/ms/laju-video
https://solvemymedia.com/nl/video-snelheid
https://solvemymedia.com/nl/videosnelheid
https://solvemymedia.com/no/videohastighet
https://solvemymedia.com/pl/predkosc-wideo
https://solvemymedia.com/pt/velocidade-do-video
https://solvemymedia.com/ro/viteza-video
https://solvemymedia.com/ru/skorost-video
https://solvemymedia.com/sk/rychlost-videa
https://solvemymedia.com/sv/videohastighet
https://solvemymedia.com/th/khwaamerwwidiio
https://solvemymedia.com/th/kwam-rew-wideo
https://solvemymedia.com/tr/video-hizi
https://solvemymedia.com/uk/shvidkist-video
https://solvemymedia.com/vi/toc-do-video
https://solvemymedia.com/video-speed
https://solvemymedia.com/video-speed
https://solvemymedia.com/zh/shi-pin-su-du","200
404
200
200
200
200
404
200
200
404
200
404
404
404
200
200
200
200
200
200
404
200
404
404
200
200
200
200
200
200
404
200
200
404
200
200
200
200
200
200","More than one page is linked for the same language
Some pages are not returning 200 status code",927488645351648793,37,37
21,https://solvemymedia.com/ja/bideowoya-suo-suru,"オンラインでビデオを圧縮 - 無料の安全なビデオ コンプレッサー - SolveMyMedia
SolveMyMedia - Free Online Media Optimization Tools",text/html; charset=utf-8,false,200,0,true,"https://solvemymedia.com/ar/dght-alfidyo
https://solvemymedia.com/ar/dgt-lfydyw
https://solvemymedia.com/compress-video
https://solvemymedia.com/compress-video
https://solvemymedia.com/cs/komprimovat-video
https://solvemymedia.com/da/komprimer-video
https://solvemymedia.com/da/komprimere-video
https://solvemymedia.com/de/video-komprimieren
https://solvemymedia.com/el/symnpiesost-video
https://solvemymedia.com/el/sympiesi-vinteo
https://solvemymedia.com/es/comprimir-video
https://solvemymedia.com/fi/pakkaa-video
https://solvemymedia.com/fr/compresser-la-video
https://solvemymedia.com/he/dchisot-video
https://solvemymedia.com/he/ldkhvs-vydv
https://solvemymedia.com/hi/video-compress-kare
https://solvemymedia.com/hi/viiddiyo-snpiiddit-kren
https://solvemymedia.com/hu/video-tomoritese
https://solvemymedia.com/id/kompres-video
https://solvemymedia.com/it/comprimere-il-video
https://solvemymedia.com/it/comprimi-video
https://solvemymedia.com/ja/bideowoya-suo-suru
https://solvemymedia.com/ko/bidio-abcug
https://solvemymedia.com/ko/bidio-apchuk
https://solvemymedia.com/ms/mampat-video
https://solvemymedia.com/ms/memampatkan-video
https://solvemymedia.com/nl/video-comprimeren
https://solvemymedia.com/no/komprimere-video
https://solvemymedia.com/pl/kompresowac-wideo
https://solvemymedia.com/pl/kompresuj-wideo
https://solvemymedia.com/pt/compactar-video
https://solvemymedia.com/pt/comprimir-video
https://solvemymedia.com/ro/comprima-video
https://solvemymedia.com/ru/szhat-video
https://solvemymedia.com/ru/szhimat-video
https://solvemymedia.com/sk/komprimovat-video
https://solvemymedia.com/sv/komprimera-video
https://solvemymedia.com/th/biibadwidiio
https://solvemymedia.com/th/ko-op-wideo
https://solvemymedia.com/tr/video-sikistir
https://solvemymedia.com/tr/videoyu-sikistir
https://solvemymedia.com/uk/stiskati-video
https://solvemymedia.com/uk/sty-snuti-video
https://solvemymedia.com/vi/nen-video
https://solvemymedia.com/zh/ya-suo-shi-pin","404
200
200
200
200
404
200
200
404
200
200
200
200
404
404
404
200
200
200
200
404
200
200
404
404
200
200
200
200
404
200
404
200
404
200
404
200
200
404
404
200
200
404
200
200","More than one page is linked for the same language
Some pages don't include hreflang links to all the other pages of the group
Some pages are not returning 200 status code",926993157700666916,42,42
21,https://solvemymedia.com/vi/chuyen-doi-am-thanh,"Chuyển đổi định dạng âm thanh - Chuyển đổi âm thanh trực tuyến miễn phí - SolveMyMedia
SolveMyMedia - Free Online Media Optimization Tools",text/html; charset=utf-8,false,200,0,true,"https://solvemymedia.com/ar/thwyl-alsawt
https://solvemymedia.com/ar/thwyl-lswt
https://solvemymedia.com/convert-audio
https://solvemymedia.com/convert-audio
https://solvemymedia.com/cs/konvertovat-audio
https://solvemymedia.com/cs/prevest-zvuk
https://solvemymedia.com/da/konverter-lyd
https://solvemymedia.com/da/konvertere-lyd
https://solvemymedia.com/de/audio-konvertieren
https://solvemymedia.com/el/metaporpe-audio
https://solvemymedia.com/el/metatropi-ihoy
https://solvemymedia.com/es/convertir-audio
https://solvemymedia.com/fi/muunna-audio
https://solvemymedia.com/fi/muuntaa-aanta
https://solvemymedia.com/fr/convertir-laudio
https://solvemymedia.com/he/hmr-audio
https://solvemymedia.com/he/lhmyr-vdyv
https://solvemymedia.com/hi/audio-convert-kare
https://solvemymedia.com/hi/onddiyo-privrtit-kren
https://solvemymedia.com/hu/hang-konvertalasa
https://solvemymedia.com/hu/hangot-konvertalni
https://solvemymedia.com/id/mengkonversi-audio
https://solvemymedia.com/it/converti-audio
https://solvemymedia.com/it/convertire-laudio
https://solvemymedia.com/ja/odeiowobian-huan-suru
https://solvemymedia.com/ko/odio-byeonhwan
https://solvemymedia.com/ms/menukar-audio
https://solvemymedia.com/ms/tukar-audio
https://solvemymedia.com/nl/audio-converteren
https://solvemymedia.com/no/konvertere-lyd
https://solvemymedia.com/pl/konwertowac-dzwiek
https://solvemymedia.com/pl/konwertuj-audio
https://solvemymedia.com/pt/converter-audio
https://solvemymedia.com/ro/converteste-audio
https://solvemymedia.com/ro/converti-audio
https://solvemymedia.com/ru/konvertirovat-audio
https://solvemymedia.com/sk/konvertovat-audio
https://solvemymedia.com/sk/konvertovat-zvuk
https://solvemymedia.com/sv/konvertera-ljud
https://solvemymedia.com/th/aeplngesiiyng
https://solvemymedia.com/th/pli-an-audio
https://solvemymedia.com/tr/ses-donustur
https://solvemymedia.com/tr/sesi-donustur
https://solvemymedia.com/uk/konvertuvati-audio
https://solvemymedia.com/vi/chuyen-doi-am-thanh
https://solvemymedia.com/zh/zhuan-huan-yin-pin","404
200
200
200
404
200
404
200
200
404
200
200
404
200
200
404
404
404
200
404
200
200
404
200
200
200
200
404
200
200
200
404
200
404
200
200
404
404
200
200
404
404
200
200
200
200","More than one page is linked for the same language
Some pages don't include hreflang links to all the other pages of the group
Some pages are not returning 200 status code",9570318248645165765,42,42
21,https://solvemymedia.com/ja/bideowobian-huan-suru,"ビデオ形式を変換 - 無料のオンラインビデオコンバーター - SolveMyMedia
SolveMyMedia - Free Online Media Optimization Tools",text/html; charset=utf-8,false,200,0,true,"https://solvemymedia.com/ar/thwyl-alfidyo
https://solvemymedia.com/ar/thwyl-lfydyw
https://solvemymedia.com/convert-video
https://solvemymedia.com/convert-video
https://solvemymedia.com/cs/konvertovat-video
https://solvemymedia.com/cs/prevest-video
https://solvemymedia.com/da/konverter-video
https://solvemymedia.com/da/konvertere-video
https://solvemymedia.com/de/video-konvertieren
https://solvemymedia.com/el/metaporpe-video
https://solvemymedia.com/el/metatropi-vinteo
https://solvemymedia.com/es/convertir-video
https://solvemymedia.com/fi/muunna-video
https://solvemymedia.com/fi/muuntaa-videon
https://solvemymedia.com/fr/convertir-une-video
https://solvemymedia.com/he/hmr-video
https://solvemymedia.com/he/lhmyr-vydv
https://solvemymedia.com/hi/video-convert-kare
https://solvemymedia.com/hi/viiddiyo-privrtit-kren
https://solvemymedia.com/hu/video-konvertalasa
https://solvemymedia.com/id/mengkonversi-video
https://solvemymedia.com/it/converti-video
https://solvemymedia.com/it/convertire-video
https://solvemymedia.com/ja/bideowobian-huan-suru
https://solvemymedia.com/ko/bidio-byeonhwan
https://solvemymedia.com/ms/menukar-video
https://solvemymedia.com/ms/tukar-video
https://solvemymedia.com/nl/video-converteren
https://solvemymedia.com/no/konvertere-video
https://solvemymedia.com/pl/konwertuj-wideo
https://solvemymedia.com/pt/converter-video
https://solvemymedia.com/ro/converteste-video
https://solvemymedia.com/ro/converti-video
https://solvemymedia.com/ru/konvertirovat-video
https://solvemymedia.com/sk/konvertovat-video
https://solvemymedia.com/sv/konvertera-video
https://solvemymedia.com/th/aeplngwidiio
https://solvemymedia.com/th/pli-an-wideo
https://solvemymedia.com/tr/video-donustur
https://solvemymedia.com/tr/videoyu-donustur
https://solvemymedia.com/uk/konvertuvati-video
https://solvemymedia.com/vi/chuyen-doi-video
https://solvemymedia.com/zh/zhuan-huan-shi-pin","404
200
200
200
404
200
404
200
200
404
200
200
404
200
200
404
404
404
200
200
200
404
200
200
200
200
404
200
200
200
200
404
200
200
404
200
200
404
404
200
200
200
200","More than one page is linked for the same language
Some pages don't include hreflang links to all the other pages of the group
Some pages are not returning 200 status code",3718947784658654109,40,40
21,https://solvemymedia.com/uk/video-v-audio,"Вилучення аудіо з відео - конвертер відео в MP3 - SolveMyMedia
SolveMyMedia - Free Online Media Optimization Tools",text/html; charset=utf-8,false,200,0,true,"https://solvemymedia.com/ar/fidyo-ila-sawt
https://solvemymedia.com/ar/lfydyw-l-lswt
https://solvemymedia.com/cs/video-na-audio
https://solvemymedia.com/cs/video-na-zvuk
https://solvemymedia.com/da/video-til-lyd
https://solvemymedia.com/de/video-zu-audio
https://solvemymedia.com/el/video-se-audio
https://solvemymedia.com/el/vinteo-se-iho
https://solvemymedia.com/es/video-a-audio
https://solvemymedia.com/fi/video-audioksi
https://solvemymedia.com/fi/videosta-aaneksi
https://solvemymedia.com/fr/video-en-audio
https://solvemymedia.com/he/video-leaudio
https://solvemymedia.com/he/vydv-lvdyv
https://solvemymedia.com/hi/video-se-audio
https://solvemymedia.com/hi/viiddiyo-se-onddiyo
https://solvemymedia.com/hu/video-hanggya
https://solvemymedia.com/hu/videorol-hangra
https://solvemymedia.com/id/video-ke-audio
https://solvemymedia.com/it/video-in-audio
https://solvemymedia.com/ja/bideokaraodeiohe
https://solvemymedia.com/ko/bidio-eseo-odio
https://solvemymedia.com/ko/bidioreul-odioro
https://solvemymedia.com/ms/video-ke-audio
https://solvemymedia.com/ms/video-kepada-audio
https://solvemymedia.com/nl/video-naar-audio
https://solvemymedia.com/no/video-til-lyd
https://solvemymedia.com/pl/wideo-do-dzwieku
https://solvemymedia.com/pl/wideo-na-audio
https://solvemymedia.com/pt/video-para-audio
https://solvemymedia.com/ro/video-in-audio
https://solvemymedia.com/ro/video-la-audio
https://solvemymedia.com/ru/video-v-audio
https://solvemymedia.com/sk/video-na-audio
https://solvemymedia.com/sk/video-na-zvuk
https://solvemymedia.com/sv/video-till-ljud
https://solvemymedia.com/th/wideo-phen-siang
https://solvemymedia.com/th/widiioepnesiiyng
https://solvemymedia.com/tr/videodan-ses
https://solvemymedia.com/tr/videodan-sese
https://solvemymedia.com/uk/video-v-audio
https://solvemymedia.com/vi/video-sang-am-thanh
https://solvemymedia.com/vi/video-thanh-am-thanh
https://solvemymedia.com/video-to-audio
https://solvemymedia.com/video-to-audio
https://solvemymedia.com/zh/shi-pin-zhuan-yin-pin","404
200
404
200
200
200
404
200
200
404
200
200
404
404
404
200
404
200
200
200
200
404
200
404
200
200
200
200
404
200
200
404
200
404
404
200
404
200
404
200
200
404
200
200
200
200","More than one page is linked for the same language
Some pages don't include hreflang links to all the other pages of the group
Some pages are not returning 200 status code",2926664764167155975,42,42
21,https://solvemymedia.com/fr/video-en-audio,"Extraire l'audio d'une vidéo - Convertisseur vidéo en MP3 - SolveMyMedia
SolveMyMedia - Free Online Media Optimization Tools",text/html; charset=utf-8,false,200,0,true,"https://solvemymedia.com/ar/fidyo-ila-sawt
https://solvemymedia.com/ar/lfydyw-l-lswt
https://solvemymedia.com/cs/video-na-audio
https://solvemymedia.com/cs/video-na-zvuk
https://solvemymedia.com/da/video-til-lyd
https://solvemymedia.com/de/video-zu-audio
https://solvemymedia.com/el/video-se-audio
https://solvemymedia.com/el/vinteo-se-iho
https://solvemymedia.com/es/video-a-audio
https://solvemymedia.com/fi/video-audioksi
https://solvemymedia.com/fi/videosta-aaneksi
https://solvemymedia.com/fr/video-en-audio
https://solvemymedia.com/he/video-leaudio
https://solvemymedia.com/he/vydv-lvdyv
https://solvemymedia.com/hi/video-se-audio
https://solvemymedia.com/hi/viiddiyo-se-onddiyo
https://solvemymedia.com/hu/video-hanggya
https://solvemymedia.com/hu/videorol-hangra
https://solvemymedia.com/id/video-ke-audio
https://solvemymedia.com/it/video-in-audio
https://solvemymedia.com/ja/bideokaraodeiohe
https://solvemymedia.com/ko/bidio-eseo-odio
https://solvemymedia.com/ko/bidioreul-odioro
https://solvemymedia.com/ms/video-ke-audio
https://solvemymedia.com/ms/video-kepada-audio
https://solvemymedia.com/nl/video-naar-audio
https://solvemymedia.com/no/video-til-lyd
https://solvemymedia.com/pl/wideo-do-dzwieku
https://solvemymedia.com/pl/wideo-na-audio
https://solvemymedia.com/pt/video-para-audio
https://solvemymedia.com/ro/video-in-audio
https://solvemymedia.com/ro/video-la-audio
https://solvemymedia.com/ru/video-v-audio
https://solvemymedia.com/sk/video-na-audio
https://solvemymedia.com/sk/video-na-zvuk
https://solvemymedia.com/sv/video-till-ljud
https://solvemymedia.com/th/wideo-phen-siang
https://solvemymedia.com/th/widiioepnesiiyng
https://solvemymedia.com/tr/videodan-ses
https://solvemymedia.com/tr/videodan-sese
https://solvemymedia.com/uk/video-v-audio
https://solvemymedia.com/vi/video-sang-am-thanh
https://solvemymedia.com/vi/video-thanh-am-thanh
https://solvemymedia.com/video-to-audio
https://solvemymedia.com/video-to-audio
https://solvemymedia.com/zh/shi-pin-zhuan-yin-pin","404
200
404
200
200
200
404
200
200
404
200
200
404
404
404
200
404
200
200
200
200
404
200
404
200
200
200
200
404
200
200
404
200
404
404
200
404
200
404
200
200
404
200
200
200
200","More than one page is linked for the same language
Some pages don't include hreflang links to all the other pages of the group
Some pages are not returning 200 status code",2926664764167155975,42,42
21,https://solvemymedia.com/de/gif-erstellen,"Video to GIF Maker – Video in animiertes GIF konvertieren - SolveMyMedia
SolveMyMedia - Free Online Media Optimization Tools",text/html; charset=utf-8,false,200,0,true,"https://solvemymedia.com/ar/anshaaa-gif
https://solvemymedia.com/ar/nsh-swr-mthrk
https://solvemymedia.com/create-gif
https://solvemymedia.com/create-gif
https://solvemymedia.com/cs/vytvorit-gif
https://solvemymedia.com/da/opret-gif
https://solvemymedia.com/da/oprette-gif
https://solvemymedia.com/de/gif-erstellen
https://solvemymedia.com/el/dimioyrgia-gif
https://solvemymedia.com/es/crear-gif
https://solvemymedia.com/fi/luo-gif
https://solvemymedia.com/fr/creer-un-gif
https://solvemymedia.com/he/lytsvr-gif
https://solvemymedia.com/he/tzor-gif
https://solvemymedia.com/hi/gif-banaye
https://solvemymedia.com/hi/gif-bnaaen
https://solvemymedia.com/hu/gif-letrehozasa
https://solvemymedia.com/id/membuat-gif
https://solvemymedia.com/it/crea-gif
https://solvemymedia.com/it/creare-una-gif
https://solvemymedia.com/ja/gifwozuo-cheng
https://solvemymedia.com/ko/gif-mandeulgi
https://solvemymedia.com/ms/buat-gif
https://solvemymedia.com/nl/gif-maken
https://solvemymedia.com/no/lag-gif
https://solvemymedia.com/no/lage-gif
https://solvemymedia.com/pl/stworz-gif
https://solvemymedia.com/pl/utworz-gifa
https://solvemymedia.com/pt/criar-gif
https://solvemymedia.com/ro/creati-gif
https://solvemymedia.com/ro/creeaza-gif
https://solvemymedia.com/ru/sozdat-gif
https://solvemymedia.com/ru/sozdat-gifku
https://solvemymedia.com/sk/vytvorit-gif
https://solvemymedia.com/sv/skapa-gif
https://solvemymedia.com/th/sang-gif
https://solvemymedia.com/th/sraangkif
https://solvemymedia.com/tr/gif-olustur
https://solvemymedia.com/uk/stvoriti-gif
https://solvemymedia.com/vi/tao-anh-gif
https://solvemymedia.com/vi/tao-gif
https://solvemymedia.com/zh/chuang-jian-gif","404
200
200
200
200
404
200
200
200
200
200
200
404
404
404
200
200
200
404
200
200
200
200
200
404
200
404
200
200
200
404
404
200
404
200
404
200
200
200
200
404
200","More than one page is linked for the same language
Some pages don't include hreflang links to all the other pages of the group
Some pages are not returning 200 status code",17321000843242609092,39,39
21,https://solvemymedia.com/fr/video-de-recadrage,"Recadrer une vidéo en ligne - Outil de recadrage vidéo gratuit - SolveMyMedia
SolveMyMedia - Free Online Media Optimization Tools",text/html; charset=utf-8,false,200,0,true,"https://solvemymedia.com/ar/fydyw-lmhsyl
https://solvemymedia.com/ar/qtaalfidyo
https://solvemymedia.com/crop-video
https://solvemymedia.com/crop-video
https://solvemymedia.com/cs/orezat-video
https://solvemymedia.com/cs/oriznout-video
https://solvemymedia.com/da/beskaer-video
https://solvemymedia.com/da/beskare-video
https://solvemymedia.com/de/video-zuschneiden
https://solvemymedia.com/el/kopsi-video
https://solvemymedia.com/el/perikopi-vinteo
https://solvemymedia.com/es/recortar-video
https://solvemymedia.com/fi/rajaa-video
https://solvemymedia.com/fr/video-de-recadrage
https://solvemymedia.com/he/gzor-video
https://solvemymedia.com/he/khytvk-srtvn
https://solvemymedia.com/hi/phsl-viiddiyo
https://solvemymedia.com/hi/video-crop-kare
https://solvemymedia.com/hu/vagja-le-a-videot
https://solvemymedia.com/hu/video-vagasa
https://solvemymedia.com/id/potong-video
https://solvemymedia.com/it/ritaglia-video
https://solvemymedia.com/it/ritagliare-il-video
https://solvemymedia.com/ja/bideowokurotupusuru
https://solvemymedia.com/ko/bidio-jallagi
https://solvemymedia.com/ko/bidio-jareugi
https://solvemymedia.com/ms/pangkas-video
https://solvemymedia.com/ms/potong-video
https://solvemymedia.com/nl/video-bijsnijden
https://solvemymedia.com/no/beskjaer-video
https://solvemymedia.com/no/beskjaere-video
https://solvemymedia.com/pl/przytnij-wideo
https://solvemymedia.com/pt/cortar-video
https://solvemymedia.com/ro/decupati-videoclipul
https://solvemymedia.com/ro/taie-video
https://solvemymedia.com/ru/obrezat-video
https://solvemymedia.com/sk/orezat-video
https://solvemymedia.com/sv/beskara-video
https://solvemymedia.com/th/khrbtadwidiio
https://solvemymedia.com/th/krot-wideo
https://solvemymedia.com/tr/video-kirp
https://solvemymedia.com/tr/videoyu-kirp
https://solvemymedia.com/uk/kadruvannya-video
https://solvemymedia.com/uk/obrizati-video
https://solvemymedia.com/vi/cat-video
https://solvemymedia.com/zh/cai-jian-shi-pin
https://solvemymedia.com/zh/jian-jie-shi-pin","200
404
200
200
404
200
200
404
200
404
200
200
200
200
404
404
200
404
200
404
200
404
200
200
404
200
200
404
200
404
200
200
200
200
404
200
404
200
200
404
404
200
200
404
200
200
404","More than one page is linked for the same language
Some pages are not returning 200 status code",16724027953909618260,44,44
21,https://solvemymedia.com/ja/odeiowobian-huan-suru,"オーディオ形式を変換 - 無料のオンライン オーディオ コンバーター - SolveMyMedia
SolveMyMedia - Free Online Media Optimization Tools",text/html; charset=utf-8,false,200,0,true,"https://solvemymedia.com/ar/thwyl-alsawt
https://solvemymedia.com/ar/thwyl-lswt
https://solvemymedia.com/convert-audio
https://solvemymedia.com/convert-audio
https://solvemymedia.com/cs/konvertovat-audio
https://solvemymedia.com/cs/prevest-zvuk
https://solvemymedia.com/da/konverter-lyd
https://solvemymedia.com/da/konvertere-lyd
https://solvemymedia.com/de/audio-konvertieren
https://solvemymedia.com/el/metaporpe-audio
https://solvemymedia.com/el/metatropi-ihoy
https://solvemymedia.com/es/convertir-audio
https://solvemymedia.com/fi/muunna-audio
https://solvemymedia.com/fi/muuntaa-aanta
https://solvemymedia.com/fr/convertir-laudio
https://solvemymedia.com/he/hmr-audio
https://solvemymedia.com/he/lhmyr-vdyv
https://solvemymedia.com/hi/audio-convert-kare
https://solvemymedia.com/hi/onddiyo-privrtit-kren
https://solvemymedia.com/hu/hang-konvertalasa
https://solvemymedia.com/hu/hangot-konvertalni
https://solvemymedia.com/id/mengkonversi-audio
https://solvemymedia.com/it/converti-audio
https://solvemymedia.com/it/convertire-laudio
https://solvemymedia.com/ja/odeiowobian-huan-suru
https://solvemymedia.com/ko/odio-byeonhwan
https://solvemymedia.com/ms/menukar-audio
https://solvemymedia.com/ms/tukar-audio
https://solvemymedia.com/nl/audio-converteren
https://solvemymedia.com/no/konvertere-lyd
https://solvemymedia.com/pl/konwertowac-dzwiek
https://solvemymedia.com/pl/konwertuj-audio
https://solvemymedia.com/pt/converter-audio
https://solvemymedia.com/ro/converteste-audio
https://solvemymedia.com/ro/converti-audio
https://solvemymedia.com/ru/konvertirovat-audio
https://solvemymedia.com/sk/konvertovat-audio
https://solvemymedia.com/sk/konvertovat-zvuk
https://solvemymedia.com/sv/konvertera-ljud
https://solvemymedia.com/th/aeplngesiiyng
https://solvemymedia.com/th/pli-an-audio
https://solvemymedia.com/tr/ses-donustur
https://solvemymedia.com/tr/sesi-donustur
https://solvemymedia.com/uk/konvertuvati-audio
https://solvemymedia.com/vi/chuyen-doi-am-thanh
https://solvemymedia.com/zh/zhuan-huan-yin-pin","404
200
200
200
404
200
404
200
200
404
200
200
404
200
200
404
404
404
200
404
200
200
404
200
200
200
200
404
200
200
200
404
200
404
200
200
404
404
200
200
404
404
200
200
200
200","More than one page is linked for the same language
Some pages don't include hreflang links to all the other pages of the group
Some pages are not returning 200 status code",9570318248645165765,42,42
21,https://solvemymedia.com/uk/konvertuvati-video,"Перетворення відеоформатів - безкоштовний онлайн-конвертер відео - SolveMyMedia
SolveMyMedia - Free Online Media Optimization Tools",text/html; charset=utf-8,false,200,0,true,"https://solvemymedia.com/ar/thwyl-alfidyo
https://solvemymedia.com/ar/thwyl-lfydyw
https://solvemymedia.com/convert-video
https://solvemymedia.com/convert-video
https://solvemymedia.com/cs/konvertovat-video
https://solvemymedia.com/cs/prevest-video
https://solvemymedia.com/da/konverter-video
https://solvemymedia.com/da/konvertere-video
https://solvemymedia.com/de/video-konvertieren
https://solvemymedia.com/el/metaporpe-video
https://solvemymedia.com/el/metatropi-vinteo
https://solvemymedia.com/es/convertir-video
https://solvemymedia.com/fi/muunna-video
https://solvemymedia.com/fi/muuntaa-videon
https://solvemymedia.com/fr/convertir-une-video
https://solvemymedia.com/he/hmr-video
https://solvemymedia.com/he/lhmyr-vydv
https://solvemymedia.com/hi/video-convert-kare
https://solvemymedia.com/hi/viiddiyo-privrtit-kren
https://solvemymedia.com/hu/video-konvertalasa
https://solvemymedia.com/id/mengkonversi-video
https://solvemymedia.com/it/converti-video
https://solvemymedia.com/it/convertire-video
https://solvemymedia.com/ja/bideowobian-huan-suru
https://solvemymedia.com/ko/bidio-byeonhwan
https://solvemymedia.com/ms/menukar-video
https://solvemymedia.com/ms/tukar-video
https://solvemymedia.com/nl/video-converteren
https://solvemymedia.com/no/konvertere-video
https://solvemymedia.com/pl/konwertuj-wideo
https://solvemymedia.com/pt/converter-video
https://solvemymedia.com/ro/converteste-video
https://solvemymedia.com/ro/converti-video
https://solvemymedia.com/ru/konvertirovat-video
https://solvemymedia.com/sk/konvertovat-video
https://solvemymedia.com/sv/konvertera-video
https://solvemymedia.com/th/aeplngwidiio
https://solvemymedia.com/th/pli-an-wideo
https://solvemymedia.com/tr/video-donustur
https://solvemymedia.com/tr/videoyu-donustur
https://solvemymedia.com/uk/konvertuvati-video
https://solvemymedia.com/vi/chuyen-doi-video
https://solvemymedia.com/zh/zhuan-huan-shi-pin","404
200
200
200
404
200
404
200
200
404
200
200
404
200
200
404
404
404
200
200
200
404
200
200
200
200
404
200
200
200
200
404
200
200
404
200
200
404
404
200
200
200
200","More than one page is linked for the same language
Some pages don't include hreflang links to all the other pages of the group
Some pages are not returning 200 status code",3718947784658654109,40,40
21,https://solvemymedia.com/fr/creer-un-gif,"Vidéo en GIF Maker - Convertir une vidéo en GIF animé - SolveMyMedia
SolveMyMedia - Free Online Media Optimization Tools",text/html; charset=utf-8,false,200,0,true,"https://solvemymedia.com/ar/anshaaa-gif
https://solvemymedia.com/ar/nsh-swr-mthrk
https://solvemymedia.com/create-gif
https://solvemymedia.com/create-gif
https://solvemymedia.com/cs/vytvorit-gif
https://solvemymedia.com/da/opret-gif
https://solvemymedia.com/da/oprette-gif
https://solvemymedia.com/de/gif-erstellen
https://solvemymedia.com/el/dimioyrgia-gif
https://solvemymedia.com/es/crear-gif
https://solvemymedia.com/fi/luo-gif
https://solvemymedia.com/fr/creer-un-gif
https://solvemymedia.com/he/lytsvr-gif
https://solvemymedia.com/he/tzor-gif
https://solvemymedia.com/hi/gif-banaye
https://solvemymedia.com/hi/gif-bnaaen
https://solvemymedia.com/hu/gif-letrehozasa
https://solvemymedia.com/id/membuat-gif
https://solvemymedia.com/it/crea-gif
https://solvemymedia.com/it/creare-una-gif
https://solvemymedia.com/ja/gifwozuo-cheng
https://solvemymedia.com/ko/gif-mandeulgi
https://solvemymedia.com/ms/buat-gif
https://solvemymedia.com/nl/gif-maken
https://solvemymedia.com/no/lag-gif
https://solvemymedia.com/no/lage-gif
https://solvemymedia.com/pl/stworz-gif
https://solvemymedia.com/pl/utworz-gifa
https://solvemymedia.com/pt/criar-gif
https://solvemymedia.com/ro/creati-gif
https://solvemymedia.com/ro/creeaza-gif
https://solvemymedia.com/ru/sozdat-gif
https://solvemymedia.com/ru/sozdat-gifku
https://solvemymedia.com/sk/vytvorit-gif
https://solvemymedia.com/sv/skapa-gif
https://solvemymedia.com/th/sang-gif
https://solvemymedia.com/th/sraangkif
https://solvemymedia.com/tr/gif-olustur
https://solvemymedia.com/uk/stvoriti-gif
https://solvemymedia.com/vi/tao-anh-gif
https://solvemymedia.com/vi/tao-gif
https://solvemymedia.com/zh/chuang-jian-gif","404
200
200
200
200
404
200
200
200
200
200
200
404
404
404
200
200
200
404
200
200
200
200
200
404
200
404
200
200
200
404
404
200
404
200
404
200
200
200
200
404
200","More than one page is linked for the same language
Some pages don't include hreflang links to all the other pages of the group
Some pages are not returning 200 status code",17321000843242609092,39,39
21,https://solvemymedia.com/es/velocidad-de-video,"Cambiar la velocidad del video: editor de video en cámara rápida y lenta - SolveMyMedia
SolveMyMedia - Free Online Media Optimization Tools",text/html; charset=utf-8,false,200,0,true,"https://solvemymedia.com/ar/sraa-lfydyw
https://solvemymedia.com/ar/sraat-alfidyo
https://solvemymedia.com/cs/rychlost-videa
https://solvemymedia.com/da/videohastighed
https://solvemymedia.com/de/videogeschwindigkeit
https://solvemymedia.com/el/tahytita-vinteo
https://solvemymedia.com/el/taxyta-video
https://solvemymedia.com/es/velocidad-de-video
https://solvemymedia.com/fi/videon-nopeus
https://solvemymedia.com/fi/videonopeus
https://solvemymedia.com/fr/vitesse-video
https://solvemymedia.com/he/meherut-video
https://solvemymedia.com/he/mhyrvt-vydv
https://solvemymedia.com/hi/video-speed
https://solvemymedia.com/hi/viiddiyo-kii-gti
https://solvemymedia.com/hu/video-sebesseg
https://solvemymedia.com/id/kecepatan-video
https://solvemymedia.com/it/velocita-video
https://solvemymedia.com/ja/bideosu-du
https://solvemymedia.com/ko/bidio-sogdo
https://solvemymedia.com/ko/bidio-sokdo
https://solvemymedia.com/ms/kelajuan-video
https://solvemymedia.com/ms/laju-video
https://solvemymedia.com/nl/video-snelheid
https://solvemymedia.com/nl/videosnelheid
https://solvemymedia.com/no/videohastighet
https://solvemymedia.com/pl/predkosc-wideo
https://solvemymedia.com/pt/velocidade-do-video
https://solvemymedia.com/ro/viteza-video
https://solvemymedia.com/ru/skorost-video
https://solvemymedia.com/sk/rychlost-videa
https://solvemymedia.com/sv/videohastighet
https://solvemymedia.com/th/khwaamerwwidiio
https://solvemymedia.com/th/kwam-rew-wideo
https://solvemymedia.com/tr/video-hizi
https://solvemymedia.com/uk/shvidkist-video
https://solvemymedia.com/vi/toc-do-video
https://solvemymedia.com/video-speed
https://solvemymedia.com/video-speed
https://solvemymedia.com/zh/shi-pin-su-du","200
404
200
200
200
200
404
200
200
404
200
404
404
404
200
200
200
200
200
200
404
200
404
404
200
200
200
200
200
200
404
200
200
404
200
200
200
200
200
200","More than one page is linked for the same language
Some pages are not returning 200 status code",927488645351648793,37,37
21,https://solvemymedia.com/nl/video-naar-audio,"Audio uit video extraheren - Video naar MP3-converter - SolveMyMedia
SolveMyMedia - Free Online Media Optimization Tools",text/html; charset=utf-8,false,200,0,true,"https://solvemymedia.com/ar/fidyo-ila-sawt
https://solvemymedia.com/ar/lfydyw-l-lswt
https://solvemymedia.com/cs/video-na-audio
https://solvemymedia.com/cs/video-na-zvuk
https://solvemymedia.com/da/video-til-lyd
https://solvemymedia.com/de/video-zu-audio
https://solvemymedia.com/el/video-se-audio
https://solvemymedia.com/el/vinteo-se-iho
https://solvemymedia.com/es/video-a-audio
https://solvemymedia.com/fi/video-audioksi
https://solvemymedia.com/fi/videosta-aaneksi
https://solvemymedia.com/fr/video-en-audio
https://solvemymedia.com/he/video-leaudio
https://solvemymedia.com/he/vydv-lvdyv
https://solvemymedia.com/hi/video-se-audio
https://solvemymedia.com/hi/viiddiyo-se-onddiyo
https://solvemymedia.com/hu/video-hanggya
https://solvemymedia.com/hu/videorol-hangra
https://solvemymedia.com/id/video-ke-audio
https://solvemymedia.com/it/video-in-audio
https://solvemymedia.com/ja/bideokaraodeiohe
https://solvemymedia.com/ko/bidio-eseo-odio
https://solvemymedia.com/ko/bidioreul-odioro
https://solvemymedia.com/ms/video-ke-audio
https://solvemymedia.com/ms/video-kepada-audio
https://solvemymedia.com/nl/video-naar-audio
https://solvemymedia.com/no/video-til-lyd
https://solvemymedia.com/pl/wideo-do-dzwieku
https://solvemymedia.com/pl/wideo-na-audio
https://solvemymedia.com/pt/video-para-audio
https://solvemymedia.com/ro/video-in-audio
https://solvemymedia.com/ro/video-la-audio
https://solvemymedia.com/ru/video-v-audio
https://solvemymedia.com/sk/video-na-audio
https://solvemymedia.com/sk/video-na-zvuk
https://solvemymedia.com/sv/video-till-ljud
https://solvemymedia.com/th/wideo-phen-siang
https://solvemymedia.com/th/widiioepnesiiyng
https://solvemymedia.com/tr/videodan-ses
https://solvemymedia.com/tr/videodan-sese
https://solvemymedia.com/uk/video-v-audio
https://solvemymedia.com/vi/video-sang-am-thanh
https://solvemymedia.com/vi/video-thanh-am-thanh
https://solvemymedia.com/video-to-audio
https://solvemymedia.com/video-to-audio
https://solvemymedia.com/zh/shi-pin-zhuan-yin-pin","404
200
404
200
200
200
404
200
200
404
200
200
404
404
404
200
404
200
200
200
200
404
200
404
200
200
200
200
404
200
200
404
200
404
404
200
404
200
404
200
200
404
200
200
200
200","More than one page is linked for the same language
Some pages don't include hreflang links to all the other pages of the group
Some pages are not returning 200 status code",2926664764167155975,42,42
21,https://solvemymedia.com/uk/shvidkist-video,"Зміна швидкості відео - швидкий і уповільнений відеоредактор - SolveMyMedia
SolveMyMedia - Free Online Media Optimization Tools",text/html; charset=utf-8,false,200,0,true,"https://solvemymedia.com/ar/sraa-lfydyw
https://solvemymedia.com/ar/sraat-alfidyo
https://solvemymedia.com/cs/rychlost-videa
https://solvemymedia.com/da/videohastighed
https://solvemymedia.com/de/videogeschwindigkeit
https://solvemymedia.com/el/tahytita-vinteo
https://solvemymedia.com/el/taxyta-video
https://solvemymedia.com/es/velocidad-de-video
https://solvemymedia.com/fi/videon-nopeus
https://solvemymedia.com/fi/videonopeus
https://solvemymedia.com/fr/vitesse-video
https://solvemymedia.com/he/meherut-video
https://solvemymedia.com/he/mhyrvt-vydv
https://solvemymedia.com/hi/video-speed
https://solvemymedia.com/hi/viiddiyo-kii-gti
https://solvemymedia.com/hu/video-sebesseg
https://solvemymedia.com/id/kecepatan-video
https://solvemymedia.com/it/velocita-video
https://solvemymedia.com/ja/bideosu-du
https://solvemymedia.com/ko/bidio-sogdo
https://solvemymedia.com/ko/bidio-sokdo
https://solvemymedia.com/ms/kelajuan-video
https://solvemymedia.com/ms/laju-video
https://solvemymedia.com/nl/video-snelheid
https://solvemymedia.com/nl/videosnelheid
https://solvemymedia.com/no/videohastighet
https://solvemymedia.com/pl/predkosc-wideo
https://solvemymedia.com/pt/velocidade-do-video
https://solvemymedia.com/ro/viteza-video
https://solvemymedia.com/ru/skorost-video
https://solvemymedia.com/sk/rychlost-videa
https://solvemymedia.com/sv/videohastighet
https://solvemymedia.com/th/khwaamerwwidiio
https://solvemymedia.com/th/kwam-rew-wideo
https://solvemymedia.com/tr/video-hizi
https://solvemymedia.com/uk/shvidkist-video
https://solvemymedia.com/vi/toc-do-video
https://solvemymedia.com/video-speed
https://solvemymedia.com/video-speed
https://solvemymedia.com/zh/shi-pin-su-du","200
404
200
200
200
200
404
200
200
404
200
404
404
404
200
200
200
200
200
200
404
200
404
404
200
200
200
200
200
200
404
200
200
404
200
200
200
200
200
200","More than one page is linked for the same language
Some pages are not returning 200 status code",927488645351648793,37,37
21,https://solvemymedia.com/ru/konvertirovat-video,"Конвертировать форматы видео — бесплатный онлайн-конвертер видео - SolveMyMedia
SolveMyMedia - Free Online Media Optimization Tools",text/html; charset=utf-8,false,200,0,true,"https://solvemymedia.com/ar/thwyl-alfidyo
https://solvemymedia.com/ar/thwyl-lfydyw
https://solvemymedia.com/convert-video
https://solvemymedia.com/convert-video
https://solvemymedia.com/cs/konvertovat-video
https://solvemymedia.com/cs/prevest-video
https://solvemymedia.com/da/konverter-video
https://solvemymedia.com/da/konvertere-video
https://solvemymedia.com/de/video-konvertieren
https://solvemymedia.com/el/metaporpe-video
https://solvemymedia.com/el/metatropi-vinteo
https://solvemymedia.com/es/convertir-video
https://solvemymedia.com/fi/muunna-video
https://solvemymedia.com/fi/muuntaa-videon
https://solvemymedia.com/fr/convertir-une-video
https://solvemymedia.com/he/hmr-video
https://solvemymedia.com/he/lhmyr-vydv
https://solvemymedia.com/hi/video-convert-kare
https://solvemymedia.com/hi/viiddiyo-privrtit-kren
https://solvemymedia.com/hu/video-konvertalasa
https://solvemymedia.com/id/mengkonversi-video
https://solvemymedia.com/it/converti-video
https://solvemymedia.com/it/convertire-video
https://solvemymedia.com/ja/bideowobian-huan-suru
https://solvemymedia.com/ko/bidio-byeonhwan
https://solvemymedia.com/ms/menukar-video
https://solvemymedia.com/ms/tukar-video
https://solvemymedia.com/nl/video-converteren
https://solvemymedia.com/no/konvertere-video
https://solvemymedia.com/pl/konwertuj-wideo
https://solvemymedia.com/pt/converter-video
https://solvemymedia.com/ro/converteste-video
https://solvemymedia.com/ro/converti-video
https://solvemymedia.com/ru/konvertirovat-video
https://solvemymedia.com/sk/konvertovat-video
https://solvemymedia.com/sv/konvertera-video
https://solvemymedia.com/th/aeplngwidiio
https://solvemymedia.com/th/pli-an-wideo
https://solvemymedia.com/tr/video-donustur
https://solvemymedia.com/tr/videoyu-donustur
https://solvemymedia.com/uk/konvertuvati-video
https://solvemymedia.com/vi/chuyen-doi-video
https://solvemymedia.com/zh/zhuan-huan-shi-pin","404
200
200
200
404
200
404
200
200
404
200
200
404
200
200
404
404
404
200
200
200
404
200
200
200
200
404
200
200
200
200
404
200
200
404
200
200
404
404
200
200
200
200","More than one page is linked for the same language
Some pages don't include hreflang links to all the other pages of the group
Some pages are not returning 200 status code",3718947784658654109,40,40
21,https://solvemymedia.com/zh/shi-pin-su-du,"更改视频速度 - 快动作和慢动作视频编辑器 - SolveMyMedia
SolveMyMedia - Free Online Media Optimization Tools",text/html; charset=utf-8,false,200,0,true,"https://solvemymedia.com/ar/sraa-lfydyw
https://solvemymedia.com/ar/sraat-alfidyo
https://solvemymedia.com/cs/rychlost-videa
https://solvemymedia.com/da/videohastighed
https://solvemymedia.com/de/videogeschwindigkeit
https://solvemymedia.com/el/tahytita-vinteo
https://solvemymedia.com/el/taxyta-video
https://solvemymedia.com/es/velocidad-de-video
https://solvemymedia.com/fi/videon-nopeus
https://solvemymedia.com/fi/videonopeus
https://solvemymedia.com/fr/vitesse-video
https://solvemymedia.com/he/meherut-video
https://solvemymedia.com/he/mhyrvt-vydv
https://solvemymedia.com/hi/video-speed
https://solvemymedia.com/hi/viiddiyo-kii-gti
https://solvemymedia.com/hu/video-sebesseg
https://solvemymedia.com/id/kecepatan-video
https://solvemymedia.com/it/velocita-video
https://solvemymedia.com/ja/bideosu-du
https://solvemymedia.com/ko/bidio-sogdo
https://solvemymedia.com/ko/bidio-sokdo
https://solvemymedia.com/ms/kelajuan-video
https://solvemymedia.com/ms/laju-video
https://solvemymedia.com/nl/video-snelheid
https://solvemymedia.com/nl/videosnelheid
https://solvemymedia.com/no/videohastighet
https://solvemymedia.com/pl/predkosc-wideo
https://solvemymedia.com/pt/velocidade-do-video
https://solvemymedia.com/ro/viteza-video
https://solvemymedia.com/ru/skorost-video
https://solvemymedia.com/sk/rychlost-videa
https://solvemymedia.com/sv/videohastighet
https://solvemymedia.com/th/khwaamerwwidiio
https://solvemymedia.com/th/kwam-rew-wideo
https://solvemymedia.com/tr/video-hizi
https://solvemymedia.com/uk/shvidkist-video
https://solvemymedia.com/vi/toc-do-video
https://solvemymedia.com/video-speed
https://solvemymedia.com/video-speed
https://solvemymedia.com/zh/shi-pin-su-du","200
404
200
200
200
200
404
200
200
404
200
404
404
404
200
200
200
200
200
200
404
200
404
404
200
200
200
200
200
200
404
200
200
404
200
200
200
200
200
200","More than one page is linked for the same language
Some pages are not returning 200 status code",927488645351648793,37,37
21,https://solvemymedia.com/id/video-ke-audio,"Ekstrak Audio dari Video - Konverter Video ke MP3 - SolveMyMedia
SolveMyMedia - Free Online Media Optimization Tools",text/html; charset=utf-8,false,200,0,true,"https://solvemymedia.com/ar/fidyo-ila-sawt
https://solvemymedia.com/ar/lfydyw-l-lswt
https://solvemymedia.com/cs/video-na-audio
https://solvemymedia.com/cs/video-na-zvuk
https://solvemymedia.com/da/video-til-lyd
https://solvemymedia.com/de/video-zu-audio
https://solvemymedia.com/el/video-se-audio
https://solvemymedia.com/el/vinteo-se-iho
https://solvemymedia.com/es/video-a-audio
https://solvemymedia.com/fi/video-audioksi
https://solvemymedia.com/fi/videosta-aaneksi
https://solvemymedia.com/fr/video-en-audio
https://solvemymedia.com/he/video-leaudio
https://solvemymedia.com/he/vydv-lvdyv
https://solvemymedia.com/hi/video-se-audio
https://solvemymedia.com/hi/viiddiyo-se-onddiyo
https://solvemymedia.com/hu/video-hanggya
https://solvemymedia.com/hu/videorol-hangra
https://solvemymedia.com/id/video-ke-audio
https://solvemymedia.com/it/video-in-audio
https://solvemymedia.com/ja/bideokaraodeiohe
https://solvemymedia.com/ko/bidio-eseo-odio
https://solvemymedia.com/ko/bidioreul-odioro
https://solvemymedia.com/ms/video-ke-audio
https://solvemymedia.com/ms/video-kepada-audio
https://solvemymedia.com/nl/video-naar-audio
https://solvemymedia.com/no/video-til-lyd
https://solvemymedia.com/pl/wideo-do-dzwieku
https://solvemymedia.com/pl/wideo-na-audio
https://solvemymedia.com/pt/video-para-audio
https://solvemymedia.com/ro/video-in-audio
https://solvemymedia.com/ro/video-la-audio
https://solvemymedia.com/ru/video-v-audio
https://solvemymedia.com/sk/video-na-audio
https://solvemymedia.com/sk/video-na-zvuk
https://solvemymedia.com/sv/video-till-ljud
https://solvemymedia.com/th/wideo-phen-siang
https://solvemymedia.com/th/widiioepnesiiyng
https://solvemymedia.com/tr/videodan-ses
https://solvemymedia.com/tr/videodan-sese
https://solvemymedia.com/uk/video-v-audio
https://solvemymedia.com/vi/video-sang-am-thanh
https://solvemymedia.com/vi/video-thanh-am-thanh
https://solvemymedia.com/video-to-audio
https://solvemymedia.com/video-to-audio
https://solvemymedia.com/zh/shi-pin-zhuan-yin-pin","404
200
404
200
200
200
404
200
200
404
200
200
404
404
404
200
404
200
200
200
200
404
200
404
200
200
200
200
404
200
200
404
200
404
404
200
404
200
404
200
200
404
200
200
200
200","More than one page is linked for the same language
Some pages don't include hreflang links to all the other pages of the group
Some pages are not returning 200 status code",2926664764167155975,42,42
21,https://solvemymedia.com/de/audio-konvertieren,"Konvertieren Sie Audioformate – Kostenloser Online-Audiokonverter - SolveMyMedia
SolveMyMedia - Free Online Media Optimization Tools",text/html; charset=utf-8,false,200,0,true,"https://solvemymedia.com/ar/thwyl-alsawt
https://solvemymedia.com/ar/thwyl-lswt
https://solvemymedia.com/convert-audio
https://solvemymedia.com/convert-audio
https://solvemymedia.com/cs/konvertovat-audio
https://solvemymedia.com/cs/prevest-zvuk
https://solvemymedia.com/da/konverter-lyd
https://solvemymedia.com/da/konvertere-lyd
https://solvemymedia.com/de/audio-konvertieren
https://solvemymedia.com/el/metaporpe-audio
https://solvemymedia.com/el/metatropi-ihoy
https://solvemymedia.com/es/convertir-audio
https://solvemymedia.com/fi/muunna-audio
https://solvemymedia.com/fi/muuntaa-aanta
https://solvemymedia.com/fr/convertir-laudio
https://solvemymedia.com/he/hmr-audio
https://solvemymedia.com/he/lhmyr-vdyv
https://solvemymedia.com/hi/audio-convert-kare
https://solvemymedia.com/hi/onddiyo-privrtit-kren
https://solvemymedia.com/hu/hang-konvertalasa
https://solvemymedia.com/hu/hangot-konvertalni
https://solvemymedia.com/id/mengkonversi-audio
https://solvemymedia.com/it/converti-audio
https://solvemymedia.com/it/convertire-laudio
https://solvemymedia.com/ja/odeiowobian-huan-suru
https://solvemymedia.com/ko/odio-byeonhwan
https://solvemymedia.com/ms/menukar-audio
https://solvemymedia.com/ms/tukar-audio
https://solvemymedia.com/nl/audio-converteren
https://solvemymedia.com/no/konvertere-lyd
https://solvemymedia.com/pl/konwertowac-dzwiek
https://solvemymedia.com/pl/konwertuj-audio
https://solvemymedia.com/pt/converter-audio
https://solvemymedia.com/ro/converteste-audio
https://solvemymedia.com/ro/converti-audio
https://solvemymedia.com/ru/konvertirovat-audio
https://solvemymedia.com/sk/konvertovat-audio
https://solvemymedia.com/sk/konvertovat-zvuk
https://solvemymedia.com/sv/konvertera-ljud
https://solvemymedia.com/th/aeplngesiiyng
https://solvemymedia.com/th/pli-an-audio
https://solvemymedia.com/tr/ses-donustur
https://solvemymedia.com/tr/sesi-donustur
https://solvemymedia.com/uk/konvertuvati-audio
https://solvemymedia.com/vi/chuyen-doi-am-thanh
https://solvemymedia.com/zh/zhuan-huan-yin-pin","404
200
200
200
404
200
404
200
200
404
200
200
404
200
200
404
404
404
200
404
200
200
404
200
200
200
200
404
200
200
200
404
200
404
200
200
404
404
200
200
404
404
200
200
200
200","More than one page is linked for the same language
Some pages don't include hreflang links to all the other pages of the group
Some pages are not returning 200 status code",9570318248645165765,42,42
21,https://solvemymedia.com/pt/velocidade-do-video,"Alterar velocidade do vídeo - Editor de vídeo em câmera lenta e rápida - SolveMyMedia
SolveMyMedia - Free Online Media Optimization Tools",text/html; charset=utf-8,false,200,0,true,"https://solvemymedia.com/ar/sraa-lfydyw
https://solvemymedia.com/ar/sraat-alfidyo
https://solvemymedia.com/cs/rychlost-videa
https://solvemymedia.com/da/videohastighed
https://solvemymedia.com/de/videogeschwindigkeit
https://solvemymedia.com/el/tahytita-vinteo
https://solvemymedia.com/el/taxyta-video
https://solvemymedia.com/es/velocidad-de-video
https://solvemymedia.com/fi/videon-nopeus
https://solvemymedia.com/fi/videonopeus
https://solvemymedia.com/fr/vitesse-video
https://solvemymedia.com/he/meherut-video
https://solvemymedia.com/he/mhyrvt-vydv
https://solvemymedia.com/hi/video-speed
https://solvemymedia.com/hi/viiddiyo-kii-gti
https://solvemymedia.com/hu/video-sebesseg
https://solvemymedia.com/id/kecepatan-video
https://solvemymedia.com/it/velocita-video
https://solvemymedia.com/ja/bideosu-du
https://solvemymedia.com/ko/bidio-sogdo
https://solvemymedia.com/ko/bidio-sokdo
https://solvemymedia.com/ms/kelajuan-video
https://solvemymedia.com/ms/laju-video
https://solvemymedia.com/nl/video-snelheid
https://solvemymedia.com/nl/videosnelheid
https://solvemymedia.com/no/videohastighet
https://solvemymedia.com/pl/predkosc-wideo
https://solvemymedia.com/pt/velocidade-do-video
https://solvemymedia.com/ro/viteza-video
https://solvemymedia.com/ru/skorost-video
https://solvemymedia.com/sk/rychlost-videa
https://solvemymedia.com/sv/videohastighet
https://solvemymedia.com/th/khwaamerwwidiio
https://solvemymedia.com/th/kwam-rew-wideo
https://solvemymedia.com/tr/video-hizi
https://solvemymedia.com/uk/shvidkist-video
https://solvemymedia.com/vi/toc-do-video
https://solvemymedia.com/video-speed
https://solvemymedia.com/video-speed
https://solvemymedia.com/zh/shi-pin-su-du","200
404
200
200
200
200
404
200
200
404
200
404
404
404
200
200
200
200
200
200
404
200
404
404
200
200
200
200
200
200
404
200
200
404
200
200
200
200
200
200","More than one page is linked for the same language
Some pages are not returning 200 status code",927488645351648793,37,37
21,https://solvemymedia.com/fr/convertir-laudio,"Convertir les formats audio - Convertisseur audio en ligne gratuit - SolveMyMedia
SolveMyMedia - Free Online Media Optimization Tools",text/html; charset=utf-8,false,200,0,true,"https://solvemymedia.com/ar/thwyl-alsawt
https://solvemymedia.com/ar/thwyl-lswt
https://solvemymedia.com/convert-audio
https://solvemymedia.com/convert-audio
https://solvemymedia.com/cs/konvertovat-audio
https://solvemymedia.com/cs/prevest-zvuk
https://solvemymedia.com/da/konverter-lyd
https://solvemymedia.com/da/konvertere-lyd
https://solvemymedia.com/de/audio-konvertieren
https://solvemymedia.com/el/metaporpe-audio
https://solvemymedia.com/el/metatropi-ihoy
https://solvemymedia.com/es/convertir-audio
https://solvemymedia.com/fi/muunna-audio
https://solvemymedia.com/fi/muuntaa-aanta
https://solvemymedia.com/fr/convertir-laudio
https://solvemymedia.com/he/hmr-audio
https://solvemymedia.com/he/lhmyr-vdyv
https://solvemymedia.com/hi/audio-convert-kare
https://solvemymedia.com/hi/onddiyo-privrtit-kren
https://solvemymedia.com/hu/hang-konvertalasa
https://solvemymedia.com/hu/hangot-konvertalni
https://solvemymedia.com/id/mengkonversi-audio
https://solvemymedia.com/it/converti-audio
https://solvemymedia.com/it/convertire-laudio
https://solvemymedia.com/ja/odeiowobian-huan-suru
https://solvemymedia.com/ko/odio-byeonhwan
https://solvemymedia.com/ms/menukar-audio
https://solvemymedia.com/ms/tukar-audio
https://solvemymedia.com/nl/audio-converteren
https://solvemymedia.com/no/konvertere-lyd
https://solvemymedia.com/pl/konwertowac-dzwiek
https://solvemymedia.com/pl/konwertuj-audio
https://solvemymedia.com/pt/converter-audio
https://solvemymedia.com/ro/converteste-audio
https://solvemymedia.com/ro/converti-audio
https://solvemymedia.com/ru/konvertirovat-audio
https://solvemymedia.com/sk/konvertovat-audio
https://solvemymedia.com/sk/konvertovat-zvuk
https://solvemymedia.com/sv/konvertera-ljud
https://solvemymedia.com/th/aeplngesiiyng
https://solvemymedia.com/th/pli-an-audio
https://solvemymedia.com/tr/ses-donustur
https://solvemymedia.com/tr/sesi-donustur
https://solvemymedia.com/uk/konvertuvati-audio
https://solvemymedia.com/vi/chuyen-doi-am-thanh
https://solvemymedia.com/zh/zhuan-huan-yin-pin","404
200
200
200
404
200
404
200
200
404
200
200
404
200
200
404
404
404
200
404
200
200
404
200
200
200
200
404
200
200
200
404
200
404
200
200
404
404
200
200
404
404
200
200
200
200","More than one page is linked for the same language
Some pages don't include hreflang links to all the other pages of the group
Some pages are not returning 200 status code",9570318248645165765,42,42
21,https://solvemymedia.com/ja/bideosu-du,"ビデオ速度の変更 - 高速およびスローモーションビデオエディター - SolveMyMedia
SolveMyMedia - Free Online Media Optimization Tools",text/html; charset=utf-8,false,200,0,true,"https://solvemymedia.com/ar/sraa-lfydyw
https://solvemymedia.com/ar/sraat-alfidyo
https://solvemymedia.com/cs/rychlost-videa
https://solvemymedia.com/da/videohastighed
https://solvemymedia.com/de/videogeschwindigkeit
https://solvemymedia.com/el/tahytita-vinteo
https://solvemymedia.com/el/taxyta-video
https://solvemymedia.com/es/velocidad-de-video
https://solvemymedia.com/fi/videon-nopeus
https://solvemymedia.com/fi/videonopeus
https://solvemymedia.com/fr/vitesse-video
https://solvemymedia.com/he/meherut-video
https://solvemymedia.com/he/mhyrvt-vydv
https://solvemymedia.com/hi/video-speed
https://solvemymedia.com/hi/viiddiyo-kii-gti
https://solvemymedia.com/hu/video-sebesseg
https://solvemymedia.com/id/kecepatan-video
https://solvemymedia.com/it/velocita-video
https://solvemymedia.com/ja/bideosu-du
https://solvemymedia.com/ko/bidio-sogdo
https://solvemymedia.com/ko/bidio-sokdo
https://solvemymedia.com/ms/kelajuan-video
https://solvemymedia.com/ms/laju-video
https://solvemymedia.com/nl/video-snelheid
https://solvemymedia.com/nl/videosnelheid
https://solvemymedia.com/no/videohastighet
https://solvemymedia.com/pl/predkosc-wideo
https://solvemymedia.com/pt/velocidade-do-video
https://solvemymedia.com/ro/viteza-video
https://solvemymedia.com/ru/skorost-video
https://solvemymedia.com/sk/rychlost-videa
https://solvemymedia.com/sv/videohastighet
https://solvemymedia.com/th/khwaamerwwidiio
https://solvemymedia.com/th/kwam-rew-wideo
https://solvemymedia.com/tr/video-hizi
https://solvemymedia.com/uk/shvidkist-video
https://solvemymedia.com/vi/toc-do-video
https://solvemymedia.com/video-speed
https://solvemymedia.com/video-speed
https://solvemymedia.com/zh/shi-pin-su-du","200
404
200
200
200
200
404
200
200
404
200
404
404
404
200
200
200
200
200
200
404
200
404
404
200
200
200
200
200
200
404
200
200
404
200
200
200
200
200
200","More than one page is linked for the same language
Some pages are not returning 200 status code",927488645351648793,37,37
21,https://solvemymedia.com/id/mengkonversi-audio,"Konversi Format Audio - Konverter Audio Online Gratis - SolveMyMedia
SolveMyMedia - Free Online Media Optimization Tools",text/html; charset=utf-8,false,200,0,true,"https://solvemymedia.com/ar/thwyl-alsawt
https://solvemymedia.com/ar/thwyl-lswt
https://solvemymedia.com/convert-audio
https://solvemymedia.com/convert-audio
https://solvemymedia.com/cs/konvertovat-audio
https://solvemymedia.com/cs/prevest-zvuk
https://solvemymedia.com/da/konverter-lyd
https://solvemymedia.com/da/konvertere-lyd
https://solvemymedia.com/de/audio-konvertieren
https://solvemymedia.com/el/metaporpe-audio
https://solvemymedia.com/el/metatropi-ihoy
https://solvemymedia.com/es/convertir-audio
https://solvemymedia.com/fi/muunna-audio
https://solvemymedia.com/fi/muuntaa-aanta
https://solvemymedia.com/fr/convertir-laudio
https://solvemymedia.com/he/hmr-audio
https://solvemymedia.com/he/lhmyr-vdyv
https://solvemymedia.com/hi/audio-convert-kare
https://solvemymedia.com/hi/onddiyo-privrtit-kren
https://solvemymedia.com/hu/hang-konvertalasa
https://solvemymedia.com/hu/hangot-konvertalni
https://solvemymedia.com/id/mengkonversi-audio
https://solvemymedia.com/it/converti-audio
https://solvemymedia.com/it/convertire-laudio
https://solvemymedia.com/ja/odeiowobian-huan-suru
https://solvemymedia.com/ko/odio-byeonhwan
https://solvemymedia.com/ms/menukar-audio
https://solvemymedia.com/ms/tukar-audio
https://solvemymedia.com/nl/audio-converteren
https://solvemymedia.com/no/konvertere-lyd
https://solvemymedia.com/pl/konwertowac-dzwiek
https://solvemymedia.com/pl/konwertuj-audio
https://solvemymedia.com/pt/converter-audio
https://solvemymedia.com/ro/converteste-audio
https://solvemymedia.com/ro/converti-audio
https://solvemymedia.com/ru/konvertirovat-audio
https://solvemymedia.com/sk/konvertovat-audio
https://solvemymedia.com/sk/konvertovat-zvuk
https://solvemymedia.com/sv/konvertera-ljud
https://solvemymedia.com/th/aeplngesiiyng
https://solvemymedia.com/th/pli-an-audio
https://solvemymedia.com/tr/ses-donustur
https://solvemymedia.com/tr/sesi-donustur
https://solvemymedia.com/uk/konvertuvati-audio
https://solvemymedia.com/vi/chuyen-doi-am-thanh
https://solvemymedia.com/zh/zhuan-huan-yin-pin","404
200
200
200
404
200
404
200
200
404
200
200
404
200
200
404
404
404
200
404
200
200
404
200
200
200
200
404
200
200
200
404
200
404
200
200
404
404
200
200
404
404
200
200
200
200","More than one page is linked for the same language
Some pages don't include hreflang links to all the other pages of the group
Some pages are not returning 200 status code",9570318248645165765,42,42
21,https://solvemymedia.com/es/comprimir-video,"Comprimir vídeo en línea: compresor de vídeo seguro gratuito - SolveMyMedia
SolveMyMedia - Free Online Media Optimization Tools",text/html; charset=utf-8,false,200,0,true,"https://solvemymedia.com/ar/dght-alfidyo
https://solvemymedia.com/ar/dgt-lfydyw
https://solvemymedia.com/compress-video
https://solvemymedia.com/compress-video
https://solvemymedia.com/cs/komprimovat-video
https://solvemymedia.com/da/komprimer-video
https://solvemymedia.com/da/komprimere-video
https://solvemymedia.com/de/video-komprimieren
https://solvemymedia.com/el/symnpiesost-video
https://solvemymedia.com/el/sympiesi-vinteo
https://solvemymedia.com/es/comprimir-video
https://solvemymedia.com/fi/pakkaa-video
https://solvemymedia.com/fr/compresser-la-video
https://solvemymedia.com/he/dchisot-video
https://solvemymedia.com/he/ldkhvs-vydv
https://solvemymedia.com/hi/video-compress-kare
https://solvemymedia.com/hi/viiddiyo-snpiiddit-kren
https://solvemymedia.com/hu/video-tomoritese
https://solvemymedia.com/id/kompres-video
https://solvemymedia.com/it/comprimere-il-video
https://solvemymedia.com/it/comprimi-video
https://solvemymedia.com/ja/bideowoya-suo-suru
https://solvemymedia.com/ko/bidio-abcug
https://solvemymedia.com/ko/bidio-apchuk
https://solvemymedia.com/ms/mampat-video
https://solvemymedia.com/ms/memampatkan-video
https://solvemymedia.com/nl/video-comprimeren
https://solvemymedia.com/no/komprimere-video
https://solvemymedia.com/pl/kompresowac-wideo
https://solvemymedia.com/pl/kompresuj-wideo
https://solvemymedia.com/pt/compactar-video
https://solvemymedia.com/pt/comprimir-video
https://solvemymedia.com/ro/comprima-video
https://solvemymedia.com/ru/szhat-video
https://solvemymedia.com/ru/szhimat-video
https://solvemymedia.com/sk/komprimovat-video
https://solvemymedia.com/sv/komprimera-video
https://solvemymedia.com/th/biibadwidiio
https://solvemymedia.com/th/ko-op-wideo
https://solvemymedia.com/tr/video-sikistir
https://solvemymedia.com/tr/videoyu-sikistir
https://solvemymedia.com/uk/stiskati-video
https://solvemymedia.com/uk/sty-snuti-video
https://solvemymedia.com/vi/nen-video
https://solvemymedia.com/zh/ya-suo-shi-pin","404
200
200
200
200
404
200
200
404
200
200
200
200
404
404
404
200
200
200
200
404
200
200
404
404
200
200
200
200
404
200
404
200
404
200
404
200
200
404
404
200
200
404
200
200","More than one page is linked for the same language
Some pages don't include hreflang links to all the other pages of the group
Some pages are not returning 200 status code",926993157700666916,42,42
21,https://solvemymedia.com/ru/konvertirovat-audio,"Конвертировать аудиоформаты — бесплатный онлайн-аудио конвертер - SolveMyMedia
SolveMyMedia - Free Online Media Optimization Tools",text/html; charset=utf-8,false,200,0,true,"https://solvemymedia.com/ar/thwyl-alsawt
https://solvemymedia.com/ar/thwyl-lswt
https://solvemymedia.com/convert-audio
https://solvemymedia.com/convert-audio
https://solvemymedia.com/cs/konvertovat-audio
https://solvemymedia.com/cs/prevest-zvuk
https://solvemymedia.com/da/konverter-lyd
https://solvemymedia.com/da/konvertere-lyd
https://solvemymedia.com/de/audio-konvertieren
https://solvemymedia.com/el/metaporpe-audio
https://solvemymedia.com/el/metatropi-ihoy
https://solvemymedia.com/es/convertir-audio
https://solvemymedia.com/fi/muunna-audio
https://solvemymedia.com/fi/muuntaa-aanta
https://solvemymedia.com/fr/convertir-laudio
https://solvemymedia.com/he/hmr-audio
https://solvemymedia.com/he/lhmyr-vdyv
https://solvemymedia.com/hi/audio-convert-kare
https://solvemymedia.com/hi/onddiyo-privrtit-kren
https://solvemymedia.com/hu/hang-konvertalasa
https://solvemymedia.com/hu/hangot-konvertalni
https://solvemymedia.com/id/mengkonversi-audio
https://solvemymedia.com/it/converti-audio
https://solvemymedia.com/it/convertire-laudio
https://solvemymedia.com/ja/odeiowobian-huan-suru
https://solvemymedia.com/ko/odio-byeonhwan
https://solvemymedia.com/ms/menukar-audio
https://solvemymedia.com/ms/tukar-audio
https://solvemymedia.com/nl/audio-converteren
https://solvemymedia.com/no/konvertere-lyd
https://solvemymedia.com/pl/konwertowac-dzwiek
https://solvemymedia.com/pl/konwertuj-audio
https://solvemymedia.com/pt/converter-audio
https://solvemymedia.com/ro/converteste-audio
https://solvemymedia.com/ro/converti-audio
https://solvemymedia.com/ru/konvertirovat-audio
https://solvemymedia.com/sk/konvertovat-audio
https://solvemymedia.com/sk/konvertovat-zvuk
https://solvemymedia.com/sv/konvertera-ljud
https://solvemymedia.com/th/aeplngesiiyng
https://solvemymedia.com/th/pli-an-audio
https://solvemymedia.com/tr/ses-donustur
https://solvemymedia.com/tr/sesi-donustur
https://solvemymedia.com/uk/konvertuvati-audio
https://solvemymedia.com/vi/chuyen-doi-am-thanh
https://solvemymedia.com/zh/zhuan-huan-yin-pin","404
200
200
200
404
200
404
200
200
404
200
200
404
200
200
404
404
404
200
404
200
200
404
200
200
200
200
404
200
200
200
404
200
404
200
200
404
404
200
200
404
404
200
200
200
200","More than one page is linked for the same language
Some pages don't include hreflang links to all the other pages of the group
Some pages are not returning 200 status code",9570318248645165765,42,42
21,https://solvemymedia.com/nl/video-comprimeren,"Video online comprimeren - Gratis veilige videocompressor - SolveMyMedia
SolveMyMedia - Free Online Media Optimization Tools",text/html; charset=utf-8,false,200,0,true,"https://solvemymedia.com/ar/dght-alfidyo
https://solvemymedia.com/ar/dgt-lfydyw
https://solvemymedia.com/compress-video
https://solvemymedia.com/compress-video
https://solvemymedia.com/cs/komprimovat-video
https://solvemymedia.com/da/komprimer-video
https://solvemymedia.com/da/komprimere-video
https://solvemymedia.com/de/video-komprimieren
https://solvemymedia.com/el/symnpiesost-video
https://solvemymedia.com/el/sympiesi-vinteo
https://solvemymedia.com/es/comprimir-video
https://solvemymedia.com/fi/pakkaa-video
https://solvemymedia.com/fr/compresser-la-video
https://solvemymedia.com/he/dchisot-video
https://solvemymedia.com/he/ldkhvs-vydv
https://solvemymedia.com/hi/video-compress-kare
https://solvemymedia.com/hi/viiddiyo-snpiiddit-kren
https://solvemymedia.com/hu/video-tomoritese
https://solvemymedia.com/id/kompres-video
https://solvemymedia.com/it/comprimere-il-video
https://solvemymedia.com/it/comprimi-video
https://solvemymedia.com/ja/bideowoya-suo-suru
https://solvemymedia.com/ko/bidio-abcug
https://solvemymedia.com/ko/bidio-apchuk
https://solvemymedia.com/ms/mampat-video
https://solvemymedia.com/ms/memampatkan-video
https://solvemymedia.com/nl/video-comprimeren
https://solvemymedia.com/no/komprimere-video
https://solvemymedia.com/pl/kompresowac-wideo
https://solvemymedia.com/pl/kompresuj-wideo
https://solvemymedia.com/pt/compactar-video
https://solvemymedia.com/pt/comprimir-video
https://solvemymedia.com/ro/comprima-video
https://solvemymedia.com/ru/szhat-video
https://solvemymedia.com/ru/szhimat-video
https://solvemymedia.com/sk/komprimovat-video
https://solvemymedia.com/sv/komprimera-video
https://solvemymedia.com/th/biibadwidiio
https://solvemymedia.com/th/ko-op-wideo
https://solvemymedia.com/tr/video-sikistir
https://solvemymedia.com/tr/videoyu-sikistir
https://solvemymedia.com/uk/stiskati-video
https://solvemymedia.com/uk/sty-snuti-video
https://solvemymedia.com/vi/nen-video
https://solvemymedia.com/zh/ya-suo-shi-pin","404
200
200
200
200
404
200
200
404
200
200
200
200
404
404
404
200
200
200
200
404
200
200
404
404
200
200
200
200
404
200
404
200
404
200
404
200
200
404
404
200
200
404
200
200","More than one page is linked for the same language
Some pages don't include hreflang links to all the other pages of the group
Some pages are not returning 200 status code",926993157700666916,42,42
21,https://solvemymedia.com/sv/videohastighet,"Ändra videohastighet - Fast & Slow Motion Video Editor - SolveMyMedia
SolveMyMedia - Free Online Media Optimization Tools",text/html; charset=utf-8,false,200,0,true,"https://solvemymedia.com/ar/sraa-lfydyw
https://solvemymedia.com/ar/sraat-alfidyo
https://solvemymedia.com/cs/rychlost-videa
https://solvemymedia.com/da/videohastighed
https://solvemymedia.com/de/videogeschwindigkeit
https://solvemymedia.com/el/tahytita-vinteo
https://solvemymedia.com/el/taxyta-video
https://solvemymedia.com/es/velocidad-de-video
https://solvemymedia.com/fi/videon-nopeus
https://solvemymedia.com/fi/videonopeus
https://solvemymedia.com/fr/vitesse-video
https://solvemymedia.com/he/meherut-video
https://solvemymedia.com/he/mhyrvt-vydv
https://solvemymedia.com/hi/video-speed
https://solvemymedia.com/hi/viiddiyo-kii-gti
https://solvemymedia.com/hu/video-sebesseg
https://solvemymedia.com/id/kecepatan-video
https://solvemymedia.com/it/velocita-video
https://solvemymedia.com/ja/bideosu-du
https://solvemymedia.com/ko/bidio-sogdo
https://solvemymedia.com/ko/bidio-sokdo
https://solvemymedia.com/ms/kelajuan-video
https://solvemymedia.com/ms/laju-video
https://solvemymedia.com/nl/video-snelheid
https://solvemymedia.com/nl/videosnelheid
https://solvemymedia.com/no/videohastighet
https://solvemymedia.com/pl/predkosc-wideo
https://solvemymedia.com/pt/velocidade-do-video
https://solvemymedia.com/ro/viteza-video
https://solvemymedia.com/ru/skorost-video
https://solvemymedia.com/sk/rychlost-videa
https://solvemymedia.com/sv/videohastighet
https://solvemymedia.com/th/khwaamerwwidiio
https://solvemymedia.com/th/kwam-rew-wideo
https://solvemymedia.com/tr/video-hizi
https://solvemymedia.com/uk/shvidkist-video
https://solvemymedia.com/vi/toc-do-video
https://solvemymedia.com/video-speed
https://solvemymedia.com/video-speed
https://solvemymedia.com/zh/shi-pin-su-du","200
404
200
200
200
200
404
200
200
404
200
404
404
404
200
200
200
200
200
200
404
200
404
404
200
200
200
200
200
200
404
200
200
404
200
200
200
200
200
200","More than one page is linked for the same language
Some pages are not returning 200 status code",927488645351648793,37,37
21,https://solvemymedia.com/pl/konwertuj-wideo,"Konwertuj formaty wideo — bezpłatny konwerter wideo online - SolveMyMedia
SolveMyMedia - Free Online Media Optimization Tools",text/html; charset=utf-8,false,200,0,true,"https://solvemymedia.com/ar/thwyl-alfidyo
https://solvemymedia.com/ar/thwyl-lfydyw
https://solvemymedia.com/convert-video
https://solvemymedia.com/convert-video
https://solvemymedia.com/cs/konvertovat-video
https://solvemymedia.com/cs/prevest-video
https://solvemymedia.com/da/konverter-video
https://solvemymedia.com/da/konvertere-video
https://solvemymedia.com/de/video-konvertieren
https://solvemymedia.com/el/metaporpe-video
https://solvemymedia.com/el/metatropi-vinteo
https://solvemymedia.com/es/convertir-video
https://solvemymedia.com/fi/muunna-video
https://solvemymedia.com/fi/muuntaa-videon
https://solvemymedia.com/fr/convertir-une-video
https://solvemymedia.com/he/hmr-video
https://solvemymedia.com/he/lhmyr-vydv
https://solvemymedia.com/hi/video-convert-kare
https://solvemymedia.com/hi/viiddiyo-privrtit-kren
https://solvemymedia.com/hu/video-konvertalasa
https://solvemymedia.com/id/mengkonversi-video
https://solvemymedia.com/it/converti-video
https://solvemymedia.com/it/convertire-video
https://solvemymedia.com/ja/bideowobian-huan-suru
https://solvemymedia.com/ko/bidio-byeonhwan
https://solvemymedia.com/ms/menukar-video
https://solvemymedia.com/ms/tukar-video
https://solvemymedia.com/nl/video-converteren
https://solvemymedia.com/no/konvertere-video
https://solvemymedia.com/pl/konwertuj-wideo
https://solvemymedia.com/pt/converter-video
https://solvemymedia.com/ro/converteste-video
https://solvemymedia.com/ro/converti-video
https://solvemymedia.com/ru/konvertirovat-video
https://solvemymedia.com/sk/konvertovat-video
https://solvemymedia.com/sv/konvertera-video
https://solvemymedia.com/th/aeplngwidiio
https://solvemymedia.com/th/pli-an-wideo
https://solvemymedia.com/tr/video-donustur
https://solvemymedia.com/tr/videoyu-donustur
https://solvemymedia.com/uk/konvertuvati-video
https://solvemymedia.com/vi/chuyen-doi-video
https://solvemymedia.com/zh/zhuan-huan-shi-pin","404
200
200
200
404
200
404
200
200
404
200
200
404
200
200
404
404
404
200
200
200
404
200
200
200
200
404
200
200
200
200
404
200
200
404
200
200
404
404
200
200
200
200","More than one page is linked for the same language
Some pages don't include hreflang links to all the other pages of the group
Some pages are not returning 200 status code",3718947784658654109,40,40
21,https://solvemymedia.com/ko/odio-byeonhwan,"오디오 형식 변환 - 무료 온라인 오디오 변환기 - SolveMyMedia
SolveMyMedia - Free Online Media Optimization Tools",text/html; charset=utf-8,false,200,0,true,"https://solvemymedia.com/ar/thwyl-alsawt
https://solvemymedia.com/ar/thwyl-lswt
https://solvemymedia.com/convert-audio
https://solvemymedia.com/convert-audio
https://solvemymedia.com/cs/konvertovat-audio
https://solvemymedia.com/cs/prevest-zvuk
https://solvemymedia.com/da/konverter-lyd
https://solvemymedia.com/da/konvertere-lyd
https://solvemymedia.com/de/audio-konvertieren
https://solvemymedia.com/el/metaporpe-audio
https://solvemymedia.com/el/metatropi-ihoy
https://solvemymedia.com/es/convertir-audio
https://solvemymedia.com/fi/muunna-audio
https://solvemymedia.com/fi/muuntaa-aanta
https://solvemymedia.com/fr/convertir-laudio
https://solvemymedia.com/he/hmr-audio
https://solvemymedia.com/he/lhmyr-vdyv
https://solvemymedia.com/hi/audio-convert-kare
https://solvemymedia.com/hi/onddiyo-privrtit-kren
https://solvemymedia.com/hu/hang-konvertalasa
https://solvemymedia.com/hu/hangot-konvertalni
https://solvemymedia.com/id/mengkonversi-audio
https://solvemymedia.com/it/converti-audio
https://solvemymedia.com/it/convertire-laudio
https://solvemymedia.com/ja/odeiowobian-huan-suru
https://solvemymedia.com/ko/odio-byeonhwan
https://solvemymedia.com/ms/menukar-audio
https://solvemymedia.com/ms/tukar-audio
https://solvemymedia.com/nl/audio-converteren
https://solvemymedia.com/no/konvertere-lyd
https://solvemymedia.com/pl/konwertowac-dzwiek
https://solvemymedia.com/pl/konwertuj-audio
https://solvemymedia.com/pt/converter-audio
https://solvemymedia.com/ro/converteste-audio
https://solvemymedia.com/ro/converti-audio
https://solvemymedia.com/ru/konvertirovat-audio
https://solvemymedia.com/sk/konvertovat-audio
https://solvemymedia.com/sk/konvertovat-zvuk
https://solvemymedia.com/sv/konvertera-ljud
https://solvemymedia.com/th/aeplngesiiyng
https://solvemymedia.com/th/pli-an-audio
https://solvemymedia.com/tr/ses-donustur
https://solvemymedia.com/tr/sesi-donustur
https://solvemymedia.com/uk/konvertuvati-audio
https://solvemymedia.com/vi/chuyen-doi-am-thanh
https://solvemymedia.com/zh/zhuan-huan-yin-pin","404
200
200
200
404
200
404
200
200
404
200
200
404
200
200
404
404
404
200
404
200
200
404
200
200
200
200
404
200
200
200
404
200
404
200
200
404
404
200
200
404
404
200
200
200
200","More than one page is linked for the same language
Some pages don't include hreflang links to all the other pages of the group
Some pages are not returning 200 status code",9570318248645165765,42,42
21,https://solvemymedia.com/sv/komprimera-ljud,"Komprimera ljud online - Gratis ljudkompressor - SolveMyMedia
SolveMyMedia - Free Online Media Optimization Tools",text/html; charset=utf-8,false,200,0,true,"https://solvemymedia.com/ar/dght-alsawt
https://solvemymedia.com/ar/dgt-lswt
https://solvemymedia.com/compress-audio
https://solvemymedia.com/compress-audio
https://solvemymedia.com/cs/komprimovat-audio
https://solvemymedia.com/cs/komprimovat-zvuk
https://solvemymedia.com/da/komprimer-lyd
https://solvemymedia.com/da/komprimere-lyd
https://solvemymedia.com/de/audio-komprimieren
https://solvemymedia.com/el/symnpiesost-audio
https://solvemymedia.com/el/sympiesi-ihoy
https://solvemymedia.com/es/comprimir-audio
https://solvemymedia.com/fi/pakkaa-aanta
https://solvemymedia.com/fi/pakkaa-audio
https://solvemymedia.com/fr/compresser-laudio
https://solvemymedia.com/he/dchisot-audio
https://solvemymedia.com/he/ldkhvs-vdyv
https://solvemymedia.com/hi/audio-compress-kare
https://solvemymedia.com/hi/onddiyo-snpiiddit-kren
https://solvemymedia.com/hu/hang-tomoritese
https://solvemymedia.com/hu/tomoriti-a-hangot
https://solvemymedia.com/id/kompres-audio
https://solvemymedia.com/it/comprimere-laudio
https://solvemymedia.com/it/comprimi-audio
https://solvemymedia.com/ja/odeiowoya-suo-suru
https://solvemymedia.com/ko/odio-abcug
https://solvemymedia.com/ko/odio-apchuk
https://solvemymedia.com/ms/mampat-audio
https://solvemymedia.com/ms/memampatkan-audio
https://solvemymedia.com/nl/audio-comprimeren
https://solvemymedia.com/no/komprimere-lyd
https://solvemymedia.com/pl/kompresowac-dzwiek
https://solvemymedia.com/pl/kompresuj-audio
https://solvemymedia.com/pt/comprimir-audio
https://solvemymedia.com/ro/comprima-audio
https://solvemymedia.com/ru/szhat-audio
https://solvemymedia.com/ru/szhimat-audio
https://solvemymedia.com/sk/komprimovat-audio
https://solvemymedia.com/sk/komprimovat-zvuk
https://solvemymedia.com/sv/komprimera-ljud
https://solvemymedia.com/th/biibadesiiyng
https://solvemymedia.com/th/ko-op-audio
https://solvemymedia.com/tr/ses-sikistir
https://solvemymedia.com/tr/sesi-sikistir
https://solvemymedia.com/uk/stiskati-audio
https://solvemymedia.com/uk/sty-snuti-audio
https://solvemymedia.com/vi/nen-am-thanh
https://solvemymedia.com/zh/ya-suo-yin-pin","404
200
200
200
404
200
404
200
200
404
200
200
200
404
200
404
404
404
200
404
200
200
200
404
200
200
404
404
200
200
200
200
404
200
200
404
200
404
404
200
200
404
404
200
200
404
200
200","More than one page is linked for the same language
Some pages don't include hreflang links to all the other pages of the group
Some pages are not returning 200 status code",5785178085625259770,44,44
21,https://solvemymedia.com/id/kompres-video,"Kompres Video Online - Kompresor Video Aman Gratis - SolveMyMedia
SolveMyMedia - Free Online Media Optimization Tools",text/html; charset=utf-8,false,200,0,true,"https://solvemymedia.com/ar/dght-alfidyo
https://solvemymedia.com/ar/dgt-lfydyw
https://solvemymedia.com/compress-video
https://solvemymedia.com/compress-video
https://solvemymedia.com/cs/komprimovat-video
https://solvemymedia.com/da/komprimer-video
https://solvemymedia.com/da/komprimere-video
https://solvemymedia.com/de/video-komprimieren
https://solvemymedia.com/el/symnpiesost-video
https://solvemymedia.com/el/sympiesi-vinteo
https://solvemymedia.com/es/comprimir-video
https://solvemymedia.com/fi/pakkaa-video
https://solvemymedia.com/fr/compresser-la-video
https://solvemymedia.com/he/dchisot-video
https://solvemymedia.com/he/ldkhvs-vydv
https://solvemymedia.com/hi/video-compress-kare
https://solvemymedia.com/hi/viiddiyo-snpiiddit-kren
https://solvemymedia.com/hu/video-tomoritese
https://solvemymedia.com/id/kompres-video
https://solvemymedia.com/it/comprimere-il-video
https://solvemymedia.com/it/comprimi-video
https://solvemymedia.com/ja/bideowoya-suo-suru
https://solvemymedia.com/ko/bidio-abcug
https://solvemymedia.com/ko/bidio-apchuk
https://solvemymedia.com/ms/mampat-video
https://solvemymedia.com/ms/memampatkan-video
https://solvemymedia.com/nl/video-comprimeren
https://solvemymedia.com/no/komprimere-video
https://solvemymedia.com/pl/kompresowac-wideo
https://solvemymedia.com/pl/kompresuj-wideo
https://solvemymedia.com/pt/compactar-video
https://solvemymedia.com/pt/comprimir-video
https://solvemymedia.com/ro/comprima-video
https://solvemymedia.com/ru/szhat-video
https://solvemymedia.com/ru/szhimat-video
https://solvemymedia.com/sk/komprimovat-video
https://solvemymedia.com/sv/komprimera-video
https://solvemymedia.com/th/biibadwidiio
https://solvemymedia.com/th/ko-op-wideo
https://solvemymedia.com/tr/video-sikistir
https://solvemymedia.com/tr/videoyu-sikistir
https://solvemymedia.com/uk/stiskati-video
https://solvemymedia.com/uk/sty-snuti-video
https://solvemymedia.com/vi/nen-video
https://solvemymedia.com/zh/ya-suo-shi-pin","404
200
200
200
200
404
200
200
404
200
200
200
200
404
404
404
200
200
200
200
404
200
200
404
404
200
200
200
200
404
200
404
200
404
200
404
200
200
404
404
200
200
404
200
200","More than one page is linked for the same language
Some pages don't include hreflang links to all the other pages of the group
Some pages are not returning 200 status code",926993157700666916,42,42
21,https://solvemymedia.com/vi/nen-am-thanh,"Nén âm thanh trực tuyến - Máy nén âm thanh miễn phí - SolveMyMedia
SolveMyMedia - Free Online Media Optimization Tools",text/html; charset=utf-8,false,200,0,true,"https://solvemymedia.com/ar/dght-alsawt
https://solvemymedia.com/ar/dgt-lswt
https://solvemymedia.com/compress-audio
https://solvemymedia.com/compress-audio
https://solvemymedia.com/cs/komprimovat-audio
https://solvemymedia.com/cs/komprimovat-zvuk
https://solvemymedia.com/da/komprimer-lyd
https://solvemymedia.com/da/komprimere-lyd
https://solvemymedia.com/de/audio-komprimieren
https://solvemymedia.com/el/symnpiesost-audio
https://solvemymedia.com/el/sympiesi-ihoy
https://solvemymedia.com/es/comprimir-audio
https://solvemymedia.com/fi/pakkaa-aanta
https://solvemymedia.com/fi/pakkaa-audio
https://solvemymedia.com/fr/compresser-laudio
https://solvemymedia.com/he/dchisot-audio
https://solvemymedia.com/he/ldkhvs-vdyv
https://solvemymedia.com/hi/audio-compress-kare
https://solvemymedia.com/hi/onddiyo-snpiiddit-kren
https://solvemymedia.com/hu/hang-tomoritese
https://solvemymedia.com/hu/tomoriti-a-hangot
https://solvemymedia.com/id/kompres-audio
https://solvemymedia.com/it/comprimere-laudio
https://solvemymedia.com/it/comprimi-audio
https://solvemymedia.com/ja/odeiowoya-suo-suru
https://solvemymedia.com/ko/odio-abcug
https://solvemymedia.com/ko/odio-apchuk
https://solvemymedia.com/ms/mampat-audio
https://solvemymedia.com/ms/memampatkan-audio
https://solvemymedia.com/nl/audio-comprimeren
https://solvemymedia.com/no/komprimere-lyd
https://solvemymedia.com/pl/kompresowac-dzwiek
https://solvemymedia.com/pl/kompresuj-audio
https://solvemymedia.com/pt/comprimir-audio
https://solvemymedia.com/ro/comprima-audio
https://solvemymedia.com/ru/szhat-audio
https://solvemymedia.com/ru/szhimat-audio
https://solvemymedia.com/sk/komprimovat-audio
https://solvemymedia.com/sk/komprimovat-zvuk
https://solvemymedia.com/sv/komprimera-ljud
https://solvemymedia.com/th/biibadesiiyng
https://solvemymedia.com/th/ko-op-audio
https://solvemymedia.com/tr/ses-sikistir
https://solvemymedia.com/tr/sesi-sikistir
https://solvemymedia.com/uk/stiskati-audio
https://solvemymedia.com/uk/sty-snuti-audio
https://solvemymedia.com/vi/nen-am-thanh
https://solvemymedia.com/zh/ya-suo-yin-pin","404
200
200
200
404
200
404
200
200
404
200
200
200
404
200
404
404
404
200
404
200
200
200
404
200
200
404
404
200
200
200
200
404
200
200
404
200
404
404
200
200
404
404
200
200
404
200
200","More than one page is linked for the same language
Some pages don't include hreflang links to all the other pages of the group
Some pages are not returning 200 status code",5785178085625259770,44,44
21,https://solvemymedia.com/hu/video-tomoritese,"Videó tömörítése online - Ingyenes biztonságos videokompresszor - SolveMyMedia
SolveMyMedia - Free Online Media Optimization Tools",text/html; charset=utf-8,false,200,0,true,"https://solvemymedia.com/ar/dght-alfidyo
https://solvemymedia.com/ar/dgt-lfydyw
https://solvemymedia.com/compress-video
https://solvemymedia.com/compress-video
https://solvemymedia.com/cs/komprimovat-video
https://solvemymedia.com/da/komprimer-video
https://solvemymedia.com/da/komprimere-video
https://solvemymedia.com/de/video-komprimieren
https://solvemymedia.com/el/symnpiesost-video
https://solvemymedia.com/el/sympiesi-vinteo
https://solvemymedia.com/es/comprimir-video
https://solvemymedia.com/fi/pakkaa-video
https://solvemymedia.com/fr/compresser-la-video
https://solvemymedia.com/he/dchisot-video
https://solvemymedia.com/he/ldkhvs-vydv
https://solvemymedia.com/hi/video-compress-kare
https://solvemymedia.com/hi/viiddiyo-snpiiddit-kren
https://solvemymedia.com/hu/video-tomoritese
https://solvemymedia.com/id/kompres-video
https://solvemymedia.com/it/comprimere-il-video
https://solvemymedia.com/it/comprimi-video
https://solvemymedia.com/ja/bideowoya-suo-suru
https://solvemymedia.com/ko/bidio-abcug
https://solvemymedia.com/ko/bidio-apchuk
https://solvemymedia.com/ms/mampat-video
https://solvemymedia.com/ms/memampatkan-video
https://solvemymedia.com/nl/video-comprimeren
https://solvemymedia.com/no/komprimere-video
https://solvemymedia.com/pl/kompresowac-wideo
https://solvemymedia.com/pl/kompresuj-wideo
https://solvemymedia.com/pt/compactar-video
https://solvemymedia.com/pt/comprimir-video
https://solvemymedia.com/ro/comprima-video
https://solvemymedia.com/ru/szhat-video
https://solvemymedia.com/ru/szhimat-video
https://solvemymedia.com/sk/komprimovat-video
https://solvemymedia.com/sv/komprimera-video
https://solvemymedia.com/th/biibadwidiio
https://solvemymedia.com/th/ko-op-wideo
https://solvemymedia.com/tr/video-sikistir
https://solvemymedia.com/tr/videoyu-sikistir
https://solvemymedia.com/uk/stiskati-video
https://solvemymedia.com/uk/sty-snuti-video
https://solvemymedia.com/vi/nen-video
https://solvemymedia.com/zh/ya-suo-shi-pin","404
200
200
200
200
404
200
200
404
200
200
200
200
404
404
404
200
200
200
200
404
200
200
404
404
200
200
200
200
404
200
404
200
404
200
404
200
200
404
404
200
200
404
200
200","More than one page is linked for the same language
Some pages don't include hreflang links to all the other pages of the group
Some pages are not returning 200 status code",926993157700666916,42,42
21,https://solvemymedia.com/hu/video-sebesseg,"Videosebesség módosítása – Gyors és lassított videószerkesztő - SolveMyMedia
SolveMyMedia - Free Online Media Optimization Tools",text/html; charset=utf-8,false,200,0,true,"https://solvemymedia.com/ar/sraa-lfydyw
https://solvemymedia.com/ar/sraat-alfidyo
https://solvemymedia.com/cs/rychlost-videa
https://solvemymedia.com/da/videohastighed
https://solvemymedia.com/de/videogeschwindigkeit
https://solvemymedia.com/el/tahytita-vinteo
https://solvemymedia.com/el/taxyta-video
https://solvemymedia.com/es/velocidad-de-video
https://solvemymedia.com/fi/videon-nopeus
https://solvemymedia.com/fi/videonopeus
https://solvemymedia.com/fr/vitesse-video
https://solvemymedia.com/he/meherut-video
https://solvemymedia.com/he/mhyrvt-vydv
https://solvemymedia.com/hi/video-speed
https://solvemymedia.com/hi/viiddiyo-kii-gti
https://solvemymedia.com/hu/video-sebesseg
https://solvemymedia.com/id/kecepatan-video
https://solvemymedia.com/it/velocita-video
https://solvemymedia.com/ja/bideosu-du
https://solvemymedia.com/ko/bidio-sogdo
https://solvemymedia.com/ko/bidio-sokdo
https://solvemymedia.com/ms/kelajuan-video
https://solvemymedia.com/ms/laju-video
https://solvemymedia.com/nl/video-snelheid
https://solvemymedia.com/nl/videosnelheid
https://solvemymedia.com/no/videohastighet
https://solvemymedia.com/pl/predkosc-wideo
https://solvemymedia.com/pt/velocidade-do-video
https://solvemymedia.com/ro/viteza-video
https://solvemymedia.com/ru/skorost-video
https://solvemymedia.com/sk/rychlost-videa
https://solvemymedia.com/sv/videohastighet
https://solvemymedia.com/th/khwaamerwwidiio
https://solvemymedia.com/th/kwam-rew-wideo
https://solvemymedia.com/tr/video-hizi
https://solvemymedia.com/uk/shvidkist-video
https://solvemymedia.com/vi/toc-do-video
https://solvemymedia.com/video-speed
https://solvemymedia.com/video-speed
https://solvemymedia.com/zh/shi-pin-su-du","200
404
200
200
200
200
404
200
200
404
200
404
404
404
200
200
200
200
200
200
404
200
404
404
200
200
200
200
200
200
404
200
200
404
200
200
200
200
200
200","More than one page is linked for the same language
Some pages are not returning 200 status code",927488645351648793,37,37
21,https://solvemymedia.com/pt/comprimir-audio,"Comprimir Áudio Online - Compressor de Áudio Gratuito - SolveMyMedia
SolveMyMedia - Free Online Media Optimization Tools",text/html; charset=utf-8,false,200,0,true,"https://solvemymedia.com/ar/dght-alsawt
https://solvemymedia.com/ar/dgt-lswt
https://solvemymedia.com/compress-audio
https://solvemymedia.com/compress-audio
https://solvemymedia.com/cs/komprimovat-audio
https://solvemymedia.com/cs/komprimovat-zvuk
https://solvemymedia.com/da/komprimer-lyd
https://solvemymedia.com/da/komprimere-lyd
https://solvemymedia.com/de/audio-komprimieren
https://solvemymedia.com/el/symnpiesost-audio
https://solvemymedia.com/el/sympiesi-ihoy
https://solvemymedia.com/es/comprimir-audio
https://solvemymedia.com/fi/pakkaa-aanta
https://solvemymedia.com/fi/pakkaa-audio
https://solvemymedia.com/fr/compresser-laudio
https://solvemymedia.com/he/dchisot-audio
https://solvemymedia.com/he/ldkhvs-vdyv
https://solvemymedia.com/hi/audio-compress-kare
https://solvemymedia.com/hi/onddiyo-snpiiddit-kren
https://solvemymedia.com/hu/hang-tomoritese
https://solvemymedia.com/hu/tomoriti-a-hangot
https://solvemymedia.com/id/kompres-audio
https://solvemymedia.com/it/comprimere-laudio
https://solvemymedia.com/it/comprimi-audio
https://solvemymedia.com/ja/odeiowoya-suo-suru
https://solvemymedia.com/ko/odio-abcug
https://solvemymedia.com/ko/odio-apchuk
https://solvemymedia.com/ms/mampat-audio
https://solvemymedia.com/ms/memampatkan-audio
https://solvemymedia.com/nl/audio-comprimeren
https://solvemymedia.com/no/komprimere-lyd
https://solvemymedia.com/pl/kompresowac-dzwiek
https://solvemymedia.com/pl/kompresuj-audio
https://solvemymedia.com/pt/comprimir-audio
https://solvemymedia.com/ro/comprima-audio
https://solvemymedia.com/ru/szhat-audio
https://solvemymedia.com/ru/szhimat-audio
https://solvemymedia.com/sk/komprimovat-audio
https://solvemymedia.com/sk/komprimovat-zvuk
https://solvemymedia.com/sv/komprimera-ljud
https://solvemymedia.com/th/biibadesiiyng
https://solvemymedia.com/th/ko-op-audio
https://solvemymedia.com/tr/ses-sikistir
https://solvemymedia.com/tr/sesi-sikistir
https://solvemymedia.com/uk/stiskati-audio
https://solvemymedia.com/uk/sty-snuti-audio
https://solvemymedia.com/vi/nen-am-thanh
https://solvemymedia.com/zh/ya-suo-yin-pin","404
200
200
200
404
200
404
200
200
404
200
200
200
404
200
404
404
404
200
404
200
200
200
404
200
200
404
404
200
200
200
200
404
200
200
404
200
404
404
200
200
404
404
200
200
404
200
200","More than one page is linked for the same language
Some pages don't include hreflang links to all the other pages of the group
Some pages are not returning 200 status code",5785178085625259770,44,44
21,https://solvemymedia.com/zh/ya-suo-shi-pin,"在线压缩视频 - 免费安全视频压缩器 - SolveMyMedia
SolveMyMedia - Free Online Media Optimization Tools",text/html; charset=utf-8,false,200,0,true,"https://solvemymedia.com/ar/dght-alfidyo
https://solvemymedia.com/ar/dgt-lfydyw
https://solvemymedia.com/compress-video
https://solvemymedia.com/compress-video
https://solvemymedia.com/cs/komprimovat-video
https://solvemymedia.com/da/komprimer-video
https://solvemymedia.com/da/komprimere-video
https://solvemymedia.com/de/video-komprimieren
https://solvemymedia.com/el/symnpiesost-video
https://solvemymedia.com/el/sympiesi-vinteo
https://solvemymedia.com/es/comprimir-video
https://solvemymedia.com/fi/pakkaa-video
https://solvemymedia.com/fr/compresser-la-video
https://solvemymedia.com/he/dchisot-video
https://solvemymedia.com/he/ldkhvs-vydv
https://solvemymedia.com/hi/video-compress-kare
https://solvemymedia.com/hi/viiddiyo-snpiiddit-kren
https://solvemymedia.com/hu/video-tomoritese
https://solvemymedia.com/id/kompres-video
https://solvemymedia.com/it/comprimere-il-video
https://solvemymedia.com/it/comprimi-video
https://solvemymedia.com/ja/bideowoya-suo-suru
https://solvemymedia.com/ko/bidio-abcug
https://solvemymedia.com/ko/bidio-apchuk
https://solvemymedia.com/ms/mampat-video
https://solvemymedia.com/ms/memampatkan-video
https://solvemymedia.com/nl/video-comprimeren
https://solvemymedia.com/no/komprimere-video
https://solvemymedia.com/pl/kompresowac-wideo
https://solvemymedia.com/pl/kompresuj-wideo
https://solvemymedia.com/pt/compactar-video
https://solvemymedia.com/pt/comprimir-video
https://solvemymedia.com/ro/comprima-video
https://solvemymedia.com/ru/szhat-video
https://solvemymedia.com/ru/szhimat-video
https://solvemymedia.com/sk/komprimovat-video
https://solvemymedia.com/sv/komprimera-video
https://solvemymedia.com/th/biibadwidiio
https://solvemymedia.com/th/ko-op-wideo
https://solvemymedia.com/tr/video-sikistir
https://solvemymedia.com/tr/videoyu-sikistir
https://solvemymedia.com/uk/stiskati-video
https://solvemymedia.com/uk/sty-snuti-video
https://solvemymedia.com/vi/nen-video
https://solvemymedia.com/zh/ya-suo-shi-pin","404
200
200
200
200
404
200
200
404
200
200
200
200
404
404
404
200
200
200
200
404
200
200
404
404
200
200
200
200
404
200
404
200
404
200
404
200
200
404
404
200
200
404
200
200","More than one page is linked for the same language
Some pages don't include hreflang links to all the other pages of the group
Some pages are not returning 200 status code",926993157700666916,42,42
21,https://solvemymedia.com/id/kecepatan-video,"Ubah Kecepatan Video - Editor Video Gerak Cepat & Lambat - SolveMyMedia
SolveMyMedia - Free Online Media Optimization Tools",text/html; charset=utf-8,false,200,0,true,"https://solvemymedia.com/ar/sraa-lfydyw
https://solvemymedia.com/ar/sraat-alfidyo
https://solvemymedia.com/cs/rychlost-videa
https://solvemymedia.com/da/videohastighed
https://solvemymedia.com/de/videogeschwindigkeit
https://solvemymedia.com/el/tahytita-vinteo
https://solvemymedia.com/el/taxyta-video
https://solvemymedia.com/es/velocidad-de-video
https://solvemymedia.com/fi/videon-nopeus
https://solvemymedia.com/fi/videonopeus
https://solvemymedia.com/fr/vitesse-video
https://solvemymedia.com/he/meherut-video
https://solvemymedia.com/he/mhyrvt-vydv
https://solvemymedia.com/hi/video-speed
https://solvemymedia.com/hi/viiddiyo-kii-gti
https://solvemymedia.com/hu/video-sebesseg
https://solvemymedia.com/id/kecepatan-video
https://solvemymedia.com/it/velocita-video
https://solvemymedia.com/ja/bideosu-du
https://solvemymedia.com/ko/bidio-sogdo
https://solvemymedia.com/ko/bidio-sokdo
https://solvemymedia.com/ms/kelajuan-video
https://solvemymedia.com/ms/laju-video
https://solvemymedia.com/nl/video-snelheid
https://solvemymedia.com/nl/videosnelheid
https://solvemymedia.com/no/videohastighet
https://solvemymedia.com/pl/predkosc-wideo
https://solvemymedia.com/pt/velocidade-do-video
https://solvemymedia.com/ro/viteza-video
https://solvemymedia.com/ru/skorost-video
https://solvemymedia.com/sk/rychlost-videa
https://solvemymedia.com/sv/videohastighet
https://solvemymedia.com/th/khwaamerwwidiio
https://solvemymedia.com/th/kwam-rew-wideo
https://solvemymedia.com/tr/video-hizi
https://solvemymedia.com/uk/shvidkist-video
https://solvemymedia.com/vi/toc-do-video
https://solvemymedia.com/video-speed
https://solvemymedia.com/video-speed
https://solvemymedia.com/zh/shi-pin-su-du","200
404
200
200
200
200
404
200
200
404
200
404
404
404
200
200
200
200
200
200
404
200
404
404
200
200
200
200
200
200
404
200
200
404
200
200
200
200
200
200","More than one page is linked for the same language
Some pages are not returning 200 status code",927488645351648793,37,37
21,https://solvemymedia.com/es/video-a-audio,"Extraer audio de vídeo - Convertidor de vídeo a MP3 - SolveMyMedia
SolveMyMedia - Free Online Media Optimization Tools",text/html; charset=utf-8,false,200,0,true,"https://solvemymedia.com/ar/fidyo-ila-sawt
https://solvemymedia.com/ar/lfydyw-l-lswt
https://solvemymedia.com/cs/video-na-audio
https://solvemymedia.com/cs/video-na-zvuk
https://solvemymedia.com/da/video-til-lyd
https://solvemymedia.com/de/video-zu-audio
https://solvemymedia.com/el/video-se-audio
https://solvemymedia.com/el/vinteo-se-iho
https://solvemymedia.com/es/video-a-audio
https://solvemymedia.com/fi/video-audioksi
https://solvemymedia.com/fi/videosta-aaneksi
https://solvemymedia.com/fr/video-en-audio
https://solvemymedia.com/he/video-leaudio
https://solvemymedia.com/he/vydv-lvdyv
https://solvemymedia.com/hi/video-se-audio
https://solvemymedia.com/hi/viiddiyo-se-onddiyo
https://solvemymedia.com/hu/video-hanggya
https://solvemymedia.com/hu/videorol-hangra
https://solvemymedia.com/id/video-ke-audio
https://solvemymedia.com/it/video-in-audio
https://solvemymedia.com/ja/bideokaraodeiohe
https://solvemymedia.com/ko/bidio-eseo-odio
https://solvemymedia.com/ko/bidioreul-odioro
https://solvemymedia.com/ms/video-ke-audio
https://solvemymedia.com/ms/video-kepada-audio
https://solvemymedia.com/nl/video-naar-audio
https://solvemymedia.com/no/video-til-lyd
https://solvemymedia.com/pl/wideo-do-dzwieku
https://solvemymedia.com/pl/wideo-na-audio
https://solvemymedia.com/pt/video-para-audio
https://solvemymedia.com/ro/video-in-audio
https://solvemymedia.com/ro/video-la-audio
https://solvemymedia.com/ru/video-v-audio
https://solvemymedia.com/sk/video-na-audio
https://solvemymedia.com/sk/video-na-zvuk
https://solvemymedia.com/sv/video-till-ljud
https://solvemymedia.com/th/wideo-phen-siang
https://solvemymedia.com/th/widiioepnesiiyng
https://solvemymedia.com/tr/videodan-ses
https://solvemymedia.com/tr/videodan-sese
https://solvemymedia.com/uk/video-v-audio
https://solvemymedia.com/vi/video-sang-am-thanh
https://solvemymedia.com/vi/video-thanh-am-thanh
https://solvemymedia.com/video-to-audio
https://solvemymedia.com/video-to-audio
https://solvemymedia.com/zh/shi-pin-zhuan-yin-pin","404
200
404
200
200
200
404
200
200
404
200
200
404
404
404
200
404
200
200
200
200
404
200
404
200
200
200
200
404
200
200
404
200
404
404
200
404
200
404
200
200
404
200
200
200
200","More than one page is linked for the same language
Some pages don't include hreflang links to all the other pages of the group
Some pages are not returning 200 status code",2926664764167155975,42,42
21,https://solvemymedia.com/ja/odeiowoya-suo-suru,"オンラインでオーディオを圧縮 - 無料のオーディオ コンプレッサー - SolveMyMedia
SolveMyMedia - Free Online Media Optimization Tools",text/html; charset=utf-8,false,200,0,true,"https://solvemymedia.com/ar/dght-alsawt
https://solvemymedia.com/ar/dgt-lswt
https://solvemymedia.com/compress-audio
https://solvemymedia.com/compress-audio
https://solvemymedia.com/cs/komprimovat-audio
https://solvemymedia.com/cs/komprimovat-zvuk
https://solvemymedia.com/da/komprimer-lyd
https://solvemymedia.com/da/komprimere-lyd
https://solvemymedia.com/de/audio-komprimieren
https://solvemymedia.com/el/symnpiesost-audio
https://solvemymedia.com/el/sympiesi-ihoy
https://solvemymedia.com/es/comprimir-audio
https://solvemymedia.com/fi/pakkaa-aanta
https://solvemymedia.com/fi/pakkaa-audio
https://solvemymedia.com/fr/compresser-laudio
https://solvemymedia.com/he/dchisot-audio
https://solvemymedia.com/he/ldkhvs-vdyv
https://solvemymedia.com/hi/audio-compress-kare
https://solvemymedia.com/hi/onddiyo-snpiiddit-kren
https://solvemymedia.com/hu/hang-tomoritese
https://solvemymedia.com/hu/tomoriti-a-hangot
https://solvemymedia.com/id/kompres-audio
https://solvemymedia.com/it/comprimere-laudio
https://solvemymedia.com/it/comprimi-audio
https://solvemymedia.com/ja/odeiowoya-suo-suru
https://solvemymedia.com/ko/odio-abcug
https://solvemymedia.com/ko/odio-apchuk
https://solvemymedia.com/ms/mampat-audio
https://solvemymedia.com/ms/memampatkan-audio
https://solvemymedia.com/nl/audio-comprimeren
https://solvemymedia.com/no/komprimere-lyd
https://solvemymedia.com/pl/kompresowac-dzwiek
https://solvemymedia.com/pl/kompresuj-audio
https://solvemymedia.com/pt/comprimir-audio
https://solvemymedia.com/ro/comprima-audio
https://solvemymedia.com/ru/szhat-audio
https://solvemymedia.com/ru/szhimat-audio
https://solvemymedia.com/sk/komprimovat-audio
https://solvemymedia.com/sk/komprimovat-zvuk
https://solvemymedia.com/sv/komprimera-ljud
https://solvemymedia.com/th/biibadesiiyng
https://solvemymedia.com/th/ko-op-audio
https://solvemymedia.com/tr/ses-sikistir
https://solvemymedia.com/tr/sesi-sikistir
https://solvemymedia.com/uk/stiskati-audio
https://solvemymedia.com/uk/sty-snuti-audio
https://solvemymedia.com/vi/nen-am-thanh
https://solvemymedia.com/zh/ya-suo-yin-pin","404
200
200
200
404
200
404
200
200
404
200
200
200
404
200
404
404
404
200
404
200
200
200
404
200
200
404
404
200
200
200
200
404
200
200
404
200
404
404
200
200
404
404
200
200
404
200
200","More than one page is linked for the same language
Some pages don't include hreflang links to all the other pages of the group
Some pages are not returning 200 status code",5785178085625259770,44,44
21,https://solvemymedia.com/id/kompres-audio,"Kompres Audio Online - Kompresor Audio Gratis - SolveMyMedia
SolveMyMedia - Free Online Media Optimization Tools",text/html; charset=utf-8,false,200,0,true,"https://solvemymedia.com/ar/dght-alsawt
https://solvemymedia.com/ar/dgt-lswt
https://solvemymedia.com/compress-audio
https://solvemymedia.com/compress-audio
https://solvemymedia.com/cs/komprimovat-audio
https://solvemymedia.com/cs/komprimovat-zvuk
https://solvemymedia.com/da/komprimer-lyd
https://solvemymedia.com/da/komprimere-lyd
https://solvemymedia.com/de/audio-komprimieren
https://solvemymedia.com/el/symnpiesost-audio
https://solvemymedia.com/el/sympiesi-ihoy
https://solvemymedia.com/es/comprimir-audio
https://solvemymedia.com/fi/pakkaa-aanta
https://solvemymedia.com/fi/pakkaa-audio
https://solvemymedia.com/fr/compresser-laudio
https://solvemymedia.com/he/dchisot-audio
https://solvemymedia.com/he/ldkhvs-vdyv
https://solvemymedia.com/hi/audio-compress-kare
https://solvemymedia.com/hi/onddiyo-snpiiddit-kren
https://solvemymedia.com/hu/hang-tomoritese
https://solvemymedia.com/hu/tomoriti-a-hangot
https://solvemymedia.com/id/kompres-audio
https://solvemymedia.com/it/comprimere-laudio
https://solvemymedia.com/it/comprimi-audio
https://solvemymedia.com/ja/odeiowoya-suo-suru
https://solvemymedia.com/ko/odio-abcug
https://solvemymedia.com/ko/odio-apchuk
https://solvemymedia.com/ms/mampat-audio
https://solvemymedia.com/ms/memampatkan-audio
https://solvemymedia.com/nl/audio-comprimeren
https://solvemymedia.com/no/komprimere-lyd
https://solvemymedia.com/pl/kompresowac-dzwiek
https://solvemymedia.com/pl/kompresuj-audio
https://solvemymedia.com/pt/comprimir-audio
https://solvemymedia.com/ro/comprima-audio
https://solvemymedia.com/ru/szhat-audio
https://solvemymedia.com/ru/szhimat-audio
https://solvemymedia.com/sk/komprimovat-audio
https://solvemymedia.com/sk/komprimovat-zvuk
https://solvemymedia.com/sv/komprimera-ljud
https://solvemymedia.com/th/biibadesiiyng
https://solvemymedia.com/th/ko-op-audio
https://solvemymedia.com/tr/ses-sikistir
https://solvemymedia.com/tr/sesi-sikistir
https://solvemymedia.com/uk/stiskati-audio
https://solvemymedia.com/uk/sty-snuti-audio
https://solvemymedia.com/vi/nen-am-thanh
https://solvemymedia.com/zh/ya-suo-yin-pin","404
200
200
200
404
200
404
200
200
404
200
200
200
404
200
404
404
404
200
404
200
200
200
404
200
200
404
404
200
200
200
200
404
200
200
404
200
404
404
200
200
404
404
200
200
404
200
200","More than one page is linked for the same language
Some pages don't include hreflang links to all the other pages of the group
Some pages are not returning 200 status code",5785178085625259770,44,44
21,https://solvemymedia.com/ja/gifwozuo-cheng,"ビデオ to GIF メーカー - ビデオをアニメーション GIF に変換 - SolveMyMedia
SolveMyMedia - Free Online Media Optimization Tools",text/html; charset=utf-8,false,200,0,true,"https://solvemymedia.com/ar/anshaaa-gif
https://solvemymedia.com/ar/nsh-swr-mthrk
https://solvemymedia.com/create-gif
https://solvemymedia.com/create-gif
https://solvemymedia.com/cs/vytvorit-gif
https://solvemymedia.com/da/opret-gif
https://solvemymedia.com/da/oprette-gif
https://solvemymedia.com/de/gif-erstellen
https://solvemymedia.com/el/dimioyrgia-gif
https://solvemymedia.com/es/crear-gif
https://solvemymedia.com/fi/luo-gif
https://solvemymedia.com/fr/creer-un-gif
https://solvemymedia.com/he/lytsvr-gif
https://solvemymedia.com/he/tzor-gif
https://solvemymedia.com/hi/gif-banaye
https://solvemymedia.com/hi/gif-bnaaen
https://solvemymedia.com/hu/gif-letrehozasa
https://solvemymedia.com/id/membuat-gif
https://solvemymedia.com/it/crea-gif
https://solvemymedia.com/it/creare-una-gif
https://solvemymedia.com/ja/gifwozuo-cheng
https://solvemymedia.com/ko/gif-mandeulgi
https://solvemymedia.com/ms/buat-gif
https://solvemymedia.com/nl/gif-maken
https://solvemymedia.com/no/lag-gif
https://solvemymedia.com/no/lage-gif
https://solvemymedia.com/pl/stworz-gif
https://solvemymedia.com/pl/utworz-gifa
https://solvemymedia.com/pt/criar-gif
https://solvemymedia.com/ro/creati-gif
https://solvemymedia.com/ro/creeaza-gif
https://solvemymedia.com/ru/sozdat-gif
https://solvemymedia.com/ru/sozdat-gifku
https://solvemymedia.com/sk/vytvorit-gif
https://solvemymedia.com/sv/skapa-gif
https://solvemymedia.com/th/sang-gif
https://solvemymedia.com/th/sraangkif
https://solvemymedia.com/tr/gif-olustur
https://solvemymedia.com/uk/stvoriti-gif
https://solvemymedia.com/vi/tao-anh-gif
https://solvemymedia.com/vi/tao-gif
https://solvemymedia.com/zh/chuang-jian-gif","404
200
200
200
200
404
200
200
200
200
200
200
404
404
404
200
200
200
404
200
200
200
200
200
404
200
404
200
200
200
404
404
200
404
200
404
200
200
200
200
404
200","More than one page is linked for the same language
Some pages don't include hreflang links to all the other pages of the group
Some pages are not returning 200 status code",17321000843242609092,39,39
21,https://solvemymedia.com/de/video-zuschneiden,"Video online zuschneiden – kostenloses Tool zum Zuschneiden von Videos - SolveMyMedia
SolveMyMedia - Free Online Media Optimization Tools",text/html; charset=utf-8,false,200,0,true,"https://solvemymedia.com/ar/fydyw-lmhsyl
https://solvemymedia.com/ar/qtaalfidyo
https://solvemymedia.com/crop-video
https://solvemymedia.com/crop-video
https://solvemymedia.com/cs/orezat-video
https://solvemymedia.com/cs/oriznout-video
https://solvemymedia.com/da/beskaer-video
https://solvemymedia.com/da/beskare-video
https://solvemymedia.com/de/video-zuschneiden
https://solvemymedia.com/el/kopsi-video
https://solvemymedia.com/el/perikopi-vinteo
https://solvemymedia.com/es/recortar-video
https://solvemymedia.com/fi/rajaa-video
https://solvemymedia.com/fr/video-de-recadrage
https://solvemymedia.com/he/gzor-video
https://solvemymedia.com/he/khytvk-srtvn
https://solvemymedia.com/hi/phsl-viiddiyo
https://solvemymedia.com/hi/video-crop-kare
https://solvemymedia.com/hu/vagja-le-a-videot
https://solvemymedia.com/hu/video-vagasa
https://solvemymedia.com/id/potong-video
https://solvemymedia.com/it/ritaglia-video
https://solvemymedia.com/it/ritagliare-il-video
https://solvemymedia.com/ja/bideowokurotupusuru
https://solvemymedia.com/ko/bidio-jallagi
https://solvemymedia.com/ko/bidio-jareugi
https://solvemymedia.com/ms/pangkas-video
https://solvemymedia.com/ms/potong-video
https://solvemymedia.com/nl/video-bijsnijden
https://solvemymedia.com/no/beskjaer-video
https://solvemymedia.com/no/beskjaere-video
https://solvemymedia.com/pl/przytnij-wideo
https://solvemymedia.com/pt/cortar-video
https://solvemymedia.com/ro/decupati-videoclipul
https://solvemymedia.com/ro/taie-video
https://solvemymedia.com/ru/obrezat-video
https://solvemymedia.com/sk/orezat-video
https://solvemymedia.com/sv/beskara-video
https://solvemymedia.com/th/khrbtadwidiio
https://solvemymedia.com/th/krot-wideo
https://solvemymedia.com/tr/video-kirp
https://solvemymedia.com/tr/videoyu-kirp
https://solvemymedia.com/uk/kadruvannya-video
https://solvemymedia.com/uk/obrizati-video
https://solvemymedia.com/vi/cat-video
https://solvemymedia.com/zh/cai-jian-shi-pin
https://solvemymedia.com/zh/jian-jie-shi-pin","200
404
200
200
404
200
200
404
200
404
200
200
200
200
404
404
200
404
200
404
200
404
200
200
404
200
200
404
200
404
200
200
200
200
404
200
404
200
200
404
404
200
200
404
200
200
404","More than one page is linked for the same language
Some pages are not returning 200 status code",16724027953909618260,44,44
21,https://solvemymedia.com/no/konvertere-lyd,"Konverter lydformater - Gratis online lydkonvertering - SolveMyMedia
SolveMyMedia - Free Online Media Optimization Tools",text/html; charset=utf-8,false,200,0,true,"https://solvemymedia.com/ar/thwyl-alsawt
https://solvemymedia.com/ar/thwyl-lswt
https://solvemymedia.com/convert-audio
https://solvemymedia.com/convert-audio
https://solvemymedia.com/cs/konvertovat-audio
https://solvemymedia.com/cs/prevest-zvuk
https://solvemymedia.com/da/konverter-lyd
https://solvemymedia.com/da/konvertere-lyd
https://solvemymedia.com/de/audio-konvertieren
https://solvemymedia.com/el/metaporpe-audio
https://solvemymedia.com/el/metatropi-ihoy
https://solvemymedia.com/es/convertir-audio
https://solvemymedia.com/fi/muunna-audio
https://solvemymedia.com/fi/muuntaa-aanta
https://solvemymedia.com/fr/convertir-laudio
https://solvemymedia.com/he/hmr-audio
https://solvemymedia.com/he/lhmyr-vdyv
https://solvemymedia.com/hi/audio-convert-kare
https://solvemymedia.com/hi/onddiyo-privrtit-kren
https://solvemymedia.com/hu/hang-konvertalasa
https://solvemymedia.com/hu/hangot-konvertalni
https://solvemymedia.com/id/mengkonversi-audio
https://solvemymedia.com/it/converti-audio
https://solvemymedia.com/it/convertire-laudio
https://solvemymedia.com/ja/odeiowobian-huan-suru
https://solvemymedia.com/ko/odio-byeonhwan
https://solvemymedia.com/ms/menukar-audio
https://solvemymedia.com/ms/tukar-audio
https://solvemymedia.com/nl/audio-converteren
https://solvemymedia.com/no/konvertere-lyd
https://solvemymedia.com/pl/konwertowac-dzwiek
https://solvemymedia.com/pl/konwertuj-audio
https://solvemymedia.com/pt/converter-audio
https://solvemymedia.com/ro/converteste-audio
https://solvemymedia.com/ro/converti-audio
https://solvemymedia.com/ru/konvertirovat-audio
https://solvemymedia.com/sk/konvertovat-audio
https://solvemymedia.com/sk/konvertovat-zvuk
https://solvemymedia.com/sv/konvertera-ljud
https://solvemymedia.com/th/aeplngesiiyng
https://solvemymedia.com/th/pli-an-audio
https://solvemymedia.com/tr/ses-donustur
https://solvemymedia.com/tr/sesi-donustur
https://solvemymedia.com/uk/konvertuvati-audio
https://solvemymedia.com/vi/chuyen-doi-am-thanh
https://solvemymedia.com/zh/zhuan-huan-yin-pin","404
200
200
200
404
200
404
200
200
404
200
200
404
200
200
404
404
404
200
404
200
200
404
200
200
200
200
404
200
200
200
404
200
404
200
200
404
404
200
200
404
404
200
200
200
200","More than one page is linked for the same language
Some pages don't include hreflang links to all the other pages of the group
Some pages are not returning 200 status code",9570318248645165765,42,42
21,https://solvemymedia.com/id/membuat-gif,"Pembuat Video ke GIF - Konversi Video ke GIF Animasi - SolveMyMedia
SolveMyMedia - Free Online Media Optimization Tools",text/html; charset=utf-8,false,200,0,true,"https://solvemymedia.com/ar/anshaaa-gif
https://solvemymedia.com/ar/nsh-swr-mthrk
https://solvemymedia.com/create-gif
https://solvemymedia.com/create-gif
https://solvemymedia.com/cs/vytvorit-gif
https://solvemymedia.com/da/opret-gif
https://solvemymedia.com/da/oprette-gif
https://solvemymedia.com/de/gif-erstellen
https://solvemymedia.com/el/dimioyrgia-gif
https://solvemymedia.com/es/crear-gif
https://solvemymedia.com/fi/luo-gif
https://solvemymedia.com/fr/creer-un-gif
https://solvemymedia.com/he/lytsvr-gif
https://solvemymedia.com/he/tzor-gif
https://solvemymedia.com/hi/gif-banaye
https://solvemymedia.com/hi/gif-bnaaen
https://solvemymedia.com/hu/gif-letrehozasa
https://solvemymedia.com/id/membuat-gif
https://solvemymedia.com/it/crea-gif
https://solvemymedia.com/it/creare-una-gif
https://solvemymedia.com/ja/gifwozuo-cheng
https://solvemymedia.com/ko/gif-mandeulgi
https://solvemymedia.com/ms/buat-gif
https://solvemymedia.com/nl/gif-maken
https://solvemymedia.com/no/lag-gif
https://solvemymedia.com/no/lage-gif
https://solvemymedia.com/pl/stworz-gif
https://solvemymedia.com/pl/utworz-gifa
https://solvemymedia.com/pt/criar-gif
https://solvemymedia.com/ro/creati-gif
https://solvemymedia.com/ro/creeaza-gif
https://solvemymedia.com/ru/sozdat-gif
https://solvemymedia.com/ru/sozdat-gifku
https://solvemymedia.com/sk/vytvorit-gif
https://solvemymedia.com/sv/skapa-gif
https://solvemymedia.com/th/sang-gif
https://solvemymedia.com/th/sraangkif
https://solvemymedia.com/tr/gif-olustur
https://solvemymedia.com/uk/stvoriti-gif
https://solvemymedia.com/vi/tao-anh-gif
https://solvemymedia.com/vi/tao-gif
https://solvemymedia.com/zh/chuang-jian-gif","404
200
200
200
200
404
200
200
200
200
200
200
404
404
404
200
200
200
404
200
200
200
200
200
404
200
404
200
200
200
404
404
200
404
200
404
200
200
200
200
404
200","More than one page is linked for the same language
Some pages don't include hreflang links to all the other pages of the group
Some pages are not returning 200 status code",17321000843242609092,39,39
21,https://solvemymedia.com/pt/video-para-audio,"Extraia áudio de vídeo - Conversor de vídeo para MP3 - SolveMyMedia
SolveMyMedia - Free Online Media Optimization Tools",text/html; charset=utf-8,false,200,0,true,"https://solvemymedia.com/ar/fidyo-ila-sawt
https://solvemymedia.com/ar/lfydyw-l-lswt
https://solvemymedia.com/cs/video-na-audio
https://solvemymedia.com/cs/video-na-zvuk
https://solvemymedia.com/da/video-til-lyd
https://solvemymedia.com/de/video-zu-audio
https://solvemymedia.com/el/video-se-audio
https://solvemymedia.com/el/vinteo-se-iho
https://solvemymedia.com/es/video-a-audio
https://solvemymedia.com/fi/video-audioksi
https://solvemymedia.com/fi/videosta-aaneksi
https://solvemymedia.com/fr/video-en-audio
https://solvemymedia.com/he/video-leaudio
https://solvemymedia.com/he/vydv-lvdyv
https://solvemymedia.com/hi/video-se-audio
https://solvemymedia.com/hi/viiddiyo-se-onddiyo
https://solvemymedia.com/hu/video-hanggya
https://solvemymedia.com/hu/videorol-hangra
https://solvemymedia.com/id/video-ke-audio
https://solvemymedia.com/it/video-in-audio
https://solvemymedia.com/ja/bideokaraodeiohe
https://solvemymedia.com/ko/bidio-eseo-odio
https://solvemymedia.com/ko/bidioreul-odioro
https://solvemymedia.com/ms/video-ke-audio
https://solvemymedia.com/ms/video-kepada-audio
https://solvemymedia.com/nl/video-naar-audio
https://solvemymedia.com/no/video-til-lyd
https://solvemymedia.com/pl/wideo-do-dzwieku
https://solvemymedia.com/pl/wideo-na-audio
https://solvemymedia.com/pt/video-para-audio
https://solvemymedia.com/ro/video-in-audio
https://solvemymedia.com/ro/video-la-audio
https://solvemymedia.com/ru/video-v-audio
https://solvemymedia.com/sk/video-na-audio
https://solvemymedia.com/sk/video-na-zvuk
https://solvemymedia.com/sv/video-till-ljud
https://solvemymedia.com/th/wideo-phen-siang
https://solvemymedia.com/th/widiioepnesiiyng
https://solvemymedia.com/tr/videodan-ses
https://solvemymedia.com/tr/videodan-sese
https://solvemymedia.com/uk/video-v-audio
https://solvemymedia.com/vi/video-sang-am-thanh
https://solvemymedia.com/vi/video-thanh-am-thanh
https://solvemymedia.com/video-to-audio
https://solvemymedia.com/video-to-audio
https://solvemymedia.com/zh/shi-pin-zhuan-yin-pin","404
200
404
200
200
200
404
200
200
404
200
200
404
404
404
200
404
200
200
200
200
404
200
404
200
200
200
200
404
200
200
404
200
404
404
200
404
200
404
200
200
404
200
200
200
200","More than one page is linked for the same language
Some pages don't include hreflang links to all the other pages of the group
Some pages are not returning 200 status code",2926664764167155975,42,42
21,https://solvemymedia.com/ja/bideokaraodeiohe,"ビデオからオーディオを抽出 - ビデオから MP3 コンバーター - SolveMyMedia
SolveMyMedia - Free Online Media Optimization Tools",text/html; charset=utf-8,false,200,0,true,"https://solvemymedia.com/ar/fidyo-ila-sawt
https://solvemymedia.com/ar/lfydyw-l-lswt
https://solvemymedia.com/cs/video-na-audio
https://solvemymedia.com/cs/video-na-zvuk
https://solvemymedia.com/da/video-til-lyd
https://solvemymedia.com/de/video-zu-audio
https://solvemymedia.com/el/video-se-audio
https://solvemymedia.com/el/vinteo-se-iho
https://solvemymedia.com/es/video-a-audio
https://solvemymedia.com/fi/video-audioksi
https://solvemymedia.com/fi/videosta-aaneksi
https://solvemymedia.com/fr/video-en-audio
https://solvemymedia.com/he/video-leaudio
https://solvemymedia.com/he/vydv-lvdyv
https://solvemymedia.com/hi/video-se-audio
https://solvemymedia.com/hi/viiddiyo-se-onddiyo
https://solvemymedia.com/hu/video-hanggya
https://solvemymedia.com/hu/videorol-hangra
https://solvemymedia.com/id/video-ke-audio
https://solvemymedia.com/it/video-in-audio
https://solvemymedia.com/ja/bideokaraodeiohe
https://solvemymedia.com/ko/bidio-eseo-odio
https://solvemymedia.com/ko/bidioreul-odioro
https://solvemymedia.com/ms/video-ke-audio
https://solvemymedia.com/ms/video-kepada-audio
https://solvemymedia.com/nl/video-naar-audio
https://solvemymedia.com/no/video-til-lyd
https://solvemymedia.com/pl/wideo-do-dzwieku
https://solvemymedia.com/pl/wideo-na-audio
https://solvemymedia.com/pt/video-para-audio
https://solvemymedia.com/ro/video-in-audio
https://solvemymedia.com/ro/video-la-audio
https://solvemymedia.com/ru/video-v-audio
https://solvemymedia.com/sk/video-na-audio
https://solvemymedia.com/sk/video-na-zvuk
https://solvemymedia.com/sv/video-till-ljud
https://solvemymedia.com/th/wideo-phen-siang
https://solvemymedia.com/th/widiioepnesiiyng
https://solvemymedia.com/tr/videodan-ses
https://solvemymedia.com/tr/videodan-sese
https://solvemymedia.com/uk/video-v-audio
https://solvemymedia.com/vi/video-sang-am-thanh
https://solvemymedia.com/vi/video-thanh-am-thanh
https://solvemymedia.com/video-to-audio
https://solvemymedia.com/video-to-audio
https://solvemymedia.com/zh/shi-pin-zhuan-yin-pin","404
200
404
200
200
200
404
200
200
404
200
200
404
404
404
200
404
200
200
200
200
404
200
404
200
200
200
200
404
200
200
404
200
404
404
200
404
200
404
200
200
404
200
200
200
200","More than one page is linked for the same language
Some pages don't include hreflang links to all the other pages of the group
Some pages are not returning 200 status code",2926664764167155975,42,42
21,https://solvemymedia.com/nl/video-converteren,"Videoformaten converteren - Gratis online video-omzetter - SolveMyMedia
SolveMyMedia - Free Online Media Optimization Tools",text/html; charset=utf-8,false,200,0,true,"https://solvemymedia.com/ar/thwyl-alfidyo
https://solvemymedia.com/ar/thwyl-lfydyw
https://solvemymedia.com/convert-video
https://solvemymedia.com/convert-video
https://solvemymedia.com/cs/konvertovat-video
https://solvemymedia.com/cs/prevest-video
https://solvemymedia.com/da/konverter-video
https://solvemymedia.com/da/konvertere-video
https://solvemymedia.com/de/video-konvertieren
https://solvemymedia.com/el/metaporpe-video
https://solvemymedia.com/el/metatropi-vinteo
https://solvemymedia.com/es/convertir-video
https://solvemymedia.com/fi/muunna-video
https://solvemymedia.com/fi/muuntaa-videon
https://solvemymedia.com/fr/convertir-une-video
https://solvemymedia.com/he/hmr-video
https://solvemymedia.com/he/lhmyr-vydv
https://solvemymedia.com/hi/video-convert-kare
https://solvemymedia.com/hi/viiddiyo-privrtit-kren
https://solvemymedia.com/hu/video-konvertalasa
https://solvemymedia.com/id/mengkonversi-video
https://solvemymedia.com/it/converti-video
https://solvemymedia.com/it/convertire-video
https://solvemymedia.com/ja/bideowobian-huan-suru
https://solvemymedia.com/ko/bidio-byeonhwan
https://solvemymedia.com/ms/menukar-video
https://solvemymedia.com/ms/tukar-video
https://solvemymedia.com/nl/video-converteren
https://solvemymedia.com/no/konvertere-video
https://solvemymedia.com/pl/konwertuj-wideo
https://solvemymedia.com/pt/converter-video
https://solvemymedia.com/ro/converteste-video
https://solvemymedia.com/ro/converti-video
https://solvemymedia.com/ru/konvertirovat-video
https://solvemymedia.com/sk/konvertovat-video
https://solvemymedia.com/sv/konvertera-video
https://solvemymedia.com/th/aeplngwidiio
https://solvemymedia.com/th/pli-an-wideo
https://solvemymedia.com/tr/video-donustur
https://solvemymedia.com/tr/videoyu-donustur
https://solvemymedia.com/uk/konvertuvati-video
https://solvemymedia.com/vi/chuyen-doi-video
https://solvemymedia.com/zh/zhuan-huan-shi-pin","404
200
200
200
404
200
404
200
200
404
200
200
404
200
200
404
404
404
200
200
200
404
200
200
200
200
404
200
200
200
200
404
200
200
404
200
200
404
404
200
200
200
200","More than one page is linked for the same language
Some pages don't include hreflang links to all the other pages of the group
Some pages are not returning 200 status code",3718947784658654109,40,40
21,https://solvemymedia.com/es/crear-gif,"Creador de vídeo a GIF: convierte vídeo a GIF animado - SolveMyMedia
SolveMyMedia - Free Online Media Optimization Tools",text/html; charset=utf-8,false,200,0,true,"https://solvemymedia.com/ar/anshaaa-gif
https://solvemymedia.com/ar/nsh-swr-mthrk
https://solvemymedia.com/create-gif
https://solvemymedia.com/create-gif
https://solvemymedia.com/cs/vytvorit-gif
https://solvemymedia.com/da/opret-gif
https://solvemymedia.com/da/oprette-gif
https://solvemymedia.com/de/gif-erstellen
https://solvemymedia.com/el/dimioyrgia-gif
https://solvemymedia.com/es/crear-gif
https://solvemymedia.com/fi/luo-gif
https://solvemymedia.com/fr/creer-un-gif
https://solvemymedia.com/he/lytsvr-gif
https://solvemymedia.com/he/tzor-gif
https://solvemymedia.com/hi/gif-banaye
https://solvemymedia.com/hi/gif-bnaaen
https://solvemymedia.com/hu/gif-letrehozasa
https://solvemymedia.com/id/membuat-gif
https://solvemymedia.com/it/crea-gif
https://solvemymedia.com/it/creare-una-gif
https://solvemymedia.com/ja/gifwozuo-cheng
https://solvemymedia.com/ko/gif-mandeulgi
https://solvemymedia.com/ms/buat-gif
https://solvemymedia.com/nl/gif-maken
https://solvemymedia.com/no/lag-gif
https://solvemymedia.com/no/lage-gif
https://solvemymedia.com/pl/stworz-gif
https://solvemymedia.com/pl/utworz-gifa
https://solvemymedia.com/pt/criar-gif
https://solvemymedia.com/ro/creati-gif
https://solvemymedia.com/ro/creeaza-gif
https://solvemymedia.com/ru/sozdat-gif
https://solvemymedia.com/ru/sozdat-gifku
https://solvemymedia.com/sk/vytvorit-gif
https://solvemymedia.com/sv/skapa-gif
https://solvemymedia.com/th/sang-gif
https://solvemymedia.com/th/sraangkif
https://solvemymedia.com/tr/gif-olustur
https://solvemymedia.com/uk/stvoriti-gif
https://solvemymedia.com/vi/tao-anh-gif
https://solvemymedia.com/vi/tao-gif
https://solvemymedia.com/zh/chuang-jian-gif","404
200
200
200
200
404
200
200
200
200
200
200
404
404
404
200
200
200
404
200
200
200
200
200
404
200
404
200
200
200
404
404
200
404
200
404
200
200
200
200
404
200","More than one page is linked for the same language
Some pages don't include hreflang links to all the other pages of the group
Some pages are not returning 200 status code",17321000843242609092,39,39
21,https://solvemymedia.com/fr/convertir-une-video,"Convertir les formats vidéo - Convertisseur vidéo en ligne gratuit - SolveMyMedia
SolveMyMedia - Free Online Media Optimization Tools",text/html; charset=utf-8,false,200,0,true,"https://solvemymedia.com/ar/thwyl-alfidyo
https://solvemymedia.com/ar/thwyl-lfydyw
https://solvemymedia.com/convert-video
https://solvemymedia.com/convert-video
https://solvemymedia.com/cs/konvertovat-video
https://solvemymedia.com/cs/prevest-video
https://solvemymedia.com/da/konverter-video
https://solvemymedia.com/da/konvertere-video
https://solvemymedia.com/de/video-konvertieren
https://solvemymedia.com/el/metaporpe-video
https://solvemymedia.com/el/metatropi-vinteo
https://solvemymedia.com/es/convertir-video
https://solvemymedia.com/fi/muunna-video
https://solvemymedia.com/fi/muuntaa-videon
https://solvemymedia.com/fr/convertir-une-video
https://solvemymedia.com/he/hmr-video
https://solvemymedia.com/he/lhmyr-vydv
https://solvemymedia.com/hi/video-convert-kare
https://solvemymedia.com/hi/viiddiyo-privrtit-kren
https://solvemymedia.com/hu/video-konvertalasa
https://solvemymedia.com/id/mengkonversi-video
https://solvemymedia.com/it/converti-video
https://solvemymedia.com/it/convertire-video
https://solvemymedia.com/ja/bideowobian-huan-suru
https://solvemymedia.com/ko/bidio-byeonhwan
https://solvemymedia.com/ms/menukar-video
https://solvemymedia.com/ms/tukar-video
https://solvemymedia.com/nl/video-converteren
https://solvemymedia.com/no/konvertere-video
https://solvemymedia.com/pl/konwertuj-wideo
https://solvemymedia.com/pt/converter-video
https://solvemymedia.com/ro/converteste-video
https://solvemymedia.com/ro/converti-video
https://solvemymedia.com/ru/konvertirovat-video
https://solvemymedia.com/sk/konvertovat-video
https://solvemymedia.com/sv/konvertera-video
https://solvemymedia.com/th/aeplngwidiio
https://solvemymedia.com/th/pli-an-wideo
https://solvemymedia.com/tr/video-donustur
https://solvemymedia.com/tr/videoyu-donustur
https://solvemymedia.com/uk/konvertuvati-video
https://solvemymedia.com/vi/chuyen-doi-video
https://solvemymedia.com/zh/zhuan-huan-shi-pin","404
200
200
200
404
200
404
200
200
404
200
200
404
200
200
404
404
404
200
200
200
404
200
200
200
200
404
200
200
200
200
404
200
200
404
200
200
404
404
200
200
200
200","More than one page is linked for the same language
Some pages don't include hreflang links to all the other pages of the group
Some pages are not returning 200 status code",3718947784658654109,40,40
21,https://solvemymedia.com/es/convertir-audio,"Convertir formatos de audio - Convertidor de audio en línea gratuito - SolveMyMedia
SolveMyMedia - Free Online Media Optimization Tools",text/html; charset=utf-8,false,200,0,true,"https://solvemymedia.com/ar/thwyl-alsawt
https://solvemymedia.com/ar/thwyl-lswt
https://solvemymedia.com/convert-audio
https://solvemymedia.com/convert-audio
https://solvemymedia.com/cs/konvertovat-audio
https://solvemymedia.com/cs/prevest-zvuk
https://solvemymedia.com/da/konverter-lyd
https://solvemymedia.com/da/konvertere-lyd
https://solvemymedia.com/de/audio-konvertieren
https://solvemymedia.com/el/metaporpe-audio
https://solvemymedia.com/el/metatropi-ihoy
https://solvemymedia.com/es/convertir-audio
https://solvemymedia.com/fi/muunna-audio
https://solvemymedia.com/fi/muuntaa-aanta
https://solvemymedia.com/fr/convertir-laudio
https://solvemymedia.com/he/hmr-audio
https://solvemymedia.com/he/lhmyr-vdyv
https://solvemymedia.com/hi/audio-convert-kare
https://solvemymedia.com/hi/onddiyo-privrtit-kren
https://solvemymedia.com/hu/hang-konvertalasa
https://solvemymedia.com/hu/hangot-konvertalni
https://solvemymedia.com/id/mengkonversi-audio
https://solvemymedia.com/it/converti-audio
https://solvemymedia.com/it/convertire-laudio
https://solvemymedia.com/ja/odeiowobian-huan-suru
https://solvemymedia.com/ko/odio-byeonhwan
https://solvemymedia.com/ms/menukar-audio
https://solvemymedia.com/ms/tukar-audio
https://solvemymedia.com/nl/audio-converteren
https://solvemymedia.com/no/konvertere-lyd
https://solvemymedia.com/pl/konwertowac-dzwiek
https://solvemymedia.com/pl/konwertuj-audio
https://solvemymedia.com/pt/converter-audio
https://solvemymedia.com/ro/converteste-audio
https://solvemymedia.com/ro/converti-audio
https://solvemymedia.com/ru/konvertirovat-audio
https://solvemymedia.com/sk/konvertovat-audio
https://solvemymedia.com/sk/konvertovat-zvuk
https://solvemymedia.com/sv/konvertera-ljud
https://solvemymedia.com/th/aeplngesiiyng
https://solvemymedia.com/th/pli-an-audio
https://solvemymedia.com/tr/ses-donustur
https://solvemymedia.com/tr/sesi-donustur
https://solvemymedia.com/uk/konvertuvati-audio
https://solvemymedia.com/vi/chuyen-doi-am-thanh
https://solvemymedia.com/zh/zhuan-huan-yin-pin","404
200
200
200
404
200
404
200
200
404
200
200
404
200
200
404
404
404
200
404
200
200
404
200
200
200
200
404
200
200
200
404
200
404
200
200
404
404
200
200
404
404
200
200
200
200","More than one page is linked for the same language
Some pages don't include hreflang links to all the other pages of the group
Some pages are not returning 200 status code",9570318248645165765,42,42
21,https://solvemymedia.com/no/video-til-lyd,"Trekk ut lyd fra video - Video til MP3 Converter - SolveMyMedia
SolveMyMedia - Free Online Media Optimization Tools",text/html; charset=utf-8,false,200,0,true,"https://solvemymedia.com/ar/fidyo-ila-sawt
https://solvemymedia.com/ar/lfydyw-l-lswt
https://solvemymedia.com/cs/video-na-audio
https://solvemymedia.com/cs/video-na-zvuk
https://solvemymedia.com/da/video-til-lyd
https://solvemymedia.com/de/video-zu-audio
https://solvemymedia.com/el/video-se-audio
https://solvemymedia.com/el/vinteo-se-iho
https://solvemymedia.com/es/video-a-audio
https://solvemymedia.com/fi/video-audioksi
https://solvemymedia.com/fi/videosta-aaneksi
https://solvemymedia.com/fr/video-en-audio
https://solvemymedia.com/he/video-leaudio
https://solvemymedia.com/he/vydv-lvdyv
https://solvemymedia.com/hi/video-se-audio
https://solvemymedia.com/hi/viiddiyo-se-onddiyo
https://solvemymedia.com/hu/video-hanggya
https://solvemymedia.com/hu/videorol-hangra
https://solvemymedia.com/id/video-ke-audio
https://solvemymedia.com/it/video-in-audio
https://solvemymedia.com/ja/bideokaraodeiohe
https://solvemymedia.com/ko/bidio-eseo-odio
https://solvemymedia.com/ko/bidioreul-odioro
https://solvemymedia.com/ms/video-ke-audio
https://solvemymedia.com/ms/video-kepada-audio
https://solvemymedia.com/nl/video-naar-audio
https://solvemymedia.com/no/video-til-lyd
https://solvemymedia.com/pl/wideo-do-dzwieku
https://solvemymedia.com/pl/wideo-na-audio
https://solvemymedia.com/pt/video-para-audio
https://solvemymedia.com/ro/video-in-audio
https://solvemymedia.com/ro/video-la-audio
https://solvemymedia.com/ru/video-v-audio
https://solvemymedia.com/sk/video-na-audio
https://solvemymedia.com/sk/video-na-zvuk
https://solvemymedia.com/sv/video-till-ljud
https://solvemymedia.com/th/wideo-phen-siang
https://solvemymedia.com/th/widiioepnesiiyng
https://solvemymedia.com/tr/videodan-ses
https://solvemymedia.com/tr/videodan-sese
https://solvemymedia.com/uk/video-v-audio
https://solvemymedia.com/vi/video-sang-am-thanh
https://solvemymedia.com/vi/video-thanh-am-thanh
https://solvemymedia.com/video-to-audio
https://solvemymedia.com/video-to-audio
https://solvemymedia.com/zh/shi-pin-zhuan-yin-pin","404
200
404
200
200
200
404
200
200
404
200
200
404
404
404
200
404
200
200
200
200
404
200
404
200
200
200
200
404
200
200
404
200
404
404
200
404
200
404
200
200
404
200
200
200
200","More than one page is linked for the same language
Some pages don't include hreflang links to all the other pages of the group
Some pages are not returning 200 status code",2926664764167155975,42,42
21,https://solvemymedia.com/es/comprimir-audio,"Comprimir audio en línea - Compresor de audio gratuito - SolveMyMedia
SolveMyMedia - Free Online Media Optimization Tools",text/html; charset=utf-8,false,200,0,true,"https://solvemymedia.com/ar/dght-alsawt
https://solvemymedia.com/ar/dgt-lswt
https://solvemymedia.com/compress-audio
https://solvemymedia.com/compress-audio
https://solvemymedia.com/cs/komprimovat-audio
https://solvemymedia.com/cs/komprimovat-zvuk
https://solvemymedia.com/da/komprimer-lyd
https://solvemymedia.com/da/komprimere-lyd
https://solvemymedia.com/de/audio-komprimieren
https://solvemymedia.com/el/symnpiesost-audio
https://solvemymedia.com/el/sympiesi-ihoy
https://solvemymedia.com/es/comprimir-audio
https://solvemymedia.com/fi/pakkaa-aanta
https://solvemymedia.com/fi/pakkaa-audio
https://solvemymedia.com/fr/compresser-laudio
https://solvemymedia.com/he/dchisot-audio
https://solvemymedia.com/he/ldkhvs-vdyv
https://solvemymedia.com/hi/audio-compress-kare
https://solvemymedia.com/hi/onddiyo-snpiiddit-kren
https://solvemymedia.com/hu/hang-tomoritese
https://solvemymedia.com/hu/tomoriti-a-hangot
https://solvemymedia.com/id/kompres-audio
https://solvemymedia.com/it/comprimere-laudio
https://solvemymedia.com/it/comprimi-audio
https://solvemymedia.com/ja/odeiowoya-suo-suru
https://solvemymedia.com/ko/odio-abcug
https://solvemymedia.com/ko/odio-apchuk
https://solvemymedia.com/ms/mampat-audio
https://solvemymedia.com/ms/memampatkan-audio
https://solvemymedia.com/nl/audio-comprimeren
https://solvemymedia.com/no/komprimere-lyd
https://solvemymedia.com/pl/kompresowac-dzwiek
https://solvemymedia.com/pl/kompresuj-audio
https://solvemymedia.com/pt/comprimir-audio
https://solvemymedia.com/ro/comprima-audio
https://solvemymedia.com/ru/szhat-audio
https://solvemymedia.com/ru/szhimat-audio
https://solvemymedia.com/sk/komprimovat-audio
https://solvemymedia.com/sk/komprimovat-zvuk
https://solvemymedia.com/sv/komprimera-ljud
https://solvemymedia.com/th/biibadesiiyng
https://solvemymedia.com/th/ko-op-audio
https://solvemymedia.com/tr/ses-sikistir
https://solvemymedia.com/tr/sesi-sikistir
https://solvemymedia.com/uk/stiskati-audio
https://solvemymedia.com/uk/sty-snuti-audio
https://solvemymedia.com/vi/nen-am-thanh
https://solvemymedia.com/zh/ya-suo-yin-pin","404
200
200
200
404
200
404
200
200
404
200
200
200
404
200
404
404
404
200
404
200
200
200
404
200
200
404
404
200
200
200
200
404
200
200
404
200
404
404
200
200
404
404
200
200
404
200
200","More than one page is linked for the same language
Some pages don't include hreflang links to all the other pages of the group
Some pages are not returning 200 status code",5785178085625259770,44,44
21,https://solvemymedia.com/it/video-in-audio,"Estrai audio da video - Convertitore da video a MP3 - SolveMyMedia
SolveMyMedia - Free Online Media Optimization Tools",text/html; charset=utf-8,false,200,0,true,"https://solvemymedia.com/ar/fidyo-ila-sawt
https://solvemymedia.com/ar/lfydyw-l-lswt
https://solvemymedia.com/cs/video-na-audio
https://solvemymedia.com/cs/video-na-zvuk
https://solvemymedia.com/da/video-til-lyd
https://solvemymedia.com/de/video-zu-audio
https://solvemymedia.com/el/video-se-audio
https://solvemymedia.com/el/vinteo-se-iho
https://solvemymedia.com/es/video-a-audio
https://solvemymedia.com/fi/video-audioksi
https://solvemymedia.com/fi/videosta-aaneksi
https://solvemymedia.com/fr/video-en-audio
https://solvemymedia.com/he/video-leaudio
https://solvemymedia.com/he/vydv-lvdyv
https://solvemymedia.com/hi/video-se-audio
https://solvemymedia.com/hi/viiddiyo-se-onddiyo
https://solvemymedia.com/hu/video-hanggya
https://solvemymedia.com/hu/videorol-hangra
https://solvemymedia.com/id/video-ke-audio
https://solvemymedia.com/it/video-in-audio
https://solvemymedia.com/ja/bideokaraodeiohe
https://solvemymedia.com/ko/bidio-eseo-odio
https://solvemymedia.com/ko/bidioreul-odioro
https://solvemymedia.com/ms/video-ke-audio
https://solvemymedia.com/ms/video-kepada-audio
https://solvemymedia.com/nl/video-naar-audio
https://solvemymedia.com/no/video-til-lyd
https://solvemymedia.com/pl/wideo-do-dzwieku
https://solvemymedia.com/pl/wideo-na-audio
https://solvemymedia.com/pt/video-para-audio
https://solvemymedia.com/ro/video-in-audio
https://solvemymedia.com/ro/video-la-audio
https://solvemymedia.com/ru/video-v-audio
https://solvemymedia.com/sk/video-na-audio
https://solvemymedia.com/sk/video-na-zvuk
https://solvemymedia.com/sv/video-till-ljud
https://solvemymedia.com/th/wideo-phen-siang
https://solvemymedia.com/th/widiioepnesiiyng
https://solvemymedia.com/tr/videodan-ses
https://solvemymedia.com/tr/videodan-sese
https://solvemymedia.com/uk/video-v-audio
https://solvemymedia.com/vi/video-sang-am-thanh
https://solvemymedia.com/vi/video-thanh-am-thanh
https://solvemymedia.com/video-to-audio
https://solvemymedia.com/video-to-audio
https://solvemymedia.com/zh/shi-pin-zhuan-yin-pin","404
200
404
200
200
200
404
200
200
404
200
200
404
404
404
200
404
200
200
200
200
404
200
404
200
200
200
200
404
200
200
404
200
404
404
200
404
200
404
200
200
404
200
200
200
200","More than one page is linked for the same language
Some pages don't include hreflang links to all the other pages of the group
Some pages are not returning 200 status code",2926664764167155975,42,42
21,https://solvemymedia.com/fr/compresser-la-video,"Compresser une vidéo en ligne - Compresseur vidéo sécurisé gratuit - SolveMyMedia
SolveMyMedia - Free Online Media Optimization Tools",text/html; charset=utf-8,false,200,0,true,"https://solvemymedia.com/ar/dght-alfidyo
https://solvemymedia.com/ar/dgt-lfydyw
https://solvemymedia.com/compress-video
https://solvemymedia.com/compress-video
https://solvemymedia.com/cs/komprimovat-video
https://solvemymedia.com/da/komprimer-video
https://solvemymedia.com/da/komprimere-video
https://solvemymedia.com/de/video-komprimieren
https://solvemymedia.com/el/symnpiesost-video
https://solvemymedia.com/el/sympiesi-vinteo
https://solvemymedia.com/es/comprimir-video
https://solvemymedia.com/fi/pakkaa-video
https://solvemymedia.com/fr/compresser-la-video
https://solvemymedia.com/he/dchisot-video
https://solvemymedia.com/he/ldkhvs-vydv
https://solvemymedia.com/hi/video-compress-kare
https://solvemymedia.com/hi/viiddiyo-snpiiddit-kren
https://solvemymedia.com/hu/video-tomoritese
https://solvemymedia.com/id/kompres-video
https://solvemymedia.com/it/comprimere-il-video
https://solvemymedia.com/it/comprimi-video
https://solvemymedia.com/ja/bideowoya-suo-suru
https://solvemymedia.com/ko/bidio-abcug
https://solvemymedia.com/ko/bidio-apchuk
https://solvemymedia.com/ms/mampat-video
https://solvemymedia.com/ms/memampatkan-video
https://solvemymedia.com/nl/video-comprimeren
https://solvemymedia.com/no/komprimere-video
https://solvemymedia.com/pl/kompresowac-wideo
https://solvemymedia.com/pl/kompresuj-wideo
https://solvemymedia.com/pt/compactar-video
https://solvemymedia.com/pt/comprimir-video
https://solvemymedia.com/ro/comprima-video
https://solvemymedia.com/ru/szhat-video
https://solvemymedia.com/ru/szhimat-video
https://solvemymedia.com/sk/komprimovat-video
https://solvemymedia.com/sv/komprimera-video
https://solvemymedia.com/th/biibadwidiio
https://solvemymedia.com/th/ko-op-wideo
https://solvemymedia.com/tr/video-sikistir
https://solvemymedia.com/tr/videoyu-sikistir
https://solvemymedia.com/uk/stiskati-video
https://solvemymedia.com/uk/sty-snuti-video
https://solvemymedia.com/vi/nen-video
https://solvemymedia.com/zh/ya-suo-shi-pin","404
200
200
200
200
404
200
200
404
200
200
200
200
404
404
404
200
200
200
200
404
200
200
404
404
200
200
200
200
404
200
404
200
404
200
404
200
200
404
404
200
200
404
200
200","More than one page is linked for the same language
Some pages don't include hreflang links to all the other pages of the group
Some pages are not returning 200 status code",926993157700666916,42,42
21,https://solvemymedia.com/sv/komprimera-video,"Komprimera video online - Gratis säker videokompressor - SolveMyMedia
SolveMyMedia - Free Online Media Optimization Tools",text/html; charset=utf-8,false,200,0,true,"https://solvemymedia.com/ar/dght-alfidyo
https://solvemymedia.com/ar/dgt-lfydyw
https://solvemymedia.com/compress-video
https://solvemymedia.com/compress-video
https://solvemymedia.com/cs/komprimovat-video
https://solvemymedia.com/da/komprimer-video
https://solvemymedia.com/da/komprimere-video
https://solvemymedia.com/de/video-komprimieren
https://solvemymedia.com/el/symnpiesost-video
https://solvemymedia.com/el/sympiesi-vinteo
https://solvemymedia.com/es/comprimir-video
https://solvemymedia.com/fi/pakkaa-video
https://solvemymedia.com/fr/compresser-la-video
https://solvemymedia.com/he/dchisot-video
https://solvemymedia.com/he/ldkhvs-vydv
https://solvemymedia.com/hi/video-compress-kare
https://solvemymedia.com/hi/viiddiyo-snpiiddit-kren
https://solvemymedia.com/hu/video-tomoritese
https://solvemymedia.com/id/kompres-video
https://solvemymedia.com/it/comprimere-il-video
https://solvemymedia.com/it/comprimi-video
https://solvemymedia.com/ja/bideowoya-suo-suru
https://solvemymedia.com/ko/bidio-abcug
https://solvemymedia.com/ko/bidio-apchuk
https://solvemymedia.com/ms/mampat-video
https://solvemymedia.com/ms/memampatkan-video
https://solvemymedia.com/nl/video-comprimeren
https://solvemymedia.com/no/komprimere-video
https://solvemymedia.com/pl/kompresowac-wideo
https://solvemymedia.com/pl/kompresuj-wideo
https://solvemymedia.com/pt/compactar-video
https://solvemymedia.com/pt/comprimir-video
https://solvemymedia.com/ro/comprima-video
https://solvemymedia.com/ru/szhat-video
https://solvemymedia.com/ru/szhimat-video
https://solvemymedia.com/sk/komprimovat-video
https://solvemymedia.com/sv/komprimera-video
https://solvemymedia.com/th/biibadwidiio
https://solvemymedia.com/th/ko-op-wideo
https://solvemymedia.com/tr/video-sikistir
https://solvemymedia.com/tr/videoyu-sikistir
https://solvemymedia.com/uk/stiskati-video
https://solvemymedia.com/uk/sty-snuti-video
https://solvemymedia.com/vi/nen-video
https://solvemymedia.com/zh/ya-suo-shi-pin","404
200
200
200
200
404
200
200
404
200
200
200
200
404
404
404
200
200
200
200
404
200
200
404
404
200
200
200
200
404
200
404
200
404
200
404
200
200
404
404
200
200
404
200
200","More than one page is linked for the same language
Some pages don't include hreflang links to all the other pages of the group
Some pages are not returning 200 status code",926993157700666916,42,42
21,https://solvemymedia.com/no/komprimere-video,"Komprimer video på nett - Gratis sikker videokompressor - SolveMyMedia
SolveMyMedia - Free Online Media Optimization Tools",text/html; charset=utf-8,false,200,0,true,"https://solvemymedia.com/ar/dght-alfidyo
https://solvemymedia.com/ar/dgt-lfydyw
https://solvemymedia.com/compress-video
https://solvemymedia.com/compress-video
https://solvemymedia.com/cs/komprimovat-video
https://solvemymedia.com/da/komprimer-video
https://solvemymedia.com/da/komprimere-video
https://solvemymedia.com/de/video-komprimieren
https://solvemymedia.com/el/symnpiesost-video
https://solvemymedia.com/el/sympiesi-vinteo
https://solvemymedia.com/es/comprimir-video
https://solvemymedia.com/fi/pakkaa-video
https://solvemymedia.com/fr/compresser-la-video
https://solvemymedia.com/he/dchisot-video
https://solvemymedia.com/he/ldkhvs-vydv
https://solvemymedia.com/hi/video-compress-kare
https://solvemymedia.com/hi/viiddiyo-snpiiddit-kren
https://solvemymedia.com/hu/video-tomoritese
https://solvemymedia.com/id/kompres-video
https://solvemymedia.com/it/comprimere-il-video
https://solvemymedia.com/it/comprimi-video
https://solvemymedia.com/ja/bideowoya-suo-suru
https://solvemymedia.com/ko/bidio-abcug
https://solvemymedia.com/ko/bidio-apchuk
https://solvemymedia.com/ms/mampat-video
https://solvemymedia.com/ms/memampatkan-video
https://solvemymedia.com/nl/video-comprimeren
https://solvemymedia.com/no/komprimere-video
https://solvemymedia.com/pl/kompresowac-wideo
https://solvemymedia.com/pl/kompresuj-wideo
https://solvemymedia.com/pt/compactar-video
https://solvemymedia.com/pt/comprimir-video
https://solvemymedia.com/ro/comprima-video
https://solvemymedia.com/ru/szhat-video
https://solvemymedia.com/ru/szhimat-video
https://solvemymedia.com/sk/komprimovat-video
https://solvemymedia.com/sv/komprimera-video
https://solvemymedia.com/th/biibadwidiio
https://solvemymedia.com/th/ko-op-wideo
https://solvemymedia.com/tr/video-sikistir
https://solvemymedia.com/tr/videoyu-sikistir
https://solvemymedia.com/uk/stiskati-video
https://solvemymedia.com/uk/sty-snuti-video
https://solvemymedia.com/vi/nen-video
https://solvemymedia.com/zh/ya-suo-shi-pin","404
200
200
200
200
404
200
200
404
200
200
200
200
404
404
404
200
200
200
200
404
200
200
404
404
200
200
200
200
404
200
404
200
404
200
404
200
200
404
404
200
200
404
200
200","More than one page is linked for the same language
Some pages don't include hreflang links to all the other pages of the group
Some pages are not returning 200 status code",926993157700666916,42,42
21,https://solvemymedia.com/el/dimioyrgia-gif,"Βίντεο σε Δημιουργός GIF - Μετατροπή βίντεο σε κινούμενο GIF - SolveMyMedia
SolveMyMedia - Free Online Media Optimization Tools",text/html; charset=utf-8,false,200,0,true,"https://solvemymedia.com/ar/anshaaa-gif
https://solvemymedia.com/ar/nsh-swr-mthrk
https://solvemymedia.com/create-gif
https://solvemymedia.com/create-gif
https://solvemymedia.com/cs/vytvorit-gif
https://solvemymedia.com/da/opret-gif
https://solvemymedia.com/da/oprette-gif
https://solvemymedia.com/de/gif-erstellen
https://solvemymedia.com/el/dimioyrgia-gif
https://solvemymedia.com/es/crear-gif
https://solvemymedia.com/fi/luo-gif
https://solvemymedia.com/fr/creer-un-gif
https://solvemymedia.com/he/lytsvr-gif
https://solvemymedia.com/he/tzor-gif
https://solvemymedia.com/hi/gif-banaye
https://solvemymedia.com/hi/gif-bnaaen
https://solvemymedia.com/hu/gif-letrehozasa
https://solvemymedia.com/id/membuat-gif
https://solvemymedia.com/it/crea-gif
https://solvemymedia.com/it/creare-una-gif
https://solvemymedia.com/ja/gifwozuo-cheng
https://solvemymedia.com/ko/gif-mandeulgi
https://solvemymedia.com/ms/buat-gif
https://solvemymedia.com/nl/gif-maken
https://solvemymedia.com/no/lag-gif
https://solvemymedia.com/no/lage-gif
https://solvemymedia.com/pl/stworz-gif
https://solvemymedia.com/pl/utworz-gifa
https://solvemymedia.com/pt/criar-gif
https://solvemymedia.com/ro/creati-gif
https://solvemymedia.com/ro/creeaza-gif
https://solvemymedia.com/ru/sozdat-gif
https://solvemymedia.com/ru/sozdat-gifku
https://solvemymedia.com/sk/vytvorit-gif
https://solvemymedia.com/sv/skapa-gif
https://solvemymedia.com/th/sang-gif
https://solvemymedia.com/th/sraangkif
https://solvemymedia.com/tr/gif-olustur
https://solvemymedia.com/uk/stvoriti-gif
https://solvemymedia.com/vi/tao-anh-gif
https://solvemymedia.com/vi/tao-gif
https://solvemymedia.com/zh/chuang-jian-gif","404
200
200
200
200
404
200
200
200
200
200
200
404
404
404
200
200
200
404
200
200
200
200
200
404
200
404
200
200
200
404
404
200
404
200
404
200
200
200
200
404
200","More than one page is linked for the same language
Some pages don't include hreflang links to all the other pages of the group
Some pages are not returning 200 status code",17321000843242609092,39,39
21,https://solvemymedia.com/de/audio-komprimieren,"Audio online komprimieren – kostenloser Audiokompressor - SolveMyMedia
SolveMyMedia - Free Online Media Optimization Tools",text/html; charset=utf-8,false,200,0,true,"https://solvemymedia.com/ar/dght-alsawt
https://solvemymedia.com/ar/dgt-lswt
https://solvemymedia.com/compress-audio
https://solvemymedia.com/compress-audio
https://solvemymedia.com/cs/komprimovat-audio
https://solvemymedia.com/cs/komprimovat-zvuk
https://solvemymedia.com/da/komprimer-lyd
https://solvemymedia.com/da/komprimere-lyd
https://solvemymedia.com/de/audio-komprimieren
https://solvemymedia.com/el/symnpiesost-audio
https://solvemymedia.com/el/sympiesi-ihoy
https://solvemymedia.com/es/comprimir-audio
https://solvemymedia.com/fi/pakkaa-aanta
https://solvemymedia.com/fi/pakkaa-audio
https://solvemymedia.com/fr/compresser-laudio
https://solvemymedia.com/he/dchisot-audio
https://solvemymedia.com/he/ldkhvs-vdyv
https://solvemymedia.com/hi/audio-compress-kare
https://solvemymedia.com/hi/onddiyo-snpiiddit-kren
https://solvemymedia.com/hu/hang-tomoritese
https://solvemymedia.com/hu/tomoriti-a-hangot
https://solvemymedia.com/id/kompres-audio
https://solvemymedia.com/it/comprimere-laudio
https://solvemymedia.com/it/comprimi-audio
https://solvemymedia.com/ja/odeiowoya-suo-suru
https://solvemymedia.com/ko/odio-abcug
https://solvemymedia.com/ko/odio-apchuk
https://solvemymedia.com/ms/mampat-audio
https://solvemymedia.com/ms/memampatkan-audio
https://solvemymedia.com/nl/audio-comprimeren
https://solvemymedia.com/no/komprimere-lyd
https://solvemymedia.com/pl/kompresowac-dzwiek
https://solvemymedia.com/pl/kompresuj-audio
https://solvemymedia.com/pt/comprimir-audio
https://solvemymedia.com/ro/comprima-audio
https://solvemymedia.com/ru/szhat-audio
https://solvemymedia.com/ru/szhimat-audio
https://solvemymedia.com/sk/komprimovat-audio
https://solvemymedia.com/sk/komprimovat-zvuk
https://solvemymedia.com/sv/komprimera-ljud
https://solvemymedia.com/th/biibadesiiyng
https://solvemymedia.com/th/ko-op-audio
https://solvemymedia.com/tr/ses-sikistir
https://solvemymedia.com/tr/sesi-sikistir
https://solvemymedia.com/uk/stiskati-audio
https://solvemymedia.com/uk/sty-snuti-audio
https://solvemymedia.com/vi/nen-am-thanh
https://solvemymedia.com/zh/ya-suo-yin-pin","404
200
200
200
404
200
404
200
200
404
200
200
200
404
200
404
404
404
200
404
200
200
200
404
200
200
404
404
200
200
200
200
404
200
200
404
200
404
404
200
200
404
404
200
200
404
200
200","More than one page is linked for the same language
Some pages don't include hreflang links to all the other pages of the group
Some pages are not returning 200 status code",5785178085625259770,44,44
21,https://solvemymedia.com/es/convertir-video,"Convertir formatos de vídeo - Convertidor de vídeo en línea gratuito - SolveMyMedia
SolveMyMedia - Free Online Media Optimization Tools",text/html; charset=utf-8,false,200,0,true,"https://solvemymedia.com/ar/thwyl-alfidyo
https://solvemymedia.com/ar/thwyl-lfydyw
https://solvemymedia.com/convert-video
https://solvemymedia.com/convert-video
https://solvemymedia.com/cs/konvertovat-video
https://solvemymedia.com/cs/prevest-video
https://solvemymedia.com/da/konverter-video
https://solvemymedia.com/da/konvertere-video
https://solvemymedia.com/de/video-konvertieren
https://solvemymedia.com/el/metaporpe-video
https://solvemymedia.com/el/metatropi-vinteo
https://solvemymedia.com/es/convertir-video
https://solvemymedia.com/fi/muunna-video
https://solvemymedia.com/fi/muuntaa-videon
https://solvemymedia.com/fr/convertir-une-video
https://solvemymedia.com/he/hmr-video
https://solvemymedia.com/he/lhmyr-vydv
https://solvemymedia.com/hi/video-convert-kare
https://solvemymedia.com/hi/viiddiyo-privrtit-kren
https://solvemymedia.com/hu/video-konvertalasa
https://solvemymedia.com/id/mengkonversi-video
https://solvemymedia.com/it/converti-video
https://solvemymedia.com/it/convertire-video
https://solvemymedia.com/ja/bideowobian-huan-suru
https://solvemymedia.com/ko/bidio-byeonhwan
https://solvemymedia.com/ms/menukar-video
https://solvemymedia.com/ms/tukar-video
https://solvemymedia.com/nl/video-converteren
https://solvemymedia.com/no/konvertere-video
https://solvemymedia.com/pl/konwertuj-wideo
https://solvemymedia.com/pt/converter-video
https://solvemymedia.com/ro/converteste-video
https://solvemymedia.com/ro/converti-video
https://solvemymedia.com/ru/konvertirovat-video
https://solvemymedia.com/sk/konvertovat-video
https://solvemymedia.com/sv/konvertera-video
https://solvemymedia.com/th/aeplngwidiio
https://solvemymedia.com/th/pli-an-wideo
https://solvemymedia.com/tr/video-donustur
https://solvemymedia.com/tr/videoyu-donustur
https://solvemymedia.com/uk/konvertuvati-video
https://solvemymedia.com/vi/chuyen-doi-video
https://solvemymedia.com/zh/zhuan-huan-shi-pin","404
200
200
200
404
200
404
200
200
404
200
200
404
200
200
404
404
404
200
200
200
404
200
200
200
200
404
200
200
200
200
404
200
200
404
200
200
404
404
200
200
200
200","More than one page is linked for the same language
Some pages don't include hreflang links to all the other pages of the group
Some pages are not returning 200 status code",3718947784658654109,40,40
21,https://solvemymedia.com/es/recortar-video,"Recortar videos en línea: herramienta gratuita para recortar videos - SolveMyMedia
SolveMyMedia - Free Online Media Optimization Tools",text/html; charset=utf-8,false,200,0,true,"https://solvemymedia.com/ar/fydyw-lmhsyl
https://solvemymedia.com/ar/qtaalfidyo
https://solvemymedia.com/crop-video
https://solvemymedia.com/crop-video
https://solvemymedia.com/cs/orezat-video
https://solvemymedia.com/cs/oriznout-video
https://solvemymedia.com/da/beskaer-video
https://solvemymedia.com/da/beskare-video
https://solvemymedia.com/de/video-zuschneiden
https://solvemymedia.com/el/kopsi-video
https://solvemymedia.com/el/perikopi-vinteo
https://solvemymedia.com/es/recortar-video
https://solvemymedia.com/fi/rajaa-video
https://solvemymedia.com/fr/video-de-recadrage
https://solvemymedia.com/he/gzor-video
https://solvemymedia.com/he/khytvk-srtvn
https://solvemymedia.com/hi/phsl-viiddiyo
https://solvemymedia.com/hi/video-crop-kare
https://solvemymedia.com/hu/vagja-le-a-videot
https://solvemymedia.com/hu/video-vagasa
https://solvemymedia.com/id/potong-video
https://solvemymedia.com/it/ritaglia-video
https://solvemymedia.com/it/ritagliare-il-video
https://solvemymedia.com/ja/bideowokurotupusuru
https://solvemymedia.com/ko/bidio-jallagi
https://solvemymedia.com/ko/bidio-jareugi
https://solvemymedia.com/ms/pangkas-video
https://solvemymedia.com/ms/potong-video
https://solvemymedia.com/nl/video-bijsnijden
https://solvemymedia.com/no/beskjaer-video
https://solvemymedia.com/no/beskjaere-video
https://solvemymedia.com/pl/przytnij-wideo
https://solvemymedia.com/pt/cortar-video
https://solvemymedia.com/ro/decupati-videoclipul
https://solvemymedia.com/ro/taie-video
https://solvemymedia.com/ru/obrezat-video
https://solvemymedia.com/sk/orezat-video
https://solvemymedia.com/sv/beskara-video
https://solvemymedia.com/th/khrbtadwidiio
https://solvemymedia.com/th/krot-wideo
https://solvemymedia.com/tr/video-kirp
https://solvemymedia.com/tr/videoyu-kirp
https://solvemymedia.com/uk/kadruvannya-video
https://solvemymedia.com/uk/obrizati-video
https://solvemymedia.com/vi/cat-video
https://solvemymedia.com/zh/cai-jian-shi-pin
https://solvemymedia.com/zh/jian-jie-shi-pin","200
404
200
200
404
200
200
404
200
404
200
200
200
200
404
404
200
404
200
404
200
404
200
200
404
200
200
404
200
404
200
200
200
200
404
200
404
200
200
404
404
200
200
404
200
200
404","More than one page is linked for the same language
Some pages are not returning 200 status code",16724027953909618260,44,44
21,https://solvemymedia.com/de/video-konvertieren,"Videoformate konvertieren – Kostenloser Online-Videokonverter - SolveMyMedia
SolveMyMedia - Free Online Media Optimization Tools",text/html; charset=utf-8,false,200,0,true,"https://solvemymedia.com/ar/thwyl-alfidyo
https://solvemymedia.com/ar/thwyl-lfydyw
https://solvemymedia.com/convert-video
https://solvemymedia.com/convert-video
https://solvemymedia.com/cs/konvertovat-video
https://solvemymedia.com/cs/prevest-video
https://solvemymedia.com/da/konverter-video
https://solvemymedia.com/da/konvertere-video
https://solvemymedia.com/de/video-konvertieren
https://solvemymedia.com/el/metaporpe-video
https://solvemymedia.com/el/metatropi-vinteo
https://solvemymedia.com/es/convertir-video
https://solvemymedia.com/fi/muunna-video
https://solvemymedia.com/fi/muuntaa-videon
https://solvemymedia.com/fr/convertir-une-video
https://solvemymedia.com/he/hmr-video
https://solvemymedia.com/he/lhmyr-vydv
https://solvemymedia.com/hi/video-convert-kare
https://solvemymedia.com/hi/viiddiyo-privrtit-kren
https://solvemymedia.com/hu/video-konvertalasa
https://solvemymedia.com/id/mengkonversi-video
https://solvemymedia.com/it/converti-video
https://solvemymedia.com/it/convertire-video
https://solvemymedia.com/ja/bideowobian-huan-suru
https://solvemymedia.com/ko/bidio-byeonhwan
https://solvemymedia.com/ms/menukar-video
https://solvemymedia.com/ms/tukar-video
https://solvemymedia.com/nl/video-converteren
https://solvemymedia.com/no/konvertere-video
https://solvemymedia.com/pl/konwertuj-wideo
https://solvemymedia.com/pt/converter-video
https://solvemymedia.com/ro/converteste-video
https://solvemymedia.com/ro/converti-video
https://solvemymedia.com/ru/konvertirovat-video
https://solvemymedia.com/sk/konvertovat-video
https://solvemymedia.com/sv/konvertera-video
https://solvemymedia.com/th/aeplngwidiio
https://solvemymedia.com/th/pli-an-wideo
https://solvemymedia.com/tr/video-donustur
https://solvemymedia.com/tr/videoyu-donustur
https://solvemymedia.com/uk/konvertuvati-video
https://solvemymedia.com/vi/chuyen-doi-video
https://solvemymedia.com/zh/zhuan-huan-shi-pin","404
200
200
200
404
200
404
200
200
404
200
200
404
200
200
404
404
404
200
200
200
404
200
200
200
200
404
200
200
200
200
404
200
200
404
200
200
404
404
200
200
200
200","More than one page is linked for the same language
Some pages don't include hreflang links to all the other pages of the group
Some pages are not returning 200 status code",3718947784658654109,40,40
21,https://solvemymedia.com/sv/konvertera-ljud,"Konvertera ljudformat - Gratis Online Audio Converter - SolveMyMedia
SolveMyMedia - Free Online Media Optimization Tools",text/html; charset=utf-8,false,200,0,true,"https://solvemymedia.com/ar/thwyl-alsawt
https://solvemymedia.com/ar/thwyl-lswt
https://solvemymedia.com/convert-audio
https://solvemymedia.com/convert-audio
https://solvemymedia.com/cs/konvertovat-audio
https://solvemymedia.com/cs/prevest-zvuk
https://solvemymedia.com/da/konverter-lyd
https://solvemymedia.com/da/konvertere-lyd
https://solvemymedia.com/de/audio-konvertieren
https://solvemymedia.com/el/metaporpe-audio
https://solvemymedia.com/el/metatropi-ihoy
https://solvemymedia.com/es/convertir-audio
https://solvemymedia.com/fi/muunna-audio
https://solvemymedia.com/fi/muuntaa-aanta
https://solvemymedia.com/fr/convertir-laudio
https://solvemymedia.com/he/hmr-audio
https://solvemymedia.com/he/lhmyr-vdyv
https://solvemymedia.com/hi/audio-convert-kare
https://solvemymedia.com/hi/onddiyo-privrtit-kren
https://solvemymedia.com/hu/hang-konvertalasa
https://solvemymedia.com/hu/hangot-konvertalni
https://solvemymedia.com/id/mengkonversi-audio
https://solvemymedia.com/it/converti-audio
https://solvemymedia.com/it/convertire-laudio
https://solvemymedia.com/ja/odeiowobian-huan-suru
https://solvemymedia.com/ko/odio-byeonhwan
https://solvemymedia.com/ms/menukar-audio
https://solvemymedia.com/ms/tukar-audio
https://solvemymedia.com/nl/audio-converteren
https://solvemymedia.com/no/konvertere-lyd
https://solvemymedia.com/pl/konwertowac-dzwiek
https://solvemymedia.com/pl/konwertuj-audio
https://solvemymedia.com/pt/converter-audio
https://solvemymedia.com/ro/converteste-audio
https://solvemymedia.com/ro/converti-audio
https://solvemymedia.com/ru/konvertirovat-audio
https://solvemymedia.com/sk/konvertovat-audio
https://solvemymedia.com/sk/konvertovat-zvuk
https://solvemymedia.com/sv/konvertera-ljud
https://solvemymedia.com/th/aeplngesiiyng
https://solvemymedia.com/th/pli-an-audio
https://solvemymedia.com/tr/ses-donustur
https://solvemymedia.com/tr/sesi-donustur
https://solvemymedia.com/uk/konvertuvati-audio
https://solvemymedia.com/vi/chuyen-doi-am-thanh
https://solvemymedia.com/zh/zhuan-huan-yin-pin","404
200
200
200
404
200
404
200
200
404
200
200
404
200
200
404
404
404
200
404
200
200
404
200
200
200
200
404
200
200
200
404
200
404
200
200
404
404
200
200
404
404
200
200
200
200","More than one page is linked for the same language
Some pages don't include hreflang links to all the other pages of the group
Some pages are not returning 200 status code",9570318248645165765,42,42
21,https://solvemymedia.com/ja/bideowokurotupusuru,"オンラインでビデオをクロップ - 無料のビデオクロッパーツール - SolveMyMedia
SolveMyMedia - Free Online Media Optimization Tools",text/html; charset=utf-8,false,200,0,true,"https://solvemymedia.com/ar/fydyw-lmhsyl
https://solvemymedia.com/ar/qtaalfidyo
https://solvemymedia.com/crop-video
https://solvemymedia.com/crop-video
https://solvemymedia.com/cs/orezat-video
https://solvemymedia.com/cs/oriznout-video
https://solvemymedia.com/da/beskaer-video
https://solvemymedia.com/da/beskare-video
https://solvemymedia.com/de/video-zuschneiden
https://solvemymedia.com/el/kopsi-video
https://solvemymedia.com/el/perikopi-vinteo
https://solvemymedia.com/es/recortar-video
https://solvemymedia.com/fi/rajaa-video
https://solvemymedia.com/fr/video-de-recadrage
https://solvemymedia.com/he/gzor-video
https://solvemymedia.com/he/khytvk-srtvn
https://solvemymedia.com/hi/phsl-viiddiyo
https://solvemymedia.com/hi/video-crop-kare
https://solvemymedia.com/hu/vagja-le-a-videot
https://solvemymedia.com/hu/video-vagasa
https://solvemymedia.com/id/potong-video
https://solvemymedia.com/it/ritaglia-video
https://solvemymedia.com/it/ritagliare-il-video
https://solvemymedia.com/ja/bideowokurotupusuru
https://solvemymedia.com/ko/bidio-jallagi
https://solvemymedia.com/ko/bidio-jareugi
https://solvemymedia.com/ms/pangkas-video
https://solvemymedia.com/ms/potong-video
https://solvemymedia.com/nl/video-bijsnijden
https://solvemymedia.com/no/beskjaer-video
https://solvemymedia.com/no/beskjaere-video
https://solvemymedia.com/pl/przytnij-wideo
https://solvemymedia.com/pt/cortar-video
https://solvemymedia.com/ro/decupati-videoclipul
https://solvemymedia.com/ro/taie-video
https://solvemymedia.com/ru/obrezat-video
https://solvemymedia.com/sk/orezat-video
https://solvemymedia.com/sv/beskara-video
https://solvemymedia.com/th/khrbtadwidiio
https://solvemymedia.com/th/krot-wideo
https://solvemymedia.com/tr/video-kirp
https://solvemymedia.com/tr/videoyu-kirp
https://solvemymedia.com/uk/kadruvannya-video
https://solvemymedia.com/uk/obrizati-video
https://solvemymedia.com/vi/cat-video
https://solvemymedia.com/zh/cai-jian-shi-pin
https://solvemymedia.com/zh/jian-jie-shi-pin","200
404
200
200
404
200
200
404
200
404
200
200
200
200
404
404
200
404
200
404
200
404
200
200
404
200
200
404
200
404
200
200
200
200
404
200
404
200
200
404
404
200
200
404
200
200
404","More than one page is linked for the same language
Some pages are not returning 200 status code",16724027953909618260,44,44
21,https://solvemymedia.com/ru/obrezat-video,"Обрезать видео онлайн — бесплатный инструмент для обрезки видео - SolveMyMedia
SolveMyMedia - Free Online Media Optimization Tools",text/html; charset=utf-8,false,200,0,true,"https://solvemymedia.com/ar/fydyw-lmhsyl
https://solvemymedia.com/ar/qtaalfidyo
https://solvemymedia.com/crop-video
https://solvemymedia.com/crop-video
https://solvemymedia.com/cs/orezat-video
https://solvemymedia.com/cs/oriznout-video
https://solvemymedia.com/da/beskaer-video
https://solvemymedia.com/da/beskare-video
https://solvemymedia.com/de/video-zuschneiden
https://solvemymedia.com/el/kopsi-video
https://solvemymedia.com/el/perikopi-vinteo
https://solvemymedia.com/es/recortar-video
https://solvemymedia.com/fi/rajaa-video
https://solvemymedia.com/fr/video-de-recadrage
https://solvemymedia.com/he/gzor-video
https://solvemymedia.com/he/khytvk-srtvn
https://solvemymedia.com/hi/phsl-viiddiyo
https://solvemymedia.com/hi/video-crop-kare
https://solvemymedia.com/hu/vagja-le-a-videot
https://solvemymedia.com/hu/video-vagasa
https://solvemymedia.com/id/potong-video
https://solvemymedia.com/it/ritaglia-video
https://solvemymedia.com/it/ritagliare-il-video
https://solvemymedia.com/ja/bideowokurotupusuru
https://solvemymedia.com/ko/bidio-jallagi
https://solvemymedia.com/ko/bidio-jareugi
https://solvemymedia.com/ms/pangkas-video
https://solvemymedia.com/ms/potong-video
https://solvemymedia.com/nl/video-bijsnijden
https://solvemymedia.com/no/beskjaer-video
https://solvemymedia.com/no/beskjaere-video
https://solvemymedia.com/pl/przytnij-wideo
https://solvemymedia.com/pt/cortar-video
https://solvemymedia.com/ro/decupati-videoclipul
https://solvemymedia.com/ro/taie-video
https://solvemymedia.com/ru/obrezat-video
https://solvemymedia.com/sk/orezat-video
https://solvemymedia.com/sv/beskara-video
https://solvemymedia.com/th/khrbtadwidiio
https://solvemymedia.com/th/krot-wideo
https://solvemymedia.com/tr/video-kirp
https://solvemymedia.com/tr/videoyu-kirp
https://solvemymedia.com/uk/kadruvannya-video
https://solvemymedia.com/uk/obrizati-video
https://solvemymedia.com/vi/cat-video
https://solvemymedia.com/zh/cai-jian-shi-pin
https://solvemymedia.com/zh/jian-jie-shi-pin","200
404
200
200
404
200
200
404
200
404
200
200
200
200
404
404
200
404
200
404
200
404
200
200
404
200
200
404
200
404
200
200
200
200
404
200
404
200
200
404
404
200
200
404
200
200
404","More than one page is linked for the same language
Some pages are not returning 200 status code",16724027953909618260,44,44
21,https://solvemymedia.com/fi/luo-gif,"Video GIF Maker -muunna video animoiduksi GIF-muotoon - SolveMyMedia
SolveMyMedia - Free Online Media Optimization Tools",text/html; charset=utf-8,false,200,0,true,"https://solvemymedia.com/ar/anshaaa-gif
https://solvemymedia.com/ar/nsh-swr-mthrk
https://solvemymedia.com/create-gif
https://solvemymedia.com/create-gif
https://solvemymedia.com/cs/vytvorit-gif
https://solvemymedia.com/da/opret-gif
https://solvemymedia.com/da/oprette-gif
https://solvemymedia.com/de/gif-erstellen
https://solvemymedia.com/el/dimioyrgia-gif
https://solvemymedia.com/es/crear-gif
https://solvemymedia.com/fi/luo-gif
https://solvemymedia.com/fr/creer-un-gif
https://solvemymedia.com/he/lytsvr-gif
https://solvemymedia.com/he/tzor-gif
https://solvemymedia.com/hi/gif-banaye
https://solvemymedia.com/hi/gif-bnaaen
https://solvemymedia.com/hu/gif-letrehozasa
https://solvemymedia.com/id/membuat-gif
https://solvemymedia.com/it/crea-gif
https://solvemymedia.com/it/creare-una-gif
https://solvemymedia.com/ja/gifwozuo-cheng
https://solvemymedia.com/ko/gif-mandeulgi
https://solvemymedia.com/ms/buat-gif
https://solvemymedia.com/nl/gif-maken
https://solvemymedia.com/no/lag-gif
https://solvemymedia.com/no/lage-gif
https://solvemymedia.com/pl/stworz-gif
https://solvemymedia.com/pl/utworz-gifa
https://solvemymedia.com/pt/criar-gif
https://solvemymedia.com/ro/creati-gif
https://solvemymedia.com/ro/creeaza-gif
https://solvemymedia.com/ru/sozdat-gif
https://solvemymedia.com/ru/sozdat-gifku
https://solvemymedia.com/sk/vytvorit-gif
https://solvemymedia.com/sv/skapa-gif
https://solvemymedia.com/th/sang-gif
https://solvemymedia.com/th/sraangkif
https://solvemymedia.com/tr/gif-olustur
https://solvemymedia.com/uk/stvoriti-gif
https://solvemymedia.com/vi/tao-anh-gif
https://solvemymedia.com/vi/tao-gif
https://solvemymedia.com/zh/chuang-jian-gif","404
200
200
200
200
404
200
200
200
200
200
200
404
404
404
200
200
200
404
200
200
200
200
200
404
200
404
200
200
200
404
404
200
404
200
404
200
200
200
200
404
200","More than one page is linked for the same language
Some pages don't include hreflang links to all the other pages of the group
Some pages are not returning 200 status code",17321000843242609092,39,39
21,https://solvemymedia.com/de/video-zu-audio,"Audio aus Video extrahieren – Video-zu-MP3-Konverter - SolveMyMedia
SolveMyMedia - Free Online Media Optimization Tools",text/html; charset=utf-8,false,200,0,true,"https://solvemymedia.com/ar/fidyo-ila-sawt
https://solvemymedia.com/ar/lfydyw-l-lswt
https://solvemymedia.com/cs/video-na-audio
https://solvemymedia.com/cs/video-na-zvuk
https://solvemymedia.com/da/video-til-lyd
https://solvemymedia.com/de/video-zu-audio
https://solvemymedia.com/el/video-se-audio
https://solvemymedia.com/el/vinteo-se-iho
https://solvemymedia.com/es/video-a-audio
https://solvemymedia.com/fi/video-audioksi
https://solvemymedia.com/fi/videosta-aaneksi
https://solvemymedia.com/fr/video-en-audio
https://solvemymedia.com/he/video-leaudio
https://solvemymedia.com/he/vydv-lvdyv
https://solvemymedia.com/hi/video-se-audio
https://solvemymedia.com/hi/viiddiyo-se-onddiyo
https://solvemymedia.com/hu/video-hanggya
https://solvemymedia.com/hu/videorol-hangra
https://solvemymedia.com/id/video-ke-audio
https://solvemymedia.com/it/video-in-audio
https://solvemymedia.com/ja/bideokaraodeiohe
https://solvemymedia.com/ko/bidio-eseo-odio
https://solvemymedia.com/ko/bidioreul-odioro
https://solvemymedia.com/ms/video-ke-audio
https://solvemymedia.com/ms/video-kepada-audio
https://solvemymedia.com/nl/video-naar-audio
https://solvemymedia.com/no/video-til-lyd
https://solvemymedia.com/pl/wideo-do-dzwieku
https://solvemymedia.com/pl/wideo-na-audio
https://solvemymedia.com/pt/video-para-audio
https://solvemymedia.com/ro/video-in-audio
https://solvemymedia.com/ro/video-la-audio
https://solvemymedia.com/ru/video-v-audio
https://solvemymedia.com/sk/video-na-audio
https://solvemymedia.com/sk/video-na-zvuk
https://solvemymedia.com/sv/video-till-ljud
https://solvemymedia.com/th/wideo-phen-siang
https://solvemymedia.com/th/widiioepnesiiyng
https://solvemymedia.com/tr/videodan-ses
https://solvemymedia.com/tr/videodan-sese
https://solvemymedia.com/uk/video-v-audio
https://solvemymedia.com/vi/video-sang-am-thanh
https://solvemymedia.com/vi/video-thanh-am-thanh
https://solvemymedia.com/video-to-audio
https://solvemymedia.com/video-to-audio
https://solvemymedia.com/zh/shi-pin-zhuan-yin-pin","404
200
404
200
200
200
404
200
200
404
200
200
404
404
404
200
404
200
200
200
200
404
200
404
200
200
200
200
404
200
200
404
200
404
404
200
404
200
404
200
200
404
200
200
200
200","More than one page is linked for the same language
Some pages don't include hreflang links to all the other pages of the group
Some pages are not returning 200 status code",2926664764167155975,42,42
21,https://solvemymedia.com/sv/skapa-gif,"Video to GIF Maker - Konvertera video till animerad GIF - SolveMyMedia
SolveMyMedia - Free Online Media Optimization Tools",text/html; charset=utf-8,false,200,0,true,"https://solvemymedia.com/ar/anshaaa-gif
https://solvemymedia.com/ar/nsh-swr-mthrk
https://solvemymedia.com/create-gif
https://solvemymedia.com/create-gif
https://solvemymedia.com/cs/vytvorit-gif
https://solvemymedia.com/da/opret-gif
https://solvemymedia.com/da/oprette-gif
https://solvemymedia.com/de/gif-erstellen
https://solvemymedia.com/el/dimioyrgia-gif
https://solvemymedia.com/es/crear-gif
https://solvemymedia.com/fi/luo-gif
https://solvemymedia.com/fr/creer-un-gif
https://solvemymedia.com/he/lytsvr-gif
https://solvemymedia.com/he/tzor-gif
https://solvemymedia.com/hi/gif-banaye
https://solvemymedia.com/hi/gif-bnaaen
https://solvemymedia.com/hu/gif-letrehozasa
https://solvemymedia.com/id/membuat-gif
https://solvemymedia.com/it/crea-gif
https://solvemymedia.com/it/creare-una-gif
https://solvemymedia.com/ja/gifwozuo-cheng
https://solvemymedia.com/ko/gif-mandeulgi
https://solvemymedia.com/ms/buat-gif
https://solvemymedia.com/nl/gif-maken
https://solvemymedia.com/no/lag-gif
https://solvemymedia.com/no/lage-gif
https://solvemymedia.com/pl/stworz-gif
https://solvemymedia.com/pl/utworz-gifa
https://solvemymedia.com/pt/criar-gif
https://solvemymedia.com/ro/creati-gif
https://solvemymedia.com/ro/creeaza-gif
https://solvemymedia.com/ru/sozdat-gif
https://solvemymedia.com/ru/sozdat-gifku
https://solvemymedia.com/sk/vytvorit-gif
https://solvemymedia.com/sv/skapa-gif
https://solvemymedia.com/th/sang-gif
https://solvemymedia.com/th/sraangkif
https://solvemymedia.com/tr/gif-olustur
https://solvemymedia.com/uk/stvoriti-gif
https://solvemymedia.com/vi/tao-anh-gif
https://solvemymedia.com/vi/tao-gif
https://solvemymedia.com/zh/chuang-jian-gif","404
200
200
200
200
404
200
200
200
200
200
200
404
404
404
200
200
200
404
200
200
200
200
200
404
200
404
200
200
200
404
404
200
404
200
404
200
200
200
200
404
200","More than one page is linked for the same language
Some pages don't include hreflang links to all the other pages of the group
Some pages are not returning 200 status code",17321000843242609092,39,39
21,https://solvemymedia.com/uk/stvoriti-gif,"Video to GIF Maker - конвертуйте відео в анімований GIF - SolveMyMedia
SolveMyMedia - Free Online Media Optimization Tools",text/html; charset=utf-8,false,200,0,true,"https://solvemymedia.com/ar/anshaaa-gif
https://solvemymedia.com/ar/nsh-swr-mthrk
https://solvemymedia.com/create-gif
https://solvemymedia.com/create-gif
https://solvemymedia.com/cs/vytvorit-gif
https://solvemymedia.com/da/opret-gif
https://solvemymedia.com/da/oprette-gif
https://solvemymedia.com/de/gif-erstellen
https://solvemymedia.com/el/dimioyrgia-gif
https://solvemymedia.com/es/crear-gif
https://solvemymedia.com/fi/luo-gif
https://solvemymedia.com/fr/creer-un-gif
https://solvemymedia.com/he/lytsvr-gif
https://solvemymedia.com/he/tzor-gif
https://solvemymedia.com/hi/gif-banaye
https://solvemymedia.com/hi/gif-bnaaen
https://solvemymedia.com/hu/gif-letrehozasa
https://solvemymedia.com/id/membuat-gif
https://solvemymedia.com/it/crea-gif
https://solvemymedia.com/it/creare-una-gif
https://solvemymedia.com/ja/gifwozuo-cheng
https://solvemymedia.com/ko/gif-mandeulgi
https://solvemymedia.com/ms/buat-gif
https://solvemymedia.com/nl/gif-maken
https://solvemymedia.com/no/lag-gif
https://solvemymedia.com/no/lage-gif
https://solvemymedia.com/pl/stworz-gif
https://solvemymedia.com/pl/utworz-gifa
https://solvemymedia.com/pt/criar-gif
https://solvemymedia.com/ro/creati-gif
https://solvemymedia.com/ro/creeaza-gif
https://solvemymedia.com/ru/sozdat-gif
https://solvemymedia.com/ru/sozdat-gifku
https://solvemymedia.com/sk/vytvorit-gif
https://solvemymedia.com/sv/skapa-gif
https://solvemymedia.com/th/sang-gif
https://solvemymedia.com/th/sraangkif
https://solvemymedia.com/tr/gif-olustur
https://solvemymedia.com/uk/stvoriti-gif
https://solvemymedia.com/vi/tao-anh-gif
https://solvemymedia.com/vi/tao-gif
https://solvemymedia.com/zh/chuang-jian-gif","404
200
200
200
200
404
200
200
200
200
200
200
404
404
404
200
200
200
404
200
200
200
200
200
404
200
404
200
200
200
404
404
200
404
200
404
200
200
200
200
404
200","More than one page is linked for the same language
Some pages don't include hreflang links to all the other pages of the group
Some pages are not returning 200 status code",17321000843242609092,39,39
21,https://solvemymedia.com/cs/rychlost-videa,"Změna rychlosti videa – rychlý a zpomalený video editor - SolveMyMedia
SolveMyMedia - Free Online Media Optimization Tools",text/html; charset=utf-8,false,200,0,true,"https://solvemymedia.com/ar/sraa-lfydyw
https://solvemymedia.com/ar/sraat-alfidyo
https://solvemymedia.com/cs/rychlost-videa
https://solvemymedia.com/da/videohastighed
https://solvemymedia.com/de/videogeschwindigkeit
https://solvemymedia.com/el/tahytita-vinteo
https://solvemymedia.com/el/taxyta-video
https://solvemymedia.com/es/velocidad-de-video
https://solvemymedia.com/fi/videon-nopeus
https://solvemymedia.com/fi/videonopeus
https://solvemymedia.com/fr/vitesse-video
https://solvemymedia.com/he/meherut-video
https://solvemymedia.com/he/mhyrvt-vydv
https://solvemymedia.com/hi/video-speed
https://solvemymedia.com/hi/viiddiyo-kii-gti
https://solvemymedia.com/hu/video-sebesseg
https://solvemymedia.com/id/kecepatan-video
https://solvemymedia.com/it/velocita-video
https://solvemymedia.com/ja/bideosu-du
https://solvemymedia.com/ko/bidio-sogdo
https://solvemymedia.com/ko/bidio-sokdo
https://solvemymedia.com/ms/kelajuan-video
https://solvemymedia.com/ms/laju-video
https://solvemymedia.com/nl/video-snelheid
https://solvemymedia.com/nl/videosnelheid
https://solvemymedia.com/no/videohastighet
https://solvemymedia.com/pl/predkosc-wideo
https://solvemymedia.com/pt/velocidade-do-video
https://solvemymedia.com/ro/viteza-video
https://solvemymedia.com/ru/skorost-video
https://solvemymedia.com/sk/rychlost-videa
https://solvemymedia.com/sv/videohastighet
https://solvemymedia.com/th/khwaamerwwidiio
https://solvemymedia.com/th/kwam-rew-wideo
https://solvemymedia.com/tr/video-hizi
https://solvemymedia.com/uk/shvidkist-video
https://solvemymedia.com/vi/toc-do-video
https://solvemymedia.com/video-speed
https://solvemymedia.com/video-speed
https://solvemymedia.com/zh/shi-pin-su-du","200
404
200
200
200
200
404
200
200
404
200
404
404
404
200
200
200
200
200
200
404
200
404
404
200
200
200
200
200
200
404
200
200
404
200
200
200
200
200
200","More than one page is linked for the same language
Some pages are not returning 200 status code",927488645351648793,37,37
21,https://solvemymedia.com/sv/beskara-video,"Crop Video Online - Gratis Video Cropper Tool - SolveMyMedia
SolveMyMedia - Free Online Media Optimization Tools",text/html; charset=utf-8,false,200,0,true,"https://solvemymedia.com/ar/fydyw-lmhsyl
https://solvemymedia.com/ar/qtaalfidyo
https://solvemymedia.com/crop-video
https://solvemymedia.com/crop-video
https://solvemymedia.com/cs/orezat-video
https://solvemymedia.com/cs/oriznout-video
https://solvemymedia.com/da/beskaer-video
https://solvemymedia.com/da/beskare-video
https://solvemymedia.com/de/video-zuschneiden
https://solvemymedia.com/el/kopsi-video
https://solvemymedia.com/el/perikopi-vinteo
https://solvemymedia.com/es/recortar-video
https://solvemymedia.com/fi/rajaa-video
https://solvemymedia.com/fr/video-de-recadrage
https://solvemymedia.com/he/gzor-video
https://solvemymedia.com/he/khytvk-srtvn
https://solvemymedia.com/hi/phsl-viiddiyo
https://solvemymedia.com/hi/video-crop-kare
https://solvemymedia.com/hu/vagja-le-a-videot
https://solvemymedia.com/hu/video-vagasa
https://solvemymedia.com/id/potong-video
https://solvemymedia.com/it/ritaglia-video
https://solvemymedia.com/it/ritagliare-il-video
https://solvemymedia.com/ja/bideowokurotupusuru
https://solvemymedia.com/ko/bidio-jallagi
https://solvemymedia.com/ko/bidio-jareugi
https://solvemymedia.com/ms/pangkas-video
https://solvemymedia.com/ms/potong-video
https://solvemymedia.com/nl/video-bijsnijden
https://solvemymedia.com/no/beskjaer-video
https://solvemymedia.com/no/beskjaere-video
https://solvemymedia.com/pl/przytnij-wideo
https://solvemymedia.com/pt/cortar-video
https://solvemymedia.com/ro/decupati-videoclipul
https://solvemymedia.com/ro/taie-video
https://solvemymedia.com/ru/obrezat-video
https://solvemymedia.com/sk/orezat-video
https://solvemymedia.com/sv/beskara-video
https://solvemymedia.com/th/khrbtadwidiio
https://solvemymedia.com/th/krot-wideo
https://solvemymedia.com/tr/video-kirp
https://solvemymedia.com/tr/videoyu-kirp
https://solvemymedia.com/uk/kadruvannya-video
https://solvemymedia.com/uk/obrizati-video
https://solvemymedia.com/vi/cat-video
https://solvemymedia.com/zh/cai-jian-shi-pin
https://solvemymedia.com/zh/jian-jie-shi-pin","200
404
200
200
404
200
200
404
200
404
200
200
200
200
404
404
200
404
200
404
200
404
200
200
404
200
200
404
200
404
200
200
200
200
404
200
404
200
200
404
404
200
200
404
200
200
404","More than one page is linked for the same language
Some pages are not returning 200 status code",16724027953909618260,44,44
21,https://solvemymedia.com/nl/audio-comprimeren,"Audio online comprimeren - Gratis audiocompressor - SolveMyMedia
SolveMyMedia - Free Online Media Optimization Tools",text/html; charset=utf-8,false,200,0,true,"https://solvemymedia.com/ar/dght-alsawt
https://solvemymedia.com/ar/dgt-lswt
https://solvemymedia.com/compress-audio
https://solvemymedia.com/compress-audio
https://solvemymedia.com/cs/komprimovat-audio
https://solvemymedia.com/cs/komprimovat-zvuk
https://solvemymedia.com/da/komprimer-lyd
https://solvemymedia.com/da/komprimere-lyd
https://solvemymedia.com/de/audio-komprimieren
https://solvemymedia.com/el/symnpiesost-audio
https://solvemymedia.com/el/sympiesi-ihoy
https://solvemymedia.com/es/comprimir-audio
https://solvemymedia.com/fi/pakkaa-aanta
https://solvemymedia.com/fi/pakkaa-audio
https://solvemymedia.com/fr/compresser-laudio
https://solvemymedia.com/he/dchisot-audio
https://solvemymedia.com/he/ldkhvs-vdyv
https://solvemymedia.com/hi/audio-compress-kare
https://solvemymedia.com/hi/onddiyo-snpiiddit-kren
https://solvemymedia.com/hu/hang-tomoritese
https://solvemymedia.com/hu/tomoriti-a-hangot
https://solvemymedia.com/id/kompres-audio
https://solvemymedia.com/it/comprimere-laudio
https://solvemymedia.com/it/comprimi-audio
https://solvemymedia.com/ja/odeiowoya-suo-suru
https://solvemymedia.com/ko/odio-abcug
https://solvemymedia.com/ko/odio-apchuk
https://solvemymedia.com/ms/mampat-audio
https://solvemymedia.com/ms/memampatkan-audio
https://solvemymedia.com/nl/audio-comprimeren
https://solvemymedia.com/no/komprimere-lyd
https://solvemymedia.com/pl/kompresowac-dzwiek
https://solvemymedia.com/pl/kompresuj-audio
https://solvemymedia.com/pt/comprimir-audio
https://solvemymedia.com/ro/comprima-audio
https://solvemymedia.com/ru/szhat-audio
https://solvemymedia.com/ru/szhimat-audio
https://solvemymedia.com/sk/komprimovat-audio
https://solvemymedia.com/sk/komprimovat-zvuk
https://solvemymedia.com/sv/komprimera-ljud
https://solvemymedia.com/th/biibadesiiyng
https://solvemymedia.com/th/ko-op-audio
https://solvemymedia.com/tr/ses-sikistir
https://solvemymedia.com/tr/sesi-sikistir
https://solvemymedia.com/uk/stiskati-audio
https://solvemymedia.com/uk/sty-snuti-audio
https://solvemymedia.com/vi/nen-am-thanh
https://solvemymedia.com/zh/ya-suo-yin-pin","404
200
200
200
404
200
404
200
200
404
200
200
200
404
200
404
404
404
200
404
200
200
200
404
200
200
404
404
200
200
200
200
404
200
200
404
200
404
404
200
200
404
404
200
200
404
200
200","More than one page is linked for the same language
Some pages don't include hreflang links to all the other pages of the group
Some pages are not returning 200 status code",5785178085625259770,44,44
21,https://solvemymedia.com/nl/video-bijsnijden,"Video online bijsnijden - Gratis tool voor het bijsnijden van video's - SolveMyMedia
SolveMyMedia - Free Online Media Optimization Tools",text/html; charset=utf-8,false,200,0,true,"https://solvemymedia.com/ar/fydyw-lmhsyl
https://solvemymedia.com/ar/qtaalfidyo
https://solvemymedia.com/crop-video
https://solvemymedia.com/crop-video
https://solvemymedia.com/cs/orezat-video
https://solvemymedia.com/cs/oriznout-video
https://solvemymedia.com/da/beskaer-video
https://solvemymedia.com/da/beskare-video
https://solvemymedia.com/de/video-zuschneiden
https://solvemymedia.com/el/kopsi-video
https://solvemymedia.com/el/perikopi-vinteo
https://solvemymedia.com/es/recortar-video
https://solvemymedia.com/fi/rajaa-video
https://solvemymedia.com/fr/video-de-recadrage
https://solvemymedia.com/he/gzor-video
https://solvemymedia.com/he/khytvk-srtvn
https://solvemymedia.com/hi/phsl-viiddiyo
https://solvemymedia.com/hi/video-crop-kare
https://solvemymedia.com/hu/vagja-le-a-videot
https://solvemymedia.com/hu/video-vagasa
https://solvemymedia.com/id/potong-video
https://solvemymedia.com/it/ritaglia-video
https://solvemymedia.com/it/ritagliare-il-video
https://solvemymedia.com/ja/bideowokurotupusuru
https://solvemymedia.com/ko/bidio-jallagi
https://solvemymedia.com/ko/bidio-jareugi
https://solvemymedia.com/ms/pangkas-video
https://solvemymedia.com/ms/potong-video
https://solvemymedia.com/nl/video-bijsnijden
https://solvemymedia.com/no/beskjaer-video
https://solvemymedia.com/no/beskjaere-video
https://solvemymedia.com/pl/przytnij-wideo
https://solvemymedia.com/pt/cortar-video
https://solvemymedia.com/ro/decupati-videoclipul
https://solvemymedia.com/ro/taie-video
https://solvemymedia.com/ru/obrezat-video
https://solvemymedia.com/sk/orezat-video
https://solvemymedia.com/sv/beskara-video
https://solvemymedia.com/th/khrbtadwidiio
https://solvemymedia.com/th/krot-wideo
https://solvemymedia.com/tr/video-kirp
https://solvemymedia.com/tr/videoyu-kirp
https://solvemymedia.com/uk/kadruvannya-video
https://solvemymedia.com/uk/obrizati-video
https://solvemymedia.com/vi/cat-video
https://solvemymedia.com/zh/cai-jian-shi-pin
https://solvemymedia.com/zh/jian-jie-shi-pin","200
404
200
200
404
200
200
404
200
404
200
200
200
200
404
404
200
404
200
404
200
404
200
200
404
200
200
404
200
404
200
200
200
200
404
200
404
200
200
404
404
200
200
404
200
200
404","More than one page is linked for the same language
Some pages are not returning 200 status code",16724027953909618260,44,44
21,https://solvemymedia.com/sv/video-till-ljud,"Extrahera ljud från video - Video till MP3 Converter - SolveMyMedia
SolveMyMedia - Free Online Media Optimization Tools",text/html; charset=utf-8,false,200,0,true,"https://solvemymedia.com/ar/fidyo-ila-sawt
https://solvemymedia.com/ar/lfydyw-l-lswt
https://solvemymedia.com/cs/video-na-audio
https://solvemymedia.com/cs/video-na-zvuk
https://solvemymedia.com/da/video-til-lyd
https://solvemymedia.com/de/video-zu-audio
https://solvemymedia.com/el/video-se-audio
https://solvemymedia.com/el/vinteo-se-iho
https://solvemymedia.com/es/video-a-audio
https://solvemymedia.com/fi/video-audioksi
https://solvemymedia.com/fi/videosta-aaneksi
https://solvemymedia.com/fr/video-en-audio
https://solvemymedia.com/he/video-leaudio
https://solvemymedia.com/he/vydv-lvdyv
https://solvemymedia.com/hi/video-se-audio
https://solvemymedia.com/hi/viiddiyo-se-onddiyo
https://solvemymedia.com/hu/video-hanggya
https://solvemymedia.com/hu/videorol-hangra
https://solvemymedia.com/id/video-ke-audio
https://solvemymedia.com/it/video-in-audio
https://solvemymedia.com/ja/bideokaraodeiohe
https://solvemymedia.com/ko/bidio-eseo-odio
https://solvemymedia.com/ko/bidioreul-odioro
https://solvemymedia.com/ms/video-ke-audio
https://solvemymedia.com/ms/video-kepada-audio
https://solvemymedia.com/nl/video-naar-audio
https://solvemymedia.com/no/video-til-lyd
https://solvemymedia.com/pl/wideo-do-dzwieku
https://solvemymedia.com/pl/wideo-na-audio
https://solvemymedia.com/pt/video-para-audio
https://solvemymedia.com/ro/video-in-audio
https://solvemymedia.com/ro/video-la-audio
https://solvemymedia.com/ru/video-v-audio
https://solvemymedia.com/sk/video-na-audio
https://solvemymedia.com/sk/video-na-zvuk
https://solvemymedia.com/sv/video-till-ljud
https://solvemymedia.com/th/wideo-phen-siang
https://solvemymedia.com/th/widiioepnesiiyng
https://solvemymedia.com/tr/videodan-ses
https://solvemymedia.com/tr/videodan-sese
https://solvemymedia.com/uk/video-v-audio
https://solvemymedia.com/vi/video-sang-am-thanh
https://solvemymedia.com/vi/video-thanh-am-thanh
https://solvemymedia.com/video-to-audio
https://solvemymedia.com/video-to-audio
https://solvemymedia.com/zh/shi-pin-zhuan-yin-pin","404
200
404
200
200
200
404
200
200
404
200
200
404
404
404
200
404
200
200
200
200
404
200
404
200
200
200
200
404
200
200
404
200
404
404
200
404
200
404
200
200
404
200
200
200
200","More than one page is linked for the same language
Some pages don't include hreflang links to all the other pages of the group
Some pages are not returning 200 status code",2926664764167155975,42,42
