PR,URL,Title,Content type,Is rendered page,HTTP status code,Organic traffic,Is indexable page,Hreflang links,Hreflang links codes,Hreflang issues,Hreflang group ID,No. of hreflang inlinks,No. of all inlinks
23,https://solvemymedia.com/compress-video,SolveMyMedia - Free Online Media Optimization Tools,text/html; charset=utf-8,false,200,0,true,"https://solvemymedia.com/ar/dght-alfidyo
https://solvemymedia.com/compress-video
https://solvemymedia.com/compress-video
https://solvemymedia.com/cs/komprimovat-video
https://solvemymedia.com/da/komprimer-video
https://solvemymedia.com/de/video-komprimieren
https://solvemymedia.com/el/symnpiesost-video
https://solvemymedia.com/es/comprimir-video
https://solvemymedia.com/fi/pakkaa-video
https://solvemymedia.com/fr/compresser-la-video
https://solvemymedia.com/he/dchisot-video
https://solvemymedia.com/hi/video-compress-kare
https://solvemymedia.com/hu/video-tomoritese
https://solvemymedia.com/id/kompres-video
https://solvemymedia.com/it/comprimi-video
https://solvemymedia.com/ja/bideowoya-suo-suru
https://solvemymedia.com/ko/bidio-apchuk
https://solvemymedia.com/ms/mampat-video
https://solvemymedia.com/nl/video-comprimeren
https://solvemymedia.com/no/komprimere-video
https://solvemymedia.com/pl/kompresuj-wideo
https://solvemymedia.com/pt/comprimir-video
https://solvemymedia.com/ro/comprima-video
https://solvemymedia.com/ru/szhat-video
https://solvemymedia.com/sk/komprimovat-video
https://solvemymedia.com/sv/komprimera-video
https://solvemymedia.com/th/ko-op-wideo
https://solvemymedia.com/tr/video-sikistir
https://solvemymedia.com/uk/sty-snuti-video
https://solvemymedia.com/vi/nen-video
https://solvemymedia.com/zh/ya-suo-shi-pin","404
200
200
200
404
200
404
200
200
200
404
404
200
200
404
200
404
404
200
200
404
404
200
404
404
200
404
404
404
200
200","Some pages don't include hreflang links to all the other pages of the group
Some pages are not returning 200 status code",926993157700666916,84,84
23,https://solvemymedia.com/create-gif,SolveMyMedia - Free Online Media Optimization Tools,text/html; charset=utf-8,false,200,0,true,"https://solvemymedia.com/ar/anshaaa-gif
https://solvemymedia.com/create-gif
https://solvemymedia.com/create-gif
https://solvemymedia.com/cs/vytvorit-gif
https://solvemymedia.com/da/opret-gif
https://solvemymedia.com/de/gif-erstellen
https://solvemymedia.com/el/dimioyrgia-gif
https://solvemymedia.com/es/crear-gif
https://solvemymedia.com/fi/luo-gif
https://solvemymedia.com/fr/creer-un-gif
https://solvemymedia.com/he/tzor-gif
https://solvemymedia.com/hi/gif-banaye
https://solvemymedia.com/hu/gif-letrehozasa
https://solvemymedia.com/id/membuat-gif
https://solvemymedia.com/it/crea-gif
https://solvemymedia.com/ja/gifwozuo-cheng
https://solvemymedia.com/ko/gif-mandeulgi
https://solvemymedia.com/ms/buat-gif
https://solvemymedia.com/nl/gif-maken
https://solvemymedia.com/no/lag-gif
https://solvemymedia.com/pl/stworz-gif
https://solvemymedia.com/pt/criar-gif
https://solvemymedia.com/ro/creeaza-gif
https://solvemymedia.com/ru/sozdat-gif
https://solvemymedia.com/sk/vytvorit-gif
https://solvemymedia.com/sv/skapa-gif
https://solvemymedia.com/th/sang-gif
https://solvemymedia.com/tr/gif-olustur
https://solvemymedia.com/uk/stvoriti-gif
https://solvemymedia.com/vi/tao-gif
https://solvemymedia.com/zh/chuang-jian-gif","404
200
200
200
404
200
200
200
200
200
404
404
200
200
404
200
200
200
200
404
404
200
404
404
404
200
404
200
200
404
200","Some pages don't include hreflang links to all the other pages of the group
Some pages are not returning 200 status code",17321000843242609092,78,78
23,https://solvemymedia.com/convert-video,SolveMyMedia - Free Online Media Optimization Tools,text/html; charset=utf-8,false,200,0,true,"https://solvemymedia.com/ar/thwyl-alfidyo
https://solvemymedia.com/convert-video
https://solvemymedia.com/convert-video
https://solvemymedia.com/cs/konvertovat-video
https://solvemymedia.com/da/konverter-video
https://solvemymedia.com/de/video-konvertieren
https://solvemymedia.com/el/metaporpe-video
https://solvemymedia.com/es/convertir-video
https://solvemymedia.com/fi/muunna-video
https://solvemymedia.com/fr/convertir-une-video
https://solvemymedia.com/he/hmr-video
https://solvemymedia.com/hi/video-convert-kare
https://solvemymedia.com/hu/video-konvertalasa
https://solvemymedia.com/id/mengkonversi-video
https://solvemymedia.com/it/converti-video
https://solvemymedia.com/ja/bideowobian-huan-suru
https://solvemymedia.com/ko/bidio-byeonhwan
https://solvemymedia.com/ms/tukar-video
https://solvemymedia.com/nl/video-converteren
https://solvemymedia.com/no/konvertere-video
https://solvemymedia.com/pl/konwertuj-wideo
https://solvemymedia.com/pt/converter-video
https://solvemymedia.com/ro/converteste-video
https://solvemymedia.com/ru/konvertirovat-video
https://solvemymedia.com/sk/konvertovat-video
https://solvemymedia.com/sv/konvertera-video
https://solvemymedia.com/th/pli-an-wideo
https://solvemymedia.com/tr/video-donustur
https://solvemymedia.com/uk/konvertuvati-video
https://solvemymedia.com/vi/chuyen-doi-video
https://solvemymedia.com/zh/zhuan-huan-shi-pin","404
200
200
404
404
200
404
200
404
200
404
404
200
200
404
200
200
404
200
200
200
200
404
200
404
200
404
404
200
200
200","Some pages don't include hreflang links to all the other pages of the group
Some pages are not returning 200 status code",3718947784658654109,80,80
23,https://solvemymedia.com/transcribe,SolveMyMedia - Free Online Media Optimization Tools,text/html; charset=utf-8,false,200,0,true,"https://solvemymedia.com/ar/nasg-alsawt
https://solvemymedia.com/cs/prepsat
https://solvemymedia.com/da/transskriber
https://solvemymedia.com/de/transkribieren
https://solvemymedia.com/el/apografos
https://solvemymedia.com/es/transcribir
https://solvemymedia.com/fi/litteroi
https://solvemymedia.com/fr/transcrire
https://solvemymedia.com/he/taktur
https://solvemymedia.com/hi/transcript-kare
https://solvemymedia.com/hu/atiratas
https://solvemymedia.com/id/menuliskan
https://solvemymedia.com/it/trascrivi
https://solvemymedia.com/ja/zhuan-xie-suru
https://solvemymedia.com/ko/teuksi-keurib
https://solvemymedia.com/ms/transkripsi
https://solvemymedia.com/nl/transcriberen
https://solvemymedia.com/no/transkriben
https://solvemymedia.com/pl/transkrybuj
https://solvemymedia.com/pt/transcrever
https://solvemymedia.com/ro/transcrie
https://solvemymedia.com/ru/transkribirovat
https://solvemymedia.com/sk/prepis
https://solvemymedia.com/sv/transkribera
https://solvemymedia.com/th/thod-siang
https://solvemymedia.com/tr/metne-donustur
https://solvemymedia.com/transcribe
https://solvemymedia.com/transcribe
https://solvemymedia.com/uk/transkriba
https://solvemymedia.com/vi/sao-chep-am-thanh
https://solvemymedia.com/zh/zhuan-lu","404
200
404
200
404
200
404
200
404
404
404
200
404
200
404
200
200
404
404
200
200
404
404
200
404
404
200
200
404
404
404","Some pages don't include hreflang links to all the other pages of the group
Some pages are not returning 200 status code",18018002683997770484,90,90
23,https://solvemymedia.com/compress-audio,SolveMyMedia - Free Online Media Optimization Tools,text/html; charset=utf-8,false,200,0,true,"https://solvemymedia.com/ar/dght-alsawt
https://solvemymedia.com/compress-audio
https://solvemymedia.com/compress-audio
https://solvemymedia.com/cs/komprimovat-audio
https://solvemymedia.com/da/komprimer-lyd
https://solvemymedia.com/de/audio-komprimieren
https://solvemymedia.com/el/symnpiesost-audio
https://solvemymedia.com/es/comprimir-audio
https://solvemymedia.com/fi/pakkaa-audio
https://solvemymedia.com/fr/compresser-laudio
https://solvemymedia.com/he/dchisot-audio
https://solvemymedia.com/hi/audio-compress-kare
https://solvemymedia.com/hu/hang-tomoritese
https://solvemymedia.com/id/kompres-audio
https://solvemymedia.com/it/comprimi-audio
https://solvemymedia.com/ja/odeiowoya-suo-suru
https://solvemymedia.com/ko/odio-apchuk
https://solvemymedia.com/ms/mampat-audio
https://solvemymedia.com/nl/audio-comprimeren
https://solvemymedia.com/no/komprimere-lyd
https://solvemymedia.com/pl/kompresuj-audio
https://solvemymedia.com/pt/comprimir-audio
https://solvemymedia.com/ro/comprima-audio
https://solvemymedia.com/ru/szhat-audio
https://solvemymedia.com/sk/komprimovat-audio
https://solvemymedia.com/sv/komprimera-ljud
https://solvemymedia.com/th/ko-op-audio
https://solvemymedia.com/tr/ses-sikistir
https://solvemymedia.com/uk/sty-snuti-audio
https://solvemymedia.com/vi/nen-am-thanh
https://solvemymedia.com/zh/ya-suo-yin-pin","404
200
200
404
404
200
404
200
404
200
404
404
404
200
404
200
404
404
200
200
404
200
200
404
404
200
404
404
404
200
200","Some pages don't include hreflang links to all the other pages of the group
Some pages are not returning 200 status code",15751597338238142846,88,88
23,https://solvemymedia.com/recorder,SolveMyMedia - Free Online Media Optimization Tools,text/html; charset=utf-8,false,200,0,true,"https://solvemymedia.com/ar/mjl-alshashat
https://solvemymedia.com/cs/zaznamnik
https://solvemymedia.com/da/optager
https://solvemymedia.com/de/recorder
https://solvemymedia.com/el/egrafos
https://solvemymedia.com/es/grabadora
https://solvemymedia.com/fi/tallennus
https://solvemymedia.com/fr/enregistreur
https://solvemymedia.com/he/mekolet
https://solvemymedia.com/hi/recorder
https://solvemymedia.com/hu/felvetel
https://solvemymedia.com/id/perekam
https://solvemymedia.com/it/registratore
https://solvemymedia.com/ja/rekoda
https://solvemymedia.com/ko/rikhoda
https://solvemymedia.com/ms/perakam
https://solvemymedia.com/nl/recorder
https://solvemymedia.com/no/opptak
https://solvemymedia.com/pl/rejestrator
https://solvemymedia.com/pt/gravador
https://solvemymedia.com/recorder
https://solvemymedia.com/recorder
https://solvemymedia.com/ro/inregistrator
https://solvemymedia.com/ru/zapis
https://solvemymedia.com/sk/zaznamnik
https://solvemymedia.com/sv/inspelning
https://solvemymedia.com/th/banthuek
https://solvemymedia.com/tr/ekran-kaydet
https://solvemymedia.com/uk/zapis-ekrana
https://solvemymedia.com/vi/may-ghi-am
https://solvemymedia.com/zh/lu-zhi","404
200
200
200
404
200
404
200
404
404
404
200
200
200
404
200
404
404
200
404
200
200
404
404
404
404
404
404
404
200
200","Some pages don't include hreflang links to all the other pages of the group
Some pages are not returning 200 status code",13053328488067442562,90,90
23,https://solvemymedia.com/video-to-audio,SolveMyMedia - Free Online Media Optimization Tools,text/html; charset=utf-8,false,200,0,true,"https://solvemymedia.com/ar/fidyo-ila-sawt
https://solvemymedia.com/cs/video-na-audio
https://solvemymedia.com/da/video-til-lyd
https://solvemymedia.com/de/video-zu-audio
https://solvemymedia.com/el/video-se-audio
https://solvemymedia.com/es/video-a-audio
https://solvemymedia.com/fi/video-audioksi
https://solvemymedia.com/fr/video-en-audio
https://solvemymedia.com/he/video-leaudio
https://solvemymedia.com/hi/video-se-audio
https://solvemymedia.com/hu/video-hanggya
https://solvemymedia.com/id/video-ke-audio
https://solvemymedia.com/it/video-in-audio
https://solvemymedia.com/ja/bideokaraodeiohe
https://solvemymedia.com/ko/bidio-eseo-odio
https://solvemymedia.com/ms/video-ke-audio
https://solvemymedia.com/nl/video-naar-audio
https://solvemymedia.com/no/video-til-lyd
https://solvemymedia.com/pl/wideo-na-audio
https://solvemymedia.com/pt/video-para-audio
https://solvemymedia.com/ro/video-la-audio
https://solvemymedia.com/ru/video-v-audio
https://solvemymedia.com/sk/video-na-audio
https://solvemymedia.com/sv/video-till-ljud
https://solvemymedia.com/th/wideo-phen-siang
https://solvemymedia.com/tr/videodan-ses
https://solvemymedia.com/uk/video-v-audio
https://solvemymedia.com/vi/video-sang-am-thanh
https://solvemymedia.com/video-to-audio
https://solvemymedia.com/video-to-audio
https://solvemymedia.com/zh/shi-pin-zhuan-yin-pin","404
404
200
200
404
200
404
200
404
404
404
200
200
200
404
404
200
200
404
200
404
200
404
200
404
404
200
404
200
200
200","Some pages don't include hreflang links to all the other pages of the group
Some pages are not returning 200 status code",15900650683568568810,84,84
23,https://solvemymedia.com/convert-audio,SolveMyMedia - Free Online Media Optimization Tools,text/html; charset=utf-8,false,200,0,true,"https://solvemymedia.com/ar/thwyl-alsawt
https://solvemymedia.com/convert-audio
https://solvemymedia.com/convert-audio
https://solvemymedia.com/cs/konvertovat-audio
https://solvemymedia.com/da/konverter-lyd
https://solvemymedia.com/de/audio-konvertieren
https://solvemymedia.com/el/metaporpe-audio
https://solvemymedia.com/es/convertir-audio
https://solvemymedia.com/fi/muunna-audio
https://solvemymedia.com/fr/convertir-laudio
https://solvemymedia.com/he/hmr-audio
https://solvemymedia.com/hi/audio-convert-kare
https://solvemymedia.com/hu/hang-konvertalasa
https://solvemymedia.com/id/mengkonversi-audio
https://solvemymedia.com/it/converti-audio
https://solvemymedia.com/ja/odeiowobian-huan-suru
https://solvemymedia.com/ko/odio-byeonhwan
https://solvemymedia.com/ms/tukar-audio
https://solvemymedia.com/nl/audio-converteren
https://solvemymedia.com/no/konvertere-lyd
https://solvemymedia.com/pl/konwertuj-audio
https://solvemymedia.com/pt/converter-audio
https://solvemymedia.com/ro/converteste-audio
https://solvemymedia.com/ru/konvertirovat-audio
https://solvemymedia.com/sk/konvertovat-audio
https://solvemymedia.com/sv/konvertera-ljud
https://solvemymedia.com/th/pli-an-audio
https://solvemymedia.com/tr/ses-donustur
https://solvemymedia.com/uk/konvertuvati-audio
https://solvemymedia.com/vi/chuyen-doi-am-thanh
https://solvemymedia.com/zh/zhuan-huan-yin-pin","404
200
200
404
404
200
404
200
404
200
404
404
404
200
404
200
200
404
200
200
404
200
404
200
404
200
404
404
200
200
200","Some pages don't include hreflang links to all the other pages of the group
Some pages are not returning 200 status code",9570318248645165765,84,84
22,https://solvemymedia.com/ja/rekoda,"画面と音声レコーダー - 無料のスタジオ録音 - SolveMyMedia
SolveMyMedia - Free Online Media Optimization Tools",text/html; charset=utf-8,false,200,0,true,"https://solvemymedia.com/ar/mjl-alshashat
https://solvemymedia.com/ar/msjl
https://solvemymedia.com/cs/zaznamnik
https://solvemymedia.com/da/optager
https://solvemymedia.com/de/recorder
https://solvemymedia.com/el/egrafos
https://solvemymedia.com/el/mihanima-eggrafis
https://solvemymedia.com/es/grabadora
https://solvemymedia.com/fi/tallennin
https://solvemymedia.com/fi/tallennus
https://solvemymedia.com/fr/enregistreur
https://solvemymedia.com/he/maqliyt
https://solvemymedia.com/he/mekolet
https://solvemymedia.com/hi/recorder
https://solvemymedia.com/hi/rikonrddr
https://solvemymedia.com/hu/felvetel
https://solvemymedia.com/hu/felvevo
https://solvemymedia.com/id/perekam
https://solvemymedia.com/it/registratore
https://solvemymedia.com/ja/rekoda
https://solvemymedia.com/ko/giroggye
https://solvemymedia.com/ko/rikhoda
https://solvemymedia.com/ms/perakam
https://solvemymedia.com/nl/opnameapparaat
https://solvemymedia.com/nl/recorder
https://solvemymedia.com/no/opptak
https://solvemymedia.com/no/opptaker
https://solvemymedia.com/pl/rejestrator
https://solvemymedia.com/pt/gravador
https://solvemymedia.com/pt/gravadora
https://solvemymedia.com/recorder
https://solvemymedia.com/recorder
https://solvemymedia.com/ro/inregistrator
https://solvemymedia.com/ro/recorder
https://solvemymedia.com/ru/diktofon
https://solvemymedia.com/ru/zapis
https://solvemymedia.com/sk/zaznamnik
https://solvemymedia.com/sv/inspelare
https://solvemymedia.com/sv/inspelning
https://solvemymedia.com/th/banthuek
https://solvemymedia.com/th/ekhruuengbanthuek
https://solvemymedia.com/tr/ekran-kaydet
https://solvemymedia.com/tr/kaydedici
https://solvemymedia.com/uk/diktofon
https://solvemymedia.com/uk/zapis-ekrana
https://solvemymedia.com/vi/may-ghi-am
https://solvemymedia.com/zh/lu-yin-ji
https://solvemymedia.com/zh/lu-zhi","404
200
200
200
200
404
200
200
200
404
200
404
404
404
200
404
200
200
200
200
200
404
200
200
404
404
200
200
404
200
200
200
404
200
200
404
404
200
404
404
200
404
200
200
404
200
200
200","More than one page is linked for the same language
Some pages don't include hreflang links to all the other pages of the group
Some pages are not returning 200 status code",774500295674417905,45,45
22,https://solvemymedia.com/es/grabadora,"Grabador de pantalla y audio: grabación de estudio gratuita - SolveMyMedia
SolveMyMedia - Free Online Media Optimization Tools",text/html; charset=utf-8,false,200,0,true,"https://solvemymedia.com/ar/mjl-alshashat
https://solvemymedia.com/ar/msjl
https://solvemymedia.com/cs/zaznamnik
https://solvemymedia.com/da/optager
https://solvemymedia.com/de/recorder
https://solvemymedia.com/el/egrafos
https://solvemymedia.com/el/mihanima-eggrafis
https://solvemymedia.com/es/grabadora
https://solvemymedia.com/fi/tallennin
https://solvemymedia.com/fi/tallennus
https://solvemymedia.com/fr/enregistreur
https://solvemymedia.com/he/maqliyt
https://solvemymedia.com/he/mekolet
https://solvemymedia.com/hi/recorder
https://solvemymedia.com/hi/rikonrddr
https://solvemymedia.com/hu/felvetel
https://solvemymedia.com/hu/felvevo
https://solvemymedia.com/id/perekam
https://solvemymedia.com/it/registratore
https://solvemymedia.com/ja/rekoda
https://solvemymedia.com/ko/giroggye
https://solvemymedia.com/ko/rikhoda
https://solvemymedia.com/ms/perakam
https://solvemymedia.com/nl/opnameapparaat
https://solvemymedia.com/nl/recorder
https://solvemymedia.com/no/opptak
https://solvemymedia.com/no/opptaker
https://solvemymedia.com/pl/rejestrator
https://solvemymedia.com/pt/gravador
https://solvemymedia.com/pt/gravadora
https://solvemymedia.com/recorder
https://solvemymedia.com/recorder
https://solvemymedia.com/ro/inregistrator
https://solvemymedia.com/ro/recorder
https://solvemymedia.com/ru/diktofon
https://solvemymedia.com/ru/zapis
https://solvemymedia.com/sk/zaznamnik
https://solvemymedia.com/sv/inspelare
https://solvemymedia.com/sv/inspelning
https://solvemymedia.com/th/banthuek
https://solvemymedia.com/th/ekhruuengbanthuek
https://solvemymedia.com/tr/ekran-kaydet
https://solvemymedia.com/tr/kaydedici
https://solvemymedia.com/uk/diktofon
https://solvemymedia.com/uk/zapis-ekrana
https://solvemymedia.com/vi/may-ghi-am
https://solvemymedia.com/zh/lu-yin-ji
https://solvemymedia.com/zh/lu-zhi","404
200
200
200
200
404
200
200
200
404
200
404
404
404
200
404
200
200
200
200
200
404
200
200
404
404
200
200
404
200
200
200
404
200
200
404
404
200
404
404
200
404
200
200
404
200
200
200","More than one page is linked for the same language
Some pages don't include hreflang links to all the other pages of the group
Some pages are not returning 200 status code",774500295674417905,45,45
22,https://solvemymedia.com/it/registratore,"Registratore schermo e audio: registrazione in studio gratuita - SolveMyMedia
SolveMyMedia - Free Online Media Optimization Tools",text/html; charset=utf-8,false,200,0,true,"https://solvemymedia.com/ar/mjl-alshashat
https://solvemymedia.com/ar/msjl
https://solvemymedia.com/cs/zaznamnik
https://solvemymedia.com/da/optager
https://solvemymedia.com/de/recorder
https://solvemymedia.com/el/egrafos
https://solvemymedia.com/el/mihanima-eggrafis
https://solvemymedia.com/es/grabadora
https://solvemymedia.com/fi/tallennin
https://solvemymedia.com/fi/tallennus
https://solvemymedia.com/fr/enregistreur
https://solvemymedia.com/he/maqliyt
https://solvemymedia.com/he/mekolet
https://solvemymedia.com/hi/recorder
https://solvemymedia.com/hi/rikonrddr
https://solvemymedia.com/hu/felvetel
https://solvemymedia.com/hu/felvevo
https://solvemymedia.com/id/perekam
https://solvemymedia.com/it/registratore
https://solvemymedia.com/ja/rekoda
https://solvemymedia.com/ko/giroggye
https://solvemymedia.com/ko/rikhoda
https://solvemymedia.com/ms/perakam
https://solvemymedia.com/nl/opnameapparaat
https://solvemymedia.com/nl/recorder
https://solvemymedia.com/no/opptak
https://solvemymedia.com/no/opptaker
https://solvemymedia.com/pl/rejestrator
https://solvemymedia.com/pt/gravador
https://solvemymedia.com/pt/gravadora
https://solvemymedia.com/recorder
https://solvemymedia.com/recorder
https://solvemymedia.com/ro/inregistrator
https://solvemymedia.com/ro/recorder
https://solvemymedia.com/ru/diktofon
https://solvemymedia.com/ru/zapis
https://solvemymedia.com/sk/zaznamnik
https://solvemymedia.com/sv/inspelare
https://solvemymedia.com/sv/inspelning
https://solvemymedia.com/th/banthuek
https://solvemymedia.com/th/ekhruuengbanthuek
https://solvemymedia.com/tr/ekran-kaydet
https://solvemymedia.com/tr/kaydedici
https://solvemymedia.com/uk/diktofon
https://solvemymedia.com/uk/zapis-ekrana
https://solvemymedia.com/vi/may-ghi-am
https://solvemymedia.com/zh/lu-yin-ji
https://solvemymedia.com/zh/lu-zhi","404
200
200
200
200
404
200
200
200
404
200
404
404
404
200
404
200
200
200
200
200
404
200
200
404
404
200
200
404
200
200
200
404
200
200
404
404
200
404
404
200
404
200
200
404
200
200
200","More than one page is linked for the same language
Some pages don't include hreflang links to all the other pages of the group
Some pages are not returning 200 status code",774500295674417905,45,45
22,https://solvemymedia.com/cs/zaznamnik,"Screen & Audio Recorder – bezplatné studiové nahrávání - SolveMyMedia
SolveMyMedia - Free Online Media Optimization Tools",text/html; charset=utf-8,false,200,0,true,"https://solvemymedia.com/ar/mjl-alshashat
https://solvemymedia.com/ar/msjl
https://solvemymedia.com/cs/zaznamnik
https://solvemymedia.com/da/optager
https://solvemymedia.com/de/recorder
https://solvemymedia.com/el/egrafos
https://solvemymedia.com/el/mihanima-eggrafis
https://solvemymedia.com/es/grabadora
https://solvemymedia.com/fi/tallennin
https://solvemymedia.com/fi/tallennus
https://solvemymedia.com/fr/enregistreur
https://solvemymedia.com/he/maqliyt
https://solvemymedia.com/he/mekolet
https://solvemymedia.com/hi/recorder
https://solvemymedia.com/hi/rikonrddr
https://solvemymedia.com/hu/felvetel
https://solvemymedia.com/hu/felvevo
https://solvemymedia.com/id/perekam
https://solvemymedia.com/it/registratore
https://solvemymedia.com/ja/rekoda
https://solvemymedia.com/ko/giroggye
https://solvemymedia.com/ko/rikhoda
https://solvemymedia.com/ms/perakam
https://solvemymedia.com/nl/opnameapparaat
https://solvemymedia.com/nl/recorder
https://solvemymedia.com/no/opptak
https://solvemymedia.com/no/opptaker
https://solvemymedia.com/pl/rejestrator
https://solvemymedia.com/pt/gravador
https://solvemymedia.com/pt/gravadora
https://solvemymedia.com/recorder
https://solvemymedia.com/recorder
https://solvemymedia.com/ro/inregistrator
https://solvemymedia.com/ro/recorder
https://solvemymedia.com/ru/diktofon
https://solvemymedia.com/ru/zapis
https://solvemymedia.com/sk/zaznamnik
https://solvemymedia.com/sv/inspelare
https://solvemymedia.com/sv/inspelning
https://solvemymedia.com/th/banthuek
https://solvemymedia.com/th/ekhruuengbanthuek
https://solvemymedia.com/tr/ekran-kaydet
https://solvemymedia.com/tr/kaydedici
https://solvemymedia.com/uk/diktofon
https://solvemymedia.com/uk/zapis-ekrana
https://solvemymedia.com/vi/may-ghi-am
https://solvemymedia.com/zh/lu-yin-ji
https://solvemymedia.com/zh/lu-zhi","404
200
200
200
200
404
200
200
200
404
200
404
404
404
200
404
200
200
200
200
200
404
200
200
404
404
200
200
404
200
200
200
404
200
200
404
404
200
404
404
200
404
200
200
404
200
200
200","More than one page is linked for the same language
Some pages don't include hreflang links to all the other pages of the group
Some pages are not returning 200 status code",774500295674417905,45,45
22,https://solvemymedia.com/sv/transkribera,"Ljud- och videotranskription - AI-tal till text - SolveMyMedia
SolveMyMedia - Free Online Media Optimization Tools",text/html; charset=utf-8,false,200,0,true,"https://solvemymedia.com/ar/nasg-alsawt
https://solvemymedia.com/ar/nskh
https://solvemymedia.com/cs/prepsat
https://solvemymedia.com/da/transskriber
https://solvemymedia.com/da/transskribere
https://solvemymedia.com/de/transkribieren
https://solvemymedia.com/el/antigrafo
https://solvemymedia.com/el/apografos
https://solvemymedia.com/es/transcribir
https://solvemymedia.com/fi/litteroi
https://solvemymedia.com/fi/litteroida
https://solvemymedia.com/fr/transcrire
https://solvemymedia.com/he/ltaateq
https://solvemymedia.com/he/taktur
https://solvemymedia.com/hi/transcript-kare
https://solvemymedia.com/hi/ttaaip-krnaa
https://solvemymedia.com/hu/atiratas
https://solvemymedia.com/hu/lemasol
https://solvemymedia.com/id/menuliskan
https://solvemymedia.com/it/trascrivere
https://solvemymedia.com/it/trascrivi
https://solvemymedia.com/ja/zhuan-xie-suru
https://solvemymedia.com/ko/gocyeo-sseuda
https://solvemymedia.com/ko/teuksi-keurib
https://solvemymedia.com/ms/transkripsi
https://solvemymedia.com/nl/transcriberen
https://solvemymedia.com/no/transkriben
https://solvemymedia.com/no/transkribere
https://solvemymedia.com/pl/rozpisac
https://solvemymedia.com/pl/transkrybuj
https://solvemymedia.com/pt/transcrever
https://solvemymedia.com/ro/transcrie
https://solvemymedia.com/ru/perepisyvat
https://solvemymedia.com/ru/transkribirovat
https://solvemymedia.com/sk/prepis
https://solvemymedia.com/sk/prepisovat
https://solvemymedia.com/sv/transkribera
https://solvemymedia.com/th/thdesiiyng
https://solvemymedia.com/th/thod-siang
https://solvemymedia.com/tr/metne-donustur
https://solvemymedia.com/tr/uyarlamak
https://solvemymedia.com/transcribe
https://solvemymedia.com/transcribe
https://solvemymedia.com/uk/transkriba
https://solvemymedia.com/uk/transkribuvati
https://solvemymedia.com/vi/chep-lai
https://solvemymedia.com/vi/sao-chep-am-thanh
https://solvemymedia.com/zh/lu-zhi
https://solvemymedia.com/zh/zhuan-lu","404
200
200
404
200
200
200
404
200
404
200
200
404
404
404
200
404
200
200
200
404
200
200
404
200
200
404
200
200
404
200
200
200
404
404
404
200
200
404
404
200
200
200
404
200
200
404
200
404","More than one page is linked for the same language
Some pages don't include hreflang links to all the other pages of the group
Some pages are not returning 200 status code",1124245034427686738,45,45
22,https://solvemymedia.com/id/menuliskan,"Transkripsi Audio & Video - Pidato AI ke Teks - SolveMyMedia
SolveMyMedia - Free Online Media Optimization Tools",text/html; charset=utf-8,false,200,0,true,"https://solvemymedia.com/ar/nasg-alsawt
https://solvemymedia.com/ar/nskh
https://solvemymedia.com/cs/prepsat
https://solvemymedia.com/da/transskriber
https://solvemymedia.com/da/transskribere
https://solvemymedia.com/de/transkribieren
https://solvemymedia.com/el/antigrafo
https://solvemymedia.com/el/apografos
https://solvemymedia.com/es/transcribir
https://solvemymedia.com/fi/litteroi
https://solvemymedia.com/fi/litteroida
https://solvemymedia.com/fr/transcrire
https://solvemymedia.com/he/ltaateq
https://solvemymedia.com/he/taktur
https://solvemymedia.com/hi/transcript-kare
https://solvemymedia.com/hi/ttaaip-krnaa
https://solvemymedia.com/hu/atiratas
https://solvemymedia.com/hu/lemasol
https://solvemymedia.com/id/menuliskan
https://solvemymedia.com/it/trascrivere
https://solvemymedia.com/it/trascrivi
https://solvemymedia.com/ja/zhuan-xie-suru
https://solvemymedia.com/ko/gocyeo-sseuda
https://solvemymedia.com/ko/teuksi-keurib
https://solvemymedia.com/ms/transkripsi
https://solvemymedia.com/nl/transcriberen
https://solvemymedia.com/no/transkriben
https://solvemymedia.com/no/transkribere
https://solvemymedia.com/pl/rozpisac
https://solvemymedia.com/pl/transkrybuj
https://solvemymedia.com/pt/transcrever
https://solvemymedia.com/ro/transcrie
https://solvemymedia.com/ru/perepisyvat
https://solvemymedia.com/ru/transkribirovat
https://solvemymedia.com/sk/prepis
https://solvemymedia.com/sk/prepisovat
https://solvemymedia.com/sv/transkribera
https://solvemymedia.com/th/thdesiiyng
https://solvemymedia.com/th/thod-siang
https://solvemymedia.com/tr/metne-donustur
https://solvemymedia.com/tr/uyarlamak
https://solvemymedia.com/transcribe
https://solvemymedia.com/transcribe
https://solvemymedia.com/uk/transkriba
https://solvemymedia.com/uk/transkribuvati
https://solvemymedia.com/vi/chep-lai
https://solvemymedia.com/vi/sao-chep-am-thanh
https://solvemymedia.com/zh/lu-zhi
https://solvemymedia.com/zh/zhuan-lu","404
200
200
404
200
200
200
404
200
404
200
200
404
404
404
200
404
200
200
200
404
200
200
404
200
200
404
200
200
404
200
200
200
404
404
404
200
200
404
404
200
200
200
404
200
200
404
200
404","More than one page is linked for the same language
Some pages don't include hreflang links to all the other pages of the group
Some pages are not returning 200 status code",1124245034427686738,45,45
22,https://solvemymedia.com/id/perekam,"Perekam Layar & Audio - Rekaman Studio Gratis - SolveMyMedia
SolveMyMedia - Free Online Media Optimization Tools",text/html; charset=utf-8,false,200,0,true,"https://solvemymedia.com/ar/mjl-alshashat
https://solvemymedia.com/ar/msjl
https://solvemymedia.com/cs/zaznamnik
https://solvemymedia.com/da/optager
https://solvemymedia.com/de/recorder
https://solvemymedia.com/el/egrafos
https://solvemymedia.com/el/mihanima-eggrafis
https://solvemymedia.com/es/grabadora
https://solvemymedia.com/fi/tallennin
https://solvemymedia.com/fi/tallennus
https://solvemymedia.com/fr/enregistreur
https://solvemymedia.com/he/maqliyt
https://solvemymedia.com/he/mekolet
https://solvemymedia.com/hi/recorder
https://solvemymedia.com/hi/rikonrddr
https://solvemymedia.com/hu/felvetel
https://solvemymedia.com/hu/felvevo
https://solvemymedia.com/id/perekam
https://solvemymedia.com/it/registratore
https://solvemymedia.com/ja/rekoda
https://solvemymedia.com/ko/giroggye
https://solvemymedia.com/ko/rikhoda
https://solvemymedia.com/ms/perakam
https://solvemymedia.com/nl/opnameapparaat
https://solvemymedia.com/nl/recorder
https://solvemymedia.com/no/opptak
https://solvemymedia.com/no/opptaker
https://solvemymedia.com/pl/rejestrator
https://solvemymedia.com/pt/gravador
https://solvemymedia.com/pt/gravadora
https://solvemymedia.com/recorder
https://solvemymedia.com/recorder
https://solvemymedia.com/ro/inregistrator
https://solvemymedia.com/ro/recorder
https://solvemymedia.com/ru/diktofon
https://solvemymedia.com/ru/zapis
https://solvemymedia.com/sk/zaznamnik
https://solvemymedia.com/sv/inspelare
https://solvemymedia.com/sv/inspelning
https://solvemymedia.com/th/banthuek
https://solvemymedia.com/th/ekhruuengbanthuek
https://solvemymedia.com/tr/ekran-kaydet
https://solvemymedia.com/tr/kaydedici
https://solvemymedia.com/uk/diktofon
https://solvemymedia.com/uk/zapis-ekrana
https://solvemymedia.com/vi/may-ghi-am
https://solvemymedia.com/zh/lu-yin-ji
https://solvemymedia.com/zh/lu-zhi","404
200
200
200
200
404
200
200
200
404
200
404
404
404
200
404
200
200
200
200
200
404
200
200
404
404
200
200
404
200
200
200
404
200
200
404
404
200
404
404
200
404
200
200
404
200
200
200","More than one page is linked for the same language
Some pages don't include hreflang links to all the other pages of the group
Some pages are not returning 200 status code",774500295674417905,45,45
22,https://solvemymedia.com/fr/transcrire,"Transcription audio et vidéo - AI Speech to Text - SolveMyMedia
SolveMyMedia - Free Online Media Optimization Tools",text/html; charset=utf-8,false,200,0,true,"https://solvemymedia.com/ar/nasg-alsawt
https://solvemymedia.com/ar/nskh
https://solvemymedia.com/cs/prepsat
https://solvemymedia.com/da/transskriber
https://solvemymedia.com/da/transskribere
https://solvemymedia.com/de/transkribieren
https://solvemymedia.com/el/antigrafo
https://solvemymedia.com/el/apografos
https://solvemymedia.com/es/transcribir
https://solvemymedia.com/fi/litteroi
https://solvemymedia.com/fi/litteroida
https://solvemymedia.com/fr/transcrire
https://solvemymedia.com/he/ltaateq
https://solvemymedia.com/he/taktur
https://solvemymedia.com/hi/transcript-kare
https://solvemymedia.com/hi/ttaaip-krnaa
https://solvemymedia.com/hu/atiratas
https://solvemymedia.com/hu/lemasol
https://solvemymedia.com/id/menuliskan
https://solvemymedia.com/it/trascrivere
https://solvemymedia.com/it/trascrivi
https://solvemymedia.com/ja/zhuan-xie-suru
https://solvemymedia.com/ko/gocyeo-sseuda
https://solvemymedia.com/ko/teuksi-keurib
https://solvemymedia.com/ms/transkripsi
https://solvemymedia.com/nl/transcriberen
https://solvemymedia.com/no/transkriben
https://solvemymedia.com/no/transkribere
https://solvemymedia.com/pl/rozpisac
https://solvemymedia.com/pl/transkrybuj
https://solvemymedia.com/pt/transcrever
https://solvemymedia.com/ro/transcrie
https://solvemymedia.com/ru/perepisyvat
https://solvemymedia.com/ru/transkribirovat
https://solvemymedia.com/sk/prepis
https://solvemymedia.com/sk/prepisovat
https://solvemymedia.com/sv/transkribera
https://solvemymedia.com/th/thdesiiyng
https://solvemymedia.com/th/thod-siang
https://solvemymedia.com/tr/metne-donustur
https://solvemymedia.com/tr/uyarlamak
https://solvemymedia.com/transcribe
https://solvemymedia.com/transcribe
https://solvemymedia.com/uk/transkriba
https://solvemymedia.com/uk/transkribuvati
https://solvemymedia.com/vi/chep-lai
https://solvemymedia.com/vi/sao-chep-am-thanh
https://solvemymedia.com/zh/lu-zhi
https://solvemymedia.com/zh/zhuan-lu","404
200
200
404
200
200
200
404
200
404
200
200
404
404
404
200
404
200
200
200
404
200
200
404
200
200
404
200
200
404
200
200
200
404
404
404
200
200
404
404
200
200
200
404
200
200
404
200
404","More than one page is linked for the same language
Some pages don't include hreflang links to all the other pages of the group
Some pages are not returning 200 status code",1124245034427686738,45,45
22,https://solvemymedia.com/es/transcribir,"Transcripción de audio y vídeo: voz a texto con IA - SolveMyMedia
SolveMyMedia - Free Online Media Optimization Tools",text/html; charset=utf-8,false,200,0,true,"https://solvemymedia.com/ar/nasg-alsawt
https://solvemymedia.com/ar/nskh
https://solvemymedia.com/cs/prepsat
https://solvemymedia.com/da/transskriber
https://solvemymedia.com/da/transskribere
https://solvemymedia.com/de/transkribieren
https://solvemymedia.com/el/antigrafo
https://solvemymedia.com/el/apografos
https://solvemymedia.com/es/transcribir
https://solvemymedia.com/fi/litteroi
https://solvemymedia.com/fi/litteroida
https://solvemymedia.com/fr/transcrire
https://solvemymedia.com/he/ltaateq
https://solvemymedia.com/he/taktur
https://solvemymedia.com/hi/transcript-kare
https://solvemymedia.com/hi/ttaaip-krnaa
https://solvemymedia.com/hu/atiratas
https://solvemymedia.com/hu/lemasol
https://solvemymedia.com/id/menuliskan
https://solvemymedia.com/it/trascrivere
https://solvemymedia.com/it/trascrivi
https://solvemymedia.com/ja/zhuan-xie-suru
https://solvemymedia.com/ko/gocyeo-sseuda
https://solvemymedia.com/ko/teuksi-keurib
https://solvemymedia.com/ms/transkripsi
https://solvemymedia.com/nl/transcriberen
https://solvemymedia.com/no/transkriben
https://solvemymedia.com/no/transkribere
https://solvemymedia.com/pl/rozpisac
https://solvemymedia.com/pl/transkrybuj
https://solvemymedia.com/pt/transcrever
https://solvemymedia.com/ro/transcrie
https://solvemymedia.com/ru/perepisyvat
https://solvemymedia.com/ru/transkribirovat
https://solvemymedia.com/sk/prepis
https://solvemymedia.com/sk/prepisovat
https://solvemymedia.com/sv/transkribera
https://solvemymedia.com/th/thdesiiyng
https://solvemymedia.com/th/thod-siang
https://solvemymedia.com/tr/metne-donustur
https://solvemymedia.com/tr/uyarlamak
https://solvemymedia.com/transcribe
https://solvemymedia.com/transcribe
https://solvemymedia.com/uk/transkriba
https://solvemymedia.com/uk/transkribuvati
https://solvemymedia.com/vi/chep-lai
https://solvemymedia.com/vi/sao-chep-am-thanh
https://solvemymedia.com/zh/lu-zhi
https://solvemymedia.com/zh/zhuan-lu","404
200
200
404
200
200
200
404
200
404
200
200
404
404
404
200
404
200
200
200
404
200
200
404
200
200
404
200
200
404
200
200
200
404
404
404
200
200
404
404
200
200
200
404
200
200
404
200
404","More than one page is linked for the same language
Some pages don't include hreflang links to all the other pages of the group
Some pages are not returning 200 status code",1124245034427686738,45,45
22,https://solvemymedia.com/pl/rejestrator,"Rejestrator ekranu i dźwięku — bezpłatne nagrywanie w studiu - SolveMyMedia
SolveMyMedia - Free Online Media Optimization Tools",text/html; charset=utf-8,false,200,0,true,"https://solvemymedia.com/ar/mjl-alshashat
https://solvemymedia.com/ar/msjl
https://solvemymedia.com/cs/zaznamnik
https://solvemymedia.com/da/optager
https://solvemymedia.com/de/recorder
https://solvemymedia.com/el/egrafos
https://solvemymedia.com/el/mihanima-eggrafis
https://solvemymedia.com/es/grabadora
https://solvemymedia.com/fi/tallennin
https://solvemymedia.com/fi/tallennus
https://solvemymedia.com/fr/enregistreur
https://solvemymedia.com/he/maqliyt
https://solvemymedia.com/he/mekolet
https://solvemymedia.com/hi/recorder
https://solvemymedia.com/hi/rikonrddr
https://solvemymedia.com/hu/felvetel
https://solvemymedia.com/hu/felvevo
https://solvemymedia.com/id/perekam
https://solvemymedia.com/it/registratore
https://solvemymedia.com/ja/rekoda
https://solvemymedia.com/ko/giroggye
https://solvemymedia.com/ko/rikhoda
https://solvemymedia.com/ms/perakam
https://solvemymedia.com/nl/opnameapparaat
https://solvemymedia.com/nl/recorder
https://solvemymedia.com/no/opptak
https://solvemymedia.com/no/opptaker
https://solvemymedia.com/pl/rejestrator
https://solvemymedia.com/pt/gravador
https://solvemymedia.com/pt/gravadora
https://solvemymedia.com/recorder
https://solvemymedia.com/recorder
https://solvemymedia.com/ro/inregistrator
https://solvemymedia.com/ro/recorder
https://solvemymedia.com/ru/diktofon
https://solvemymedia.com/ru/zapis
https://solvemymedia.com/sk/zaznamnik
https://solvemymedia.com/sv/inspelare
https://solvemymedia.com/sv/inspelning
https://solvemymedia.com/th/banthuek
https://solvemymedia.com/th/ekhruuengbanthuek
https://solvemymedia.com/tr/ekran-kaydet
https://solvemymedia.com/tr/kaydedici
https://solvemymedia.com/uk/diktofon
https://solvemymedia.com/uk/zapis-ekrana
https://solvemymedia.com/vi/may-ghi-am
https://solvemymedia.com/zh/lu-yin-ji
https://solvemymedia.com/zh/lu-zhi","404
200
200
200
200
404
200
200
200
404
200
404
404
404
200
404
200
200
200
200
200
404
200
200
404
404
200
200
404
200
200
200
404
200
200
404
404
200
404
404
200
404
200
200
404
200
200
200","More than one page is linked for the same language
Some pages don't include hreflang links to all the other pages of the group
Some pages are not returning 200 status code",774500295674417905,45,45
22,https://solvemymedia.com/da/optager,"Skærm- og lydoptager - Gratis studieoptagelse - SolveMyMedia
SolveMyMedia - Free Online Media Optimization Tools",text/html; charset=utf-8,false,200,0,true,"https://solvemymedia.com/ar/mjl-alshashat
https://solvemymedia.com/ar/msjl
https://solvemymedia.com/cs/zaznamnik
https://solvemymedia.com/da/optager
https://solvemymedia.com/de/recorder
https://solvemymedia.com/el/egrafos
https://solvemymedia.com/el/mihanima-eggrafis
https://solvemymedia.com/es/grabadora
https://solvemymedia.com/fi/tallennin
https://solvemymedia.com/fi/tallennus
https://solvemymedia.com/fr/enregistreur
https://solvemymedia.com/he/maqliyt
https://solvemymedia.com/he/mekolet
https://solvemymedia.com/hi/recorder
https://solvemymedia.com/hi/rikonrddr
https://solvemymedia.com/hu/felvetel
https://solvemymedia.com/hu/felvevo
https://solvemymedia.com/id/perekam
https://solvemymedia.com/it/registratore
https://solvemymedia.com/ja/rekoda
https://solvemymedia.com/ko/giroggye
https://solvemymedia.com/ko/rikhoda
https://solvemymedia.com/ms/perakam
https://solvemymedia.com/nl/opnameapparaat
https://solvemymedia.com/nl/recorder
https://solvemymedia.com/no/opptak
https://solvemymedia.com/no/opptaker
https://solvemymedia.com/pl/rejestrator
https://solvemymedia.com/pt/gravador
https://solvemymedia.com/pt/gravadora
https://solvemymedia.com/recorder
https://solvemymedia.com/recorder
https://solvemymedia.com/ro/inregistrator
https://solvemymedia.com/ro/recorder
https://solvemymedia.com/ru/diktofon
https://solvemymedia.com/ru/zapis
https://solvemymedia.com/sk/zaznamnik
https://solvemymedia.com/sv/inspelare
https://solvemymedia.com/sv/inspelning
https://solvemymedia.com/th/banthuek
https://solvemymedia.com/th/ekhruuengbanthuek
https://solvemymedia.com/tr/ekran-kaydet
https://solvemymedia.com/tr/kaydedici
https://solvemymedia.com/uk/diktofon
https://solvemymedia.com/uk/zapis-ekrana
https://solvemymedia.com/vi/may-ghi-am
https://solvemymedia.com/zh/lu-yin-ji
https://solvemymedia.com/zh/lu-zhi","404
200
200
200
200
404
200
200
200
404
200
404
404
404
200
404
200
200
200
200
200
404
200
200
404
404
200
200
404
200
200
200
404
200
200
404
404
200
404
404
200
404
200
200
404
200
200
200","More than one page is linked for the same language
Some pages don't include hreflang links to all the other pages of the group
Some pages are not returning 200 status code",774500295674417905,45,45
22,https://solvemymedia.com/ms/transkripsi,"Transkripsi Audio & Video - Pertuturan AI ke Teks - SolveMyMedia
SolveMyMedia - Free Online Media Optimization Tools",text/html; charset=utf-8,false,200,0,true,"https://solvemymedia.com/ar/nasg-alsawt
https://solvemymedia.com/ar/nskh
https://solvemymedia.com/cs/prepsat
https://solvemymedia.com/da/transskriber
https://solvemymedia.com/da/transskribere
https://solvemymedia.com/de/transkribieren
https://solvemymedia.com/el/antigrafo
https://solvemymedia.com/el/apografos
https://solvemymedia.com/es/transcribir
https://solvemymedia.com/fi/litteroi
https://solvemymedia.com/fi/litteroida
https://solvemymedia.com/fr/transcrire
https://solvemymedia.com/he/ltaateq
https://solvemymedia.com/he/taktur
https://solvemymedia.com/hi/transcript-kare
https://solvemymedia.com/hi/ttaaip-krnaa
https://solvemymedia.com/hu/atiratas
https://solvemymedia.com/hu/lemasol
https://solvemymedia.com/id/menuliskan
https://solvemymedia.com/it/trascrivere
https://solvemymedia.com/it/trascrivi
https://solvemymedia.com/ja/zhuan-xie-suru
https://solvemymedia.com/ko/gocyeo-sseuda
https://solvemymedia.com/ko/teuksi-keurib
https://solvemymedia.com/ms/transkripsi
https://solvemymedia.com/nl/transcriberen
https://solvemymedia.com/no/transkriben
https://solvemymedia.com/no/transkribere
https://solvemymedia.com/pl/rozpisac
https://solvemymedia.com/pl/transkrybuj
https://solvemymedia.com/pt/transcrever
https://solvemymedia.com/ro/transcrie
https://solvemymedia.com/ru/perepisyvat
https://solvemymedia.com/ru/transkribirovat
https://solvemymedia.com/sk/prepis
https://solvemymedia.com/sk/prepisovat
https://solvemymedia.com/sv/transkribera
https://solvemymedia.com/th/thdesiiyng
https://solvemymedia.com/th/thod-siang
https://solvemymedia.com/tr/metne-donustur
https://solvemymedia.com/tr/uyarlamak
https://solvemymedia.com/transcribe
https://solvemymedia.com/transcribe
https://solvemymedia.com/uk/transkriba
https://solvemymedia.com/uk/transkribuvati
https://solvemymedia.com/vi/chep-lai
https://solvemymedia.com/vi/sao-chep-am-thanh
https://solvemymedia.com/zh/lu-zhi
https://solvemymedia.com/zh/zhuan-lu","404
200
200
404
200
200
200
404
200
404
200
200
404
404
404
200
404
200
200
200
404
200
200
404
200
200
404
200
200
404
200
200
200
404
404
404
200
200
404
404
200
200
200
404
200
200
404
200
404","More than one page is linked for the same language
Some pages don't include hreflang links to all the other pages of the group
Some pages are not returning 200 status code",1124245034427686738,45,45
22,https://solvemymedia.com/vi/may-ghi-am,"Trình ghi màn hình & âm thanh - Ghi âm phòng thu miễn phí - SolveMyMedia
SolveMyMedia - Free Online Media Optimization Tools",text/html; charset=utf-8,false,200,0,true,"https://solvemymedia.com/ar/mjl-alshashat
https://solvemymedia.com/ar/msjl
https://solvemymedia.com/cs/zaznamnik
https://solvemymedia.com/da/optager
https://solvemymedia.com/de/recorder
https://solvemymedia.com/el/egrafos
https://solvemymedia.com/el/mihanima-eggrafis
https://solvemymedia.com/es/grabadora
https://solvemymedia.com/fi/tallennin
https://solvemymedia.com/fi/tallennus
https://solvemymedia.com/fr/enregistreur
https://solvemymedia.com/he/maqliyt
https://solvemymedia.com/he/mekolet
https://solvemymedia.com/hi/recorder
https://solvemymedia.com/hi/rikonrddr
https://solvemymedia.com/hu/felvetel
https://solvemymedia.com/hu/felvevo
https://solvemymedia.com/id/perekam
https://solvemymedia.com/it/registratore
https://solvemymedia.com/ja/rekoda
https://solvemymedia.com/ko/giroggye
https://solvemymedia.com/ko/rikhoda
https://solvemymedia.com/ms/perakam
https://solvemymedia.com/nl/opnameapparaat
https://solvemymedia.com/nl/recorder
https://solvemymedia.com/no/opptak
https://solvemymedia.com/no/opptaker
https://solvemymedia.com/pl/rejestrator
https://solvemymedia.com/pt/gravador
https://solvemymedia.com/pt/gravadora
https://solvemymedia.com/recorder
https://solvemymedia.com/recorder
https://solvemymedia.com/ro/inregistrator
https://solvemymedia.com/ro/recorder
https://solvemymedia.com/ru/diktofon
https://solvemymedia.com/ru/zapis
https://solvemymedia.com/sk/zaznamnik
https://solvemymedia.com/sv/inspelare
https://solvemymedia.com/sv/inspelning
https://solvemymedia.com/th/banthuek
https://solvemymedia.com/th/ekhruuengbanthuek
https://solvemymedia.com/tr/ekran-kaydet
https://solvemymedia.com/tr/kaydedici
https://solvemymedia.com/uk/diktofon
https://solvemymedia.com/uk/zapis-ekrana
https://solvemymedia.com/vi/may-ghi-am
https://solvemymedia.com/zh/lu-yin-ji
https://solvemymedia.com/zh/lu-zhi","404
200
200
200
200
404
200
200
200
404
200
404
404
404
200
404
200
200
200
200
200
404
200
200
404
404
200
200
404
200
200
200
404
200
200
404
404
200
404
404
200
404
200
200
404
200
200
200","More than one page is linked for the same language
Some pages don't include hreflang links to all the other pages of the group
Some pages are not returning 200 status code",774500295674417905,45,45
22,https://solvemymedia.com/de/recorder,"Bildschirm- und Audiorecorder – Kostenlose Studioaufnahme - SolveMyMedia
SolveMyMedia - Free Online Media Optimization Tools",text/html; charset=utf-8,false,200,0,true,"https://solvemymedia.com/ar/mjl-alshashat
https://solvemymedia.com/ar/msjl
https://solvemymedia.com/cs/zaznamnik
https://solvemymedia.com/da/optager
https://solvemymedia.com/de/recorder
https://solvemymedia.com/el/egrafos
https://solvemymedia.com/el/mihanima-eggrafis
https://solvemymedia.com/es/grabadora
https://solvemymedia.com/fi/tallennin
https://solvemymedia.com/fi/tallennus
https://solvemymedia.com/fr/enregistreur
https://solvemymedia.com/he/maqliyt
https://solvemymedia.com/he/mekolet
https://solvemymedia.com/hi/recorder
https://solvemymedia.com/hi/rikonrddr
https://solvemymedia.com/hu/felvetel
https://solvemymedia.com/hu/felvevo
https://solvemymedia.com/id/perekam
https://solvemymedia.com/it/registratore
https://solvemymedia.com/ja/rekoda
https://solvemymedia.com/ko/giroggye
https://solvemymedia.com/ko/rikhoda
https://solvemymedia.com/ms/perakam
https://solvemymedia.com/nl/opnameapparaat
https://solvemymedia.com/nl/recorder
https://solvemymedia.com/no/opptak
https://solvemymedia.com/no/opptaker
https://solvemymedia.com/pl/rejestrator
https://solvemymedia.com/pt/gravador
https://solvemymedia.com/pt/gravadora
https://solvemymedia.com/recorder
https://solvemymedia.com/recorder
https://solvemymedia.com/ro/inregistrator
https://solvemymedia.com/ro/recorder
https://solvemymedia.com/ru/diktofon
https://solvemymedia.com/ru/zapis
https://solvemymedia.com/sk/zaznamnik
https://solvemymedia.com/sv/inspelare
https://solvemymedia.com/sv/inspelning
https://solvemymedia.com/th/banthuek
https://solvemymedia.com/th/ekhruuengbanthuek
https://solvemymedia.com/tr/ekran-kaydet
https://solvemymedia.com/tr/kaydedici
https://solvemymedia.com/uk/diktofon
https://solvemymedia.com/uk/zapis-ekrana
https://solvemymedia.com/vi/may-ghi-am
https://solvemymedia.com/zh/lu-yin-ji
https://solvemymedia.com/zh/lu-zhi","404
200
200
200
200
404
200
200
200
404
200
404
404
404
200
404
200
200
200
200
200
404
200
200
404
404
200
200
404
200
200
200
404
200
200
404
404
200
404
404
200
404
200
200
404
200
200
200","More than one page is linked for the same language
Some pages don't include hreflang links to all the other pages of the group
Some pages are not returning 200 status code",774500295674417905,45,45
22,https://solvemymedia.com/cs/prepsat,"Přepis zvuku a videa – AI řeč na text - SolveMyMedia
SolveMyMedia - Free Online Media Optimization Tools",text/html; charset=utf-8,false,200,0,true,"https://solvemymedia.com/ar/nasg-alsawt
https://solvemymedia.com/ar/nskh
https://solvemymedia.com/cs/prepsat
https://solvemymedia.com/da/transskriber
https://solvemymedia.com/da/transskribere
https://solvemymedia.com/de/transkribieren
https://solvemymedia.com/el/antigrafo
https://solvemymedia.com/el/apografos
https://solvemymedia.com/es/transcribir
https://solvemymedia.com/fi/litteroi
https://solvemymedia.com/fi/litteroida
https://solvemymedia.com/fr/transcrire
https://solvemymedia.com/he/ltaateq
https://solvemymedia.com/he/taktur
https://solvemymedia.com/hi/transcript-kare
https://solvemymedia.com/hi/ttaaip-krnaa
https://solvemymedia.com/hu/atiratas
https://solvemymedia.com/hu/lemasol
https://solvemymedia.com/id/menuliskan
https://solvemymedia.com/it/trascrivere
https://solvemymedia.com/it/trascrivi
https://solvemymedia.com/ja/zhuan-xie-suru
https://solvemymedia.com/ko/gocyeo-sseuda
https://solvemymedia.com/ko/teuksi-keurib
https://solvemymedia.com/ms/transkripsi
https://solvemymedia.com/nl/transcriberen
https://solvemymedia.com/no/transkriben
https://solvemymedia.com/no/transkribere
https://solvemymedia.com/pl/rozpisac
https://solvemymedia.com/pl/transkrybuj
https://solvemymedia.com/pt/transcrever
https://solvemymedia.com/ro/transcrie
https://solvemymedia.com/ru/perepisyvat
https://solvemymedia.com/ru/transkribirovat
https://solvemymedia.com/sk/prepis
https://solvemymedia.com/sk/prepisovat
https://solvemymedia.com/sv/transkribera
https://solvemymedia.com/th/thdesiiyng
https://solvemymedia.com/th/thod-siang
https://solvemymedia.com/tr/metne-donustur
https://solvemymedia.com/tr/uyarlamak
https://solvemymedia.com/transcribe
https://solvemymedia.com/transcribe
https://solvemymedia.com/uk/transkriba
https://solvemymedia.com/uk/transkribuvati
https://solvemymedia.com/vi/chep-lai
https://solvemymedia.com/vi/sao-chep-am-thanh
https://solvemymedia.com/zh/lu-zhi
https://solvemymedia.com/zh/zhuan-lu","404
200
200
404
200
200
200
404
200
404
200
200
404
404
404
200
404
200
200
200
404
200
200
404
200
200
404
200
200
404
200
200
200
404
404
404
200
200
404
404
200
200
200
404
200
200
404
200
404","More than one page is linked for the same language
Some pages don't include hreflang links to all the other pages of the group
Some pages are not returning 200 status code",1124245034427686738,45,45
22,https://solvemymedia.com/ms/perakam,"Perakam Skrin & Audio - Rakaman Studio Percuma - SolveMyMedia
SolveMyMedia - Free Online Media Optimization Tools",text/html; charset=utf-8,false,200,0,true,"https://solvemymedia.com/ar/mjl-alshashat
https://solvemymedia.com/ar/msjl
https://solvemymedia.com/cs/zaznamnik
https://solvemymedia.com/da/optager
https://solvemymedia.com/de/recorder
https://solvemymedia.com/el/egrafos
https://solvemymedia.com/el/mihanima-eggrafis
https://solvemymedia.com/es/grabadora
https://solvemymedia.com/fi/tallennin
https://solvemymedia.com/fi/tallennus
https://solvemymedia.com/fr/enregistreur
https://solvemymedia.com/he/maqliyt
https://solvemymedia.com/he/mekolet
https://solvemymedia.com/hi/recorder
https://solvemymedia.com/hi/rikonrddr
https://solvemymedia.com/hu/felvetel
https://solvemymedia.com/hu/felvevo
https://solvemymedia.com/id/perekam
https://solvemymedia.com/it/registratore
https://solvemymedia.com/ja/rekoda
https://solvemymedia.com/ko/giroggye
https://solvemymedia.com/ko/rikhoda
https://solvemymedia.com/ms/perakam
https://solvemymedia.com/nl/opnameapparaat
https://solvemymedia.com/nl/recorder
https://solvemymedia.com/no/opptak
https://solvemymedia.com/no/opptaker
https://solvemymedia.com/pl/rejestrator
https://solvemymedia.com/pt/gravador
https://solvemymedia.com/pt/gravadora
https://solvemymedia.com/recorder
https://solvemymedia.com/recorder
https://solvemymedia.com/ro/inregistrator
https://solvemymedia.com/ro/recorder
https://solvemymedia.com/ru/diktofon
https://solvemymedia.com/ru/zapis
https://solvemymedia.com/sk/zaznamnik
https://solvemymedia.com/sv/inspelare
https://solvemymedia.com/sv/inspelning
https://solvemymedia.com/th/banthuek
https://solvemymedia.com/th/ekhruuengbanthuek
https://solvemymedia.com/tr/ekran-kaydet
https://solvemymedia.com/tr/kaydedici
https://solvemymedia.com/uk/diktofon
https://solvemymedia.com/uk/zapis-ekrana
https://solvemymedia.com/vi/may-ghi-am
https://solvemymedia.com/zh/lu-yin-ji
https://solvemymedia.com/zh/lu-zhi","404
200
200
200
200
404
200
200
200
404
200
404
404
404
200
404
200
200
200
200
200
404
200
200
404
404
200
200
404
200
200
200
404
200
200
404
404
200
404
404
200
404
200
200
404
200
200
200","More than one page is linked for the same language
Some pages don't include hreflang links to all the other pages of the group
Some pages are not returning 200 status code",774500295674417905,45,45
22,https://solvemymedia.com/ja/zhuan-xie-suru,"オーディオとビデオの文字起こし - AI 音声をテキストに変換 - SolveMyMedia
SolveMyMedia - Free Online Media Optimization Tools",text/html; charset=utf-8,false,200,0,true,"https://solvemymedia.com/ar/nasg-alsawt
https://solvemymedia.com/ar/nskh
https://solvemymedia.com/cs/prepsat
https://solvemymedia.com/da/transskriber
https://solvemymedia.com/da/transskribere
https://solvemymedia.com/de/transkribieren
https://solvemymedia.com/el/antigrafo
https://solvemymedia.com/el/apografos
https://solvemymedia.com/es/transcribir
https://solvemymedia.com/fi/litteroi
https://solvemymedia.com/fi/litteroida
https://solvemymedia.com/fr/transcrire
https://solvemymedia.com/he/ltaateq
https://solvemymedia.com/he/taktur
https://solvemymedia.com/hi/transcript-kare
https://solvemymedia.com/hi/ttaaip-krnaa
https://solvemymedia.com/hu/atiratas
https://solvemymedia.com/hu/lemasol
https://solvemymedia.com/id/menuliskan
https://solvemymedia.com/it/trascrivere
https://solvemymedia.com/it/trascrivi
https://solvemymedia.com/ja/zhuan-xie-suru
https://solvemymedia.com/ko/gocyeo-sseuda
https://solvemymedia.com/ko/teuksi-keurib
https://solvemymedia.com/ms/transkripsi
https://solvemymedia.com/nl/transcriberen
https://solvemymedia.com/no/transkriben
https://solvemymedia.com/no/transkribere
https://solvemymedia.com/pl/rozpisac
https://solvemymedia.com/pl/transkrybuj
https://solvemymedia.com/pt/transcrever
https://solvemymedia.com/ro/transcrie
https://solvemymedia.com/ru/perepisyvat
https://solvemymedia.com/ru/transkribirovat
https://solvemymedia.com/sk/prepis
https://solvemymedia.com/sk/prepisovat
https://solvemymedia.com/sv/transkribera
https://solvemymedia.com/th/thdesiiyng
https://solvemymedia.com/th/thod-siang
https://solvemymedia.com/tr/metne-donustur
https://solvemymedia.com/tr/uyarlamak
https://solvemymedia.com/transcribe
https://solvemymedia.com/transcribe
https://solvemymedia.com/uk/transkriba
https://solvemymedia.com/uk/transkribuvati
https://solvemymedia.com/vi/chep-lai
https://solvemymedia.com/vi/sao-chep-am-thanh
https://solvemymedia.com/zh/lu-zhi
https://solvemymedia.com/zh/zhuan-lu","404
200
200
404
200
200
200
404
200
404
200
200
404
404
404
200
404
200
200
200
404
200
200
404
200
200
404
200
200
404
200
200
200
404
404
404
200
200
404
404
200
200
200
404
200
200
404
200
404","More than one page is linked for the same language
Some pages don't include hreflang links to all the other pages of the group
Some pages are not returning 200 status code",1124245034427686738,45,45
22,https://solvemymedia.com/zh/lu-zhi,"音频和视频转录 - AI 语音转文本 - SolveMyMedia
SolveMyMedia - Free Online Media Optimization Tools",text/html; charset=utf-8,false,200,0,true,"https://solvemymedia.com/ar/mjl-alshashat
https://solvemymedia.com/ar/nskh
https://solvemymedia.com/cs/prepsat
https://solvemymedia.com/cs/zaznamnik
https://solvemymedia.com/da/optager
https://solvemymedia.com/da/transskribere
https://solvemymedia.com/de/recorder
https://solvemymedia.com/de/transkribieren
https://solvemymedia.com/el/antigrafo
https://solvemymedia.com/el/egrafos
https://solvemymedia.com/es/grabadora
https://solvemymedia.com/es/transcribir
https://solvemymedia.com/fi/litteroida
https://solvemymedia.com/fi/tallennus
https://solvemymedia.com/fr/enregistreur
https://solvemymedia.com/fr/transcrire
https://solvemymedia.com/he/ltaateq
https://solvemymedia.com/he/mekolet
https://solvemymedia.com/hi/recorder
https://solvemymedia.com/hi/ttaaip-krnaa
https://solvemymedia.com/hu/felvetel
https://solvemymedia.com/hu/lemasol
https://solvemymedia.com/id/menuliskan
https://solvemymedia.com/id/perekam
https://solvemymedia.com/it/registratore
https://solvemymedia.com/it/trascrivere
https://solvemymedia.com/ja/rekoda
https://solvemymedia.com/ja/zhuan-xie-suru
https://solvemymedia.com/ko/gocyeo-sseuda
https://solvemymedia.com/ko/rikhoda
https://solvemymedia.com/ms/perakam
https://solvemymedia.com/ms/transkripsi
https://solvemymedia.com/nl/recorder
https://solvemymedia.com/nl/transcriberen
https://solvemymedia.com/no/opptak
https://solvemymedia.com/no/transkribere
https://solvemymedia.com/pl/rejestrator
https://solvemymedia.com/pl/rozpisac
https://solvemymedia.com/pt/gravador
https://solvemymedia.com/pt/transcrever
https://solvemymedia.com/recorder
https://solvemymedia.com/recorder
https://solvemymedia.com/ro/inregistrator
https://solvemymedia.com/ro/transcrie
https://solvemymedia.com/ru/perepisyvat
https://solvemymedia.com/ru/zapis
https://solvemymedia.com/sk/prepisovat
https://solvemymedia.com/sk/zaznamnik
https://solvemymedia.com/sv/inspelning
https://solvemymedia.com/sv/transkribera
https://solvemymedia.com/th/banthuek
https://solvemymedia.com/th/thdesiiyng
https://solvemymedia.com/tr/ekran-kaydet
https://solvemymedia.com/tr/uyarlamak
https://solvemymedia.com/transcribe
https://solvemymedia.com/transcribe
https://solvemymedia.com/uk/transkribuvati
https://solvemymedia.com/uk/zapis-ekrana
https://solvemymedia.com/vi/chep-lai
https://solvemymedia.com/vi/may-ghi-am
https://solvemymedia.com/zh/lu-zhi","404
200
200
200
200
200
200
200
200
404
200
200
200
404
200
200
404
404
404
200
404
200
200
200
200
200
200
200
200
404
200
200
404
200
404
200
200
200
404
200
200
200
404
200
200
404
404
404
404
200
404
200
404
200
200
200
200
404
200
200
200","More than one page is linked for the same language
Some pages don't include hreflang links to all the other pages of the group
Some pages are not returning 200 status code",1124245034427686738,55,55
22,https://solvemymedia.com/nl/transcriberen,"Audio- en videotranscriptie - AI-spraak naar tekst - SolveMyMedia
SolveMyMedia - Free Online Media Optimization Tools",text/html; charset=utf-8,false,200,0,true,"https://solvemymedia.com/ar/nasg-alsawt
https://solvemymedia.com/ar/nskh
https://solvemymedia.com/cs/prepsat
https://solvemymedia.com/da/transskriber
https://solvemymedia.com/da/transskribere
https://solvemymedia.com/de/transkribieren
https://solvemymedia.com/el/antigrafo
https://solvemymedia.com/el/apografos
https://solvemymedia.com/es/transcribir
https://solvemymedia.com/fi/litteroi
https://solvemymedia.com/fi/litteroida
https://solvemymedia.com/fr/transcrire
https://solvemymedia.com/he/ltaateq
https://solvemymedia.com/he/taktur
https://solvemymedia.com/hi/transcript-kare
https://solvemymedia.com/hi/ttaaip-krnaa
https://solvemymedia.com/hu/atiratas
https://solvemymedia.com/hu/lemasol
https://solvemymedia.com/id/menuliskan
https://solvemymedia.com/it/trascrivere
https://solvemymedia.com/it/trascrivi
https://solvemymedia.com/ja/zhuan-xie-suru
https://solvemymedia.com/ko/gocyeo-sseuda
https://solvemymedia.com/ko/teuksi-keurib
https://solvemymedia.com/ms/transkripsi
https://solvemymedia.com/nl/transcriberen
https://solvemymedia.com/no/transkriben
https://solvemymedia.com/no/transkribere
https://solvemymedia.com/pl/rozpisac
https://solvemymedia.com/pl/transkrybuj
https://solvemymedia.com/pt/transcrever
https://solvemymedia.com/ro/transcrie
https://solvemymedia.com/ru/perepisyvat
https://solvemymedia.com/ru/transkribirovat
https://solvemymedia.com/sk/prepis
https://solvemymedia.com/sk/prepisovat
https://solvemymedia.com/sv/transkribera
https://solvemymedia.com/th/thdesiiyng
https://solvemymedia.com/th/thod-siang
https://solvemymedia.com/tr/metne-donustur
https://solvemymedia.com/tr/uyarlamak
https://solvemymedia.com/transcribe
https://solvemymedia.com/transcribe
https://solvemymedia.com/uk/transkriba
https://solvemymedia.com/uk/transkribuvati
https://solvemymedia.com/vi/chep-lai
https://solvemymedia.com/vi/sao-chep-am-thanh
https://solvemymedia.com/zh/lu-zhi
https://solvemymedia.com/zh/zhuan-lu","404
200
200
404
200
200
200
404
200
404
200
200
404
404
404
200
404
200
200
200
404
200
200
404
200
200
404
200
200
404
200
200
200
404
404
404
200
200
404
404
200
200
200
404
200
200
404
200
404","More than one page is linked for the same language
Some pages don't include hreflang links to all the other pages of the group
Some pages are not returning 200 status code",1124245034427686738,45,45
22,https://solvemymedia.com/fr/enregistreur,"Enregistreur d'écran et audio - Enregistrement en studio gratuit - SolveMyMedia
SolveMyMedia - Free Online Media Optimization Tools",text/html; charset=utf-8,false,200,0,true,"https://solvemymedia.com/ar/mjl-alshashat
https://solvemymedia.com/ar/msjl
https://solvemymedia.com/cs/zaznamnik
https://solvemymedia.com/da/optager
https://solvemymedia.com/de/recorder
https://solvemymedia.com/el/egrafos
https://solvemymedia.com/el/mihanima-eggrafis
https://solvemymedia.com/es/grabadora
https://solvemymedia.com/fi/tallennin
https://solvemymedia.com/fi/tallennus
https://solvemymedia.com/fr/enregistreur
https://solvemymedia.com/he/maqliyt
https://solvemymedia.com/he/mekolet
https://solvemymedia.com/hi/recorder
https://solvemymedia.com/hi/rikonrddr
https://solvemymedia.com/hu/felvetel
https://solvemymedia.com/hu/felvevo
https://solvemymedia.com/id/perekam
https://solvemymedia.com/it/registratore
https://solvemymedia.com/ja/rekoda
https://solvemymedia.com/ko/giroggye
https://solvemymedia.com/ko/rikhoda
https://solvemymedia.com/ms/perakam
https://solvemymedia.com/nl/opnameapparaat
https://solvemymedia.com/nl/recorder
https://solvemymedia.com/no/opptak
https://solvemymedia.com/no/opptaker
https://solvemymedia.com/pl/rejestrator
https://solvemymedia.com/pt/gravador
https://solvemymedia.com/pt/gravadora
https://solvemymedia.com/recorder
https://solvemymedia.com/recorder
https://solvemymedia.com/ro/inregistrator
https://solvemymedia.com/ro/recorder
https://solvemymedia.com/ru/diktofon
https://solvemymedia.com/ru/zapis
https://solvemymedia.com/sk/zaznamnik
https://solvemymedia.com/sv/inspelare
https://solvemymedia.com/sv/inspelning
https://solvemymedia.com/th/banthuek
https://solvemymedia.com/th/ekhruuengbanthuek
https://solvemymedia.com/tr/ekran-kaydet
https://solvemymedia.com/tr/kaydedici
https://solvemymedia.com/uk/diktofon
https://solvemymedia.com/uk/zapis-ekrana
https://solvemymedia.com/vi/may-ghi-am
https://solvemymedia.com/zh/lu-yin-ji
https://solvemymedia.com/zh/lu-zhi","404
200
200
200
200
404
200
200
200
404
200
404
404
404
200
404
200
200
200
200
200
404
200
200
404
404
200
200
404
200
200
200
404
200
200
404
404
200
404
404
200
404
200
200
404
200
200
200","More than one page is linked for the same language
Some pages don't include hreflang links to all the other pages of the group
Some pages are not returning 200 status code",774500295674417905,45,45
22,https://solvemymedia.com/ro/transcrie,"Transcriere audio și video - AI Speech to Text - SolveMyMedia
SolveMyMedia - Free Online Media Optimization Tools",text/html; charset=utf-8,false,200,0,true,"https://solvemymedia.com/ar/nasg-alsawt
https://solvemymedia.com/ar/nskh
https://solvemymedia.com/cs/prepsat
https://solvemymedia.com/da/transskriber
https://solvemymedia.com/da/transskribere
https://solvemymedia.com/de/transkribieren
https://solvemymedia.com/el/antigrafo
https://solvemymedia.com/el/apografos
https://solvemymedia.com/es/transcribir
https://solvemymedia.com/fi/litteroi
https://solvemymedia.com/fi/litteroida
https://solvemymedia.com/fr/transcrire
https://solvemymedia.com/he/ltaateq
https://solvemymedia.com/he/taktur
https://solvemymedia.com/hi/transcript-kare
https://solvemymedia.com/hi/ttaaip-krnaa
https://solvemymedia.com/hu/atiratas
https://solvemymedia.com/hu/lemasol
https://solvemymedia.com/id/menuliskan
https://solvemymedia.com/it/trascrivere
https://solvemymedia.com/it/trascrivi
https://solvemymedia.com/ja/zhuan-xie-suru
https://solvemymedia.com/ko/gocyeo-sseuda
https://solvemymedia.com/ko/teuksi-keurib
https://solvemymedia.com/ms/transkripsi
https://solvemymedia.com/nl/transcriberen
https://solvemymedia.com/no/transkriben
https://solvemymedia.com/no/transkribere
https://solvemymedia.com/pl/rozpisac
https://solvemymedia.com/pl/transkrybuj
https://solvemymedia.com/pt/transcrever
https://solvemymedia.com/ro/transcrie
https://solvemymedia.com/ru/perepisyvat
https://solvemymedia.com/ru/transkribirovat
https://solvemymedia.com/sk/prepis
https://solvemymedia.com/sk/prepisovat
https://solvemymedia.com/sv/transkribera
https://solvemymedia.com/th/thdesiiyng
https://solvemymedia.com/th/thod-siang
https://solvemymedia.com/tr/metne-donustur
https://solvemymedia.com/tr/uyarlamak
https://solvemymedia.com/transcribe
https://solvemymedia.com/transcribe
https://solvemymedia.com/uk/transkriba
https://solvemymedia.com/uk/transkribuvati
https://solvemymedia.com/vi/chep-lai
https://solvemymedia.com/vi/sao-chep-am-thanh
https://solvemymedia.com/zh/lu-zhi
https://solvemymedia.com/zh/zhuan-lu","404
200
200
404
200
200
200
404
200
404
200
200
404
404
404
200
404
200
200
200
404
200
200
404
200
200
404
200
200
404
200
200
200
404
404
404
200
200
404
404
200
200
200
404
200
200
404
200
404","More than one page is linked for the same language
Some pages don't include hreflang links to all the other pages of the group
Some pages are not returning 200 status code",1124245034427686738,45,45
22,https://solvemymedia.com/de/transkribieren,"Audio- und Videotranskription – KI-Sprache in Text - SolveMyMedia
SolveMyMedia - Free Online Media Optimization Tools",text/html; charset=utf-8,false,200,0,true,"https://solvemymedia.com/ar/nasg-alsawt
https://solvemymedia.com/ar/nskh
https://solvemymedia.com/cs/prepsat
https://solvemymedia.com/da/transskriber
https://solvemymedia.com/da/transskribere
https://solvemymedia.com/de/transkribieren
https://solvemymedia.com/el/antigrafo
https://solvemymedia.com/el/apografos
https://solvemymedia.com/es/transcribir
https://solvemymedia.com/fi/litteroi
https://solvemymedia.com/fi/litteroida
https://solvemymedia.com/fr/transcrire
https://solvemymedia.com/he/ltaateq
https://solvemymedia.com/he/taktur
https://solvemymedia.com/hi/transcript-kare
https://solvemymedia.com/hi/ttaaip-krnaa
https://solvemymedia.com/hu/atiratas
https://solvemymedia.com/hu/lemasol
https://solvemymedia.com/id/menuliskan
https://solvemymedia.com/it/trascrivere
https://solvemymedia.com/it/trascrivi
https://solvemymedia.com/ja/zhuan-xie-suru
https://solvemymedia.com/ko/gocyeo-sseuda
https://solvemymedia.com/ko/teuksi-keurib
https://solvemymedia.com/ms/transkripsi
https://solvemymedia.com/nl/transcriberen
https://solvemymedia.com/no/transkriben
https://solvemymedia.com/no/transkribere
https://solvemymedia.com/pl/rozpisac
https://solvemymedia.com/pl/transkrybuj
https://solvemymedia.com/pt/transcrever
https://solvemymedia.com/ro/transcrie
https://solvemymedia.com/ru/perepisyvat
https://solvemymedia.com/ru/transkribirovat
https://solvemymedia.com/sk/prepis
https://solvemymedia.com/sk/prepisovat
https://solvemymedia.com/sv/transkribera
https://solvemymedia.com/th/thdesiiyng
https://solvemymedia.com/th/thod-siang
https://solvemymedia.com/tr/metne-donustur
https://solvemymedia.com/tr/uyarlamak
https://solvemymedia.com/transcribe
https://solvemymedia.com/transcribe
https://solvemymedia.com/uk/transkriba
https://solvemymedia.com/uk/transkribuvati
https://solvemymedia.com/vi/chep-lai
https://solvemymedia.com/vi/sao-chep-am-thanh
https://solvemymedia.com/zh/lu-zhi
https://solvemymedia.com/zh/zhuan-lu","404
200
200
404
200
200
200
404
200
404
200
200
404
404
404
200
404
200
200
200
404
200
200
404
200
200
404
200
200
404
200
200
200
404
404
404
200
200
404
404
200
200
200
404
200
200
404
200
404","More than one page is linked for the same language
Some pages don't include hreflang links to all the other pages of the group
Some pages are not returning 200 status code",1124245034427686738,45,45
22,https://solvemymedia.com/pt/transcrever,"Transcrição de áudio e vídeo - AI Speech to Text - SolveMyMedia
SolveMyMedia - Free Online Media Optimization Tools",text/html; charset=utf-8,false,200,0,true,"https://solvemymedia.com/ar/nasg-alsawt
https://solvemymedia.com/ar/nskh
https://solvemymedia.com/cs/prepsat
https://solvemymedia.com/da/transskriber
https://solvemymedia.com/da/transskribere
https://solvemymedia.com/de/transkribieren
https://solvemymedia.com/el/antigrafo
https://solvemymedia.com/el/apografos
https://solvemymedia.com/es/transcribir
https://solvemymedia.com/fi/litteroi
https://solvemymedia.com/fi/litteroida
https://solvemymedia.com/fr/transcrire
https://solvemymedia.com/he/ltaateq
https://solvemymedia.com/he/taktur
https://solvemymedia.com/hi/transcript-kare
https://solvemymedia.com/hi/ttaaip-krnaa
https://solvemymedia.com/hu/atiratas
https://solvemymedia.com/hu/lemasol
https://solvemymedia.com/id/menuliskan
https://solvemymedia.com/it/trascrivere
https://solvemymedia.com/it/trascrivi
https://solvemymedia.com/ja/zhuan-xie-suru
https://solvemymedia.com/ko/gocyeo-sseuda
https://solvemymedia.com/ko/teuksi-keurib
https://solvemymedia.com/ms/transkripsi
https://solvemymedia.com/nl/transcriberen
https://solvemymedia.com/no/transkriben
https://solvemymedia.com/no/transkribere
https://solvemymedia.com/pl/rozpisac
https://solvemymedia.com/pl/transkrybuj
https://solvemymedia.com/pt/transcrever
https://solvemymedia.com/ro/transcrie
https://solvemymedia.com/ru/perepisyvat
https://solvemymedia.com/ru/transkribirovat
https://solvemymedia.com/sk/prepis
https://solvemymedia.com/sk/prepisovat
https://solvemymedia.com/sv/transkribera
https://solvemymedia.com/th/thdesiiyng
https://solvemymedia.com/th/thod-siang
https://solvemymedia.com/tr/metne-donustur
https://solvemymedia.com/tr/uyarlamak
https://solvemymedia.com/transcribe
https://solvemymedia.com/transcribe
https://solvemymedia.com/uk/transkriba
https://solvemymedia.com/uk/transkribuvati
https://solvemymedia.com/vi/chep-lai
https://solvemymedia.com/vi/sao-chep-am-thanh
https://solvemymedia.com/zh/lu-zhi
https://solvemymedia.com/zh/zhuan-lu","404
200
200
404
200
200
200
404
200
404
200
200
404
404
404
200
404
200
200
200
404
200
200
404
200
200
404
200
200
404
200
200
200
404
404
404
200
200
404
404
200
200
200
404
200
200
404
200
404","More than one page is linked for the same language
Some pages don't include hreflang links to all the other pages of the group
Some pages are not returning 200 status code",1124245034427686738,45,45
21,https://solvemymedia.com/zh/lu-yin-ji,"屏幕和音频录音机 - 免费工作室录音 - SolveMyMedia
SolveMyMedia - Free Online Media Optimization Tools",text/html; charset=utf-8,false,200,0,true,"https://solvemymedia.com/ar/msjl
https://solvemymedia.com/cs/zaznamnik
https://solvemymedia.com/da/optager
https://solvemymedia.com/de/recorder
https://solvemymedia.com/el/mihanima-eggrafis
https://solvemymedia.com/es/grabadora
https://solvemymedia.com/fi/tallennin
https://solvemymedia.com/fr/enregistreur
https://solvemymedia.com/he/maqliyt
https://solvemymedia.com/hi/rikonrddr
https://solvemymedia.com/hu/felvevo
https://solvemymedia.com/id/perekam
https://solvemymedia.com/it/registratore
https://solvemymedia.com/ja/rekoda
https://solvemymedia.com/ko/giroggye
https://solvemymedia.com/ms/perakam
https://solvemymedia.com/nl/opnameapparaat
https://solvemymedia.com/no/opptaker
https://solvemymedia.com/pl/rejestrator
https://solvemymedia.com/pt/gravadora
https://solvemymedia.com/recorder
https://solvemymedia.com/recorder
https://solvemymedia.com/ro/recorder
https://solvemymedia.com/ru/diktofon
https://solvemymedia.com/sk/zaznamnik
https://solvemymedia.com/sv/inspelare
https://solvemymedia.com/th/ekhruuengbanthuek
https://solvemymedia.com/tr/kaydedici
https://solvemymedia.com/uk/diktofon
https://solvemymedia.com/vi/may-ghi-am
https://solvemymedia.com/zh/lu-yin-ji","200
200
200
200
200
200
200
200
404
200
200
200
200
200
200
200
200
200
200
200
200
200
200
200
404
200
200
200
200
200
200","Some pages don't include hreflang links to all the other pages of the group
Some pages are not returning 200 status code",774500295674417905,26,26
21,https://solvemymedia.com/ar/msjl,"مسجل الشاشة والصوت - تسجيل استوديو مجاني - SolveMyMedia
SolveMyMedia - Free Online Media Optimization Tools",text/html; charset=utf-8,false,200,0,true,"https://solvemymedia.com/ar/msjl
https://solvemymedia.com/cs/zaznamnik
https://solvemymedia.com/da/optager
https://solvemymedia.com/de/recorder
https://solvemymedia.com/el/mihanima-eggrafis
https://solvemymedia.com/es/grabadora
https://solvemymedia.com/fi/tallennin
https://solvemymedia.com/fr/enregistreur
https://solvemymedia.com/he/maqliyt
https://solvemymedia.com/hi/rikonrddr
https://solvemymedia.com/hu/felvevo
https://solvemymedia.com/id/perekam
https://solvemymedia.com/it/registratore
https://solvemymedia.com/ja/rekoda
https://solvemymedia.com/ko/giroggye
https://solvemymedia.com/ms/perakam
https://solvemymedia.com/nl/opnameapparaat
https://solvemymedia.com/no/opptaker
https://solvemymedia.com/pl/rejestrator
https://solvemymedia.com/pt/gravadora
https://solvemymedia.com/recorder
https://solvemymedia.com/recorder
https://solvemymedia.com/ro/recorder
https://solvemymedia.com/ru/diktofon
https://solvemymedia.com/sk/zaznamnik
https://solvemymedia.com/sv/inspelare
https://solvemymedia.com/th/ekhruuengbanthuek
https://solvemymedia.com/tr/kaydedici
https://solvemymedia.com/uk/diktofon
https://solvemymedia.com/vi/may-ghi-am
https://solvemymedia.com/zh/lu-yin-ji","200
200
200
200
200
200
200
200
404
200
200
200
200
200
200
200
200
200
200
200
200
200
200
200
404
200
200
200
200
200
200","Some pages don't include hreflang links to all the other pages of the group
Some pages are not returning 200 status code",774500295674417905,26,26
21,https://solvemymedia.com/th/aeplngesiiyng,"แปลงรูปแบบเสียง - แปลงเสียงออนไลน์ฟรี - SolveMyMedia
SolveMyMedia - Free Online Media Optimization Tools",text/html; charset=utf-8,false,200,0,true,"https://solvemymedia.com/ar/thwyl-lswt
https://solvemymedia.com/convert-audio
https://solvemymedia.com/convert-audio
https://solvemymedia.com/cs/prevest-zvuk
https://solvemymedia.com/da/konvertere-lyd
https://solvemymedia.com/de/audio-konvertieren
https://solvemymedia.com/el/metatropi-ihoy
https://solvemymedia.com/es/convertir-audio
https://solvemymedia.com/fi/muuntaa-aanta
https://solvemymedia.com/fr/convertir-laudio
https://solvemymedia.com/he/lhmyr-vdyv
https://solvemymedia.com/hi/onddiyo-privrtit-kren
https://solvemymedia.com/hu/hangot-konvertalni
https://solvemymedia.com/id/mengkonversi-audio
https://solvemymedia.com/it/convertire-laudio
https://solvemymedia.com/ja/odeiowobian-huan-suru
https://solvemymedia.com/ko/odio-byeonhwan
https://solvemymedia.com/ms/menukar-audio
https://solvemymedia.com/nl/audio-converteren
https://solvemymedia.com/no/konvertere-lyd
https://solvemymedia.com/pl/konwertowac-dzwiek
https://solvemymedia.com/pt/converter-audio
https://solvemymedia.com/ro/converti-audio
https://solvemymedia.com/ru/konvertirovat-audio
https://solvemymedia.com/sk/konvertovat-zvuk
https://solvemymedia.com/sv/konvertera-ljud
https://solvemymedia.com/th/aeplngesiiyng
https://solvemymedia.com/tr/sesi-donustur
https://solvemymedia.com/uk/konvertuvati-audio
https://solvemymedia.com/vi/chuyen-doi-am-thanh
https://solvemymedia.com/zh/zhuan-huan-yin-pin","200
200
200
200
200
200
200
200
200
200
404
200
200
200
200
200
200
200
200
200
200
200
200
200
404
200
200
200
200
200
200","Some pages don't include hreflang links to all the other pages of the group
Some pages are not returning 200 status code",17243122406961147091,26,26
21,https://solvemymedia.com/tr/videoyu-donustur,"Video Formatlarını Dönüştürme - Ücretsiz Çevrimiçi Video Dönüştürücü - SolveMyMedia
SolveMyMedia - Free Online Media Optimization Tools",text/html; charset=utf-8,false,200,0,true,"https://solvemymedia.com/ar/thwyl-lfydyw
https://solvemymedia.com/convert-video
https://solvemymedia.com/convert-video
https://solvemymedia.com/cs/prevest-video
https://solvemymedia.com/da/konvertere-video
https://solvemymedia.com/de/video-konvertieren
https://solvemymedia.com/el/metatropi-vinteo
https://solvemymedia.com/es/convertir-video
https://solvemymedia.com/fi/muuntaa-videon
https://solvemymedia.com/fr/convertir-une-video
https://solvemymedia.com/he/lhmyr-vydv
https://solvemymedia.com/hi/viiddiyo-privrtit-kren
https://solvemymedia.com/hu/video-konvertalasa
https://solvemymedia.com/id/mengkonversi-video
https://solvemymedia.com/it/convertire-video
https://solvemymedia.com/ja/bideowobian-huan-suru
https://solvemymedia.com/ko/bidio-byeonhwan
https://solvemymedia.com/ms/menukar-video
https://solvemymedia.com/nl/video-converteren
https://solvemymedia.com/no/konvertere-video
https://solvemymedia.com/pl/konwertuj-wideo
https://solvemymedia.com/pt/converter-video
https://solvemymedia.com/ro/converti-video
https://solvemymedia.com/ru/konvertirovat-video
https://solvemymedia.com/sk/konvertovat-video
https://solvemymedia.com/sv/konvertera-video
https://solvemymedia.com/th/aeplngwidiio
https://solvemymedia.com/tr/videoyu-donustur
https://solvemymedia.com/uk/konvertuvati-video
https://solvemymedia.com/vi/chuyen-doi-video
https://solvemymedia.com/zh/zhuan-huan-shi-pin","200
200
200
200
200
200
200
200
200
200
404
200
200
200
200
200
200
200
200
200
200
200
200
200
404
200
200
200
200
200
200","Some pages don't include hreflang links to all the other pages of the group
Some pages are not returning 200 status code",4827693839827001515,26,26
21,https://solvemymedia.com/vi/nen-video,"Nén video trực tuyến - Trình nén video an toàn miễn phí - SolveMyMedia
SolveMyMedia - Free Online Media Optimization Tools",text/html; charset=utf-8,false,200,0,true,"https://solvemymedia.com/ar/dght-alfidyo
https://solvemymedia.com/ar/dgt-lfydyw
https://solvemymedia.com/compress-video
https://solvemymedia.com/compress-video
https://solvemymedia.com/cs/komprimovat-video
https://solvemymedia.com/da/komprimer-video
https://solvemymedia.com/da/komprimere-video
https://solvemymedia.com/de/video-komprimieren
https://solvemymedia.com/el/symnpiesost-video
https://solvemymedia.com/el/sympiesi-vinteo
https://solvemymedia.com/es/comprimir-video
https://solvemymedia.com/fi/pakkaa-video
https://solvemymedia.com/fr/compresser-la-video
https://solvemymedia.com/he/dchisot-video
https://solvemymedia.com/he/ldkhvs-vydv
https://solvemymedia.com/hi/video-compress-kare
https://solvemymedia.com/hi/viiddiyo-snpiiddit-kren
https://solvemymedia.com/hu/video-tomoritese
https://solvemymedia.com/id/kompres-video
https://solvemymedia.com/it/comprimere-il-video
https://solvemymedia.com/it/comprimi-video
https://solvemymedia.com/ja/bideowoya-suo-suru
https://solvemymedia.com/ko/bidio-abcug
https://solvemymedia.com/ko/bidio-apchuk
https://solvemymedia.com/ms/mampat-video
https://solvemymedia.com/ms/memampatkan-video
https://solvemymedia.com/nl/video-comprimeren
https://solvemymedia.com/no/komprimere-video
https://solvemymedia.com/pl/kompresowac-wideo
https://solvemymedia.com/pl/kompresuj-wideo
https://solvemymedia.com/pt/compactar-video
https://solvemymedia.com/pt/comprimir-video
https://solvemymedia.com/ro/comprima-video
https://solvemymedia.com/ru/szhat-video
https://solvemymedia.com/ru/szhimat-video
https://solvemymedia.com/sk/komprimovat-video
https://solvemymedia.com/sv/komprimera-video
https://solvemymedia.com/th/biibadwidiio
https://solvemymedia.com/th/ko-op-wideo
https://solvemymedia.com/tr/video-sikistir
https://solvemymedia.com/tr/videoyu-sikistir
https://solvemymedia.com/uk/stiskati-video
https://solvemymedia.com/uk/sty-snuti-video
https://solvemymedia.com/vi/nen-video
https://solvemymedia.com/zh/ya-suo-shi-pin","404
200
200
200
200
404
200
200
404
200
200
200
200
404
404
404
200
200
200
200
404
200
200
404
404
200
200
200
200
404
200
404
200
404
200
404
200
200
404
404
200
200
404
200
200","More than one page is linked for the same language
Some pages don't include hreflang links to all the other pages of the group
Some pages are not returning 200 status code",926993157700666916,42,42
21,https://solvemymedia.com/tr/gif-olustur,"Videodan GIF Oluşturucuya - Videoyu Animasyonlu GIF'e Dönüştürün - SolveMyMedia
SolveMyMedia - Free Online Media Optimization Tools",text/html; charset=utf-8,false,200,0,true,"https://solvemymedia.com/ar/anshaaa-gif
https://solvemymedia.com/ar/nsh-swr-mthrk
https://solvemymedia.com/create-gif
https://solvemymedia.com/create-gif
https://solvemymedia.com/cs/vytvorit-gif
https://solvemymedia.com/da/opret-gif
https://solvemymedia.com/da/oprette-gif
https://solvemymedia.com/de/gif-erstellen
https://solvemymedia.com/el/dimioyrgia-gif
https://solvemymedia.com/es/crear-gif
https://solvemymedia.com/fi/luo-gif
https://solvemymedia.com/fr/creer-un-gif
https://solvemymedia.com/he/lytsvr-gif
https://solvemymedia.com/he/tzor-gif
https://solvemymedia.com/hi/gif-banaye
https://solvemymedia.com/hi/gif-bnaaen
https://solvemymedia.com/hu/gif-letrehozasa
https://solvemymedia.com/id/membuat-gif
https://solvemymedia.com/it/crea-gif
https://solvemymedia.com/it/creare-una-gif
https://solvemymedia.com/ja/gifwozuo-cheng
https://solvemymedia.com/ko/gif-mandeulgi
https://solvemymedia.com/ms/buat-gif
https://solvemymedia.com/nl/gif-maken
https://solvemymedia.com/no/lag-gif
https://solvemymedia.com/no/lage-gif
https://solvemymedia.com/pl/stworz-gif
https://solvemymedia.com/pl/utworz-gifa
https://solvemymedia.com/pt/criar-gif
https://solvemymedia.com/ro/creati-gif
https://solvemymedia.com/ro/creeaza-gif
https://solvemymedia.com/ru/sozdat-gif
https://solvemymedia.com/ru/sozdat-gifku
https://solvemymedia.com/sk/vytvorit-gif
https://solvemymedia.com/sv/skapa-gif
https://solvemymedia.com/th/sang-gif
https://solvemymedia.com/th/sraangkif
https://solvemymedia.com/tr/gif-olustur
https://solvemymedia.com/uk/stvoriti-gif
https://solvemymedia.com/vi/tao-anh-gif
https://solvemymedia.com/vi/tao-gif
https://solvemymedia.com/zh/chuang-jian-gif","404
200
200
200
200
404
200
200
200
200
200
200
404
404
404
200
200
200
404
200
200
200
200
200
404
200
404
200
200
200
404
404
200
404
200
404
200
200
200
200
404
200","More than one page is linked for the same language
Some pages don't include hreflang links to all the other pages of the group
Some pages are not returning 200 status code",17321000843242609092,39,39
21,https://solvemymedia.com/nl/audio-converteren,"Audioformaten converteren - Gratis online audioconverter - SolveMyMedia
SolveMyMedia - Free Online Media Optimization Tools",text/html; charset=utf-8,false,200,0,true,"https://solvemymedia.com/ar/thwyl-alsawt
https://solvemymedia.com/ar/thwyl-lswt
https://solvemymedia.com/convert-audio
https://solvemymedia.com/convert-audio
https://solvemymedia.com/cs/konvertovat-audio
https://solvemymedia.com/cs/prevest-zvuk
https://solvemymedia.com/da/konverter-lyd
https://solvemymedia.com/da/konvertere-lyd
https://solvemymedia.com/de/audio-konvertieren
https://solvemymedia.com/el/metaporpe-audio
https://solvemymedia.com/el/metatropi-ihoy
https://solvemymedia.com/es/convertir-audio
https://solvemymedia.com/fi/muunna-audio
https://solvemymedia.com/fi/muuntaa-aanta
https://solvemymedia.com/fr/convertir-laudio
https://solvemymedia.com/he/hmr-audio
https://solvemymedia.com/he/lhmyr-vdyv
https://solvemymedia.com/hi/audio-convert-kare
https://solvemymedia.com/hi/onddiyo-privrtit-kren
https://solvemymedia.com/hu/hang-konvertalasa
https://solvemymedia.com/hu/hangot-konvertalni
https://solvemymedia.com/id/mengkonversi-audio
https://solvemymedia.com/it/converti-audio
https://solvemymedia.com/it/convertire-laudio
https://solvemymedia.com/ja/odeiowobian-huan-suru
https://solvemymedia.com/ko/odio-byeonhwan
https://solvemymedia.com/ms/menukar-audio
https://solvemymedia.com/ms/tukar-audio
https://solvemymedia.com/nl/audio-converteren
https://solvemymedia.com/no/konvertere-lyd
https://solvemymedia.com/pl/konwertowac-dzwiek
https://solvemymedia.com/pl/konwertuj-audio
https://solvemymedia.com/pt/converter-audio
https://solvemymedia.com/ro/converteste-audio
https://solvemymedia.com/ro/converti-audio
https://solvemymedia.com/ru/konvertirovat-audio
https://solvemymedia.com/sk/konvertovat-audio
https://solvemymedia.com/sk/konvertovat-zvuk
https://solvemymedia.com/sv/konvertera-ljud
https://solvemymedia.com/th/aeplngesiiyng
https://solvemymedia.com/th/pli-an-audio
https://solvemymedia.com/tr/ses-donustur
https://solvemymedia.com/tr/sesi-donustur
https://solvemymedia.com/uk/konvertuvati-audio
https://solvemymedia.com/vi/chuyen-doi-am-thanh
https://solvemymedia.com/zh/zhuan-huan-yin-pin","404
200
200
200
404
200
404
200
200
404
200
200
404
200
200
404
404
404
200
404
200
200
404
200
200
200
200
404
200
200
200
404
200
404
200
200
404
404
200
200
404
404
200
200
200
200","More than one page is linked for the same language
Some pages don't include hreflang links to all the other pages of the group
Some pages are not returning 200 status code",9570318248645165765,42,42
21,https://solvemymedia.com/ar/nskh,"نسخ الصوت والفيديو - تحويل الكلام إلى نص باستخدام الذكاء الاصطناعي - SolveMyMedia
SolveMyMedia - Free Online Media Optimization Tools",text/html; charset=utf-8,false,200,0,true,"https://solvemymedia.com/ar/nskh
https://solvemymedia.com/cs/prepsat
https://solvemymedia.com/da/transskribere
https://solvemymedia.com/de/transkribieren
https://solvemymedia.com/el/antigrafo
https://solvemymedia.com/es/transcribir
https://solvemymedia.com/fi/litteroida
https://solvemymedia.com/fr/transcrire
https://solvemymedia.com/he/ltaateq
https://solvemymedia.com/hi/ttaaip-krnaa
https://solvemymedia.com/hu/lemasol
https://solvemymedia.com/id/menuliskan
https://solvemymedia.com/it/trascrivere
https://solvemymedia.com/ja/zhuan-xie-suru
https://solvemymedia.com/ko/gocyeo-sseuda
https://solvemymedia.com/ms/transkripsi
https://solvemymedia.com/nl/transcriberen
https://solvemymedia.com/no/transkribere
https://solvemymedia.com/pl/rozpisac
https://solvemymedia.com/pt/transcrever
https://solvemymedia.com/ro/transcrie
https://solvemymedia.com/ru/perepisyvat
https://solvemymedia.com/sk/prepisovat
https://solvemymedia.com/sv/transkribera
https://solvemymedia.com/th/thdesiiyng
https://solvemymedia.com/tr/uyarlamak
https://solvemymedia.com/transcribe
https://solvemymedia.com/transcribe
https://solvemymedia.com/uk/transkribuvati
https://solvemymedia.com/vi/chep-lai
https://solvemymedia.com/zh/lu-zhi","200
200
200
200
200
200
200
200
404
200
200
200
200
200
200
200
200
200
200
200
200
200
404
200
200
200
200
200
200
200
200","Some pages don't include hreflang links to all the other pages of the group
Some pages are not returning 200 status code",1124245034427686738,26,26
21,https://solvemymedia.com/fi/muuntaa-videon,"Muunna videomuodot - ilmainen online-videomuunnin - SolveMyMedia
SolveMyMedia - Free Online Media Optimization Tools",text/html; charset=utf-8,false,200,0,true,"https://solvemymedia.com/ar/thwyl-lfydyw
https://solvemymedia.com/convert-video
https://solvemymedia.com/convert-video
https://solvemymedia.com/cs/prevest-video
https://solvemymedia.com/da/konvertere-video
https://solvemymedia.com/de/video-konvertieren
https://solvemymedia.com/el/metatropi-vinteo
https://solvemymedia.com/es/convertir-video
https://solvemymedia.com/fi/muuntaa-videon
https://solvemymedia.com/fr/convertir-une-video
https://solvemymedia.com/he/lhmyr-vydv
https://solvemymedia.com/hi/viiddiyo-privrtit-kren
https://solvemymedia.com/hu/video-konvertalasa
https://solvemymedia.com/id/mengkonversi-video
https://solvemymedia.com/it/convertire-video
https://solvemymedia.com/ja/bideowobian-huan-suru
https://solvemymedia.com/ko/bidio-byeonhwan
https://solvemymedia.com/ms/menukar-video
https://solvemymedia.com/nl/video-converteren
https://solvemymedia.com/no/konvertere-video
https://solvemymedia.com/pl/konwertuj-wideo
https://solvemymedia.com/pt/converter-video
https://solvemymedia.com/ro/converti-video
https://solvemymedia.com/ru/konvertirovat-video
https://solvemymedia.com/sk/konvertovat-video
https://solvemymedia.com/sv/konvertera-video
https://solvemymedia.com/th/aeplngwidiio
https://solvemymedia.com/tr/videoyu-donustur
https://solvemymedia.com/uk/konvertuvati-video
https://solvemymedia.com/vi/chuyen-doi-video
https://solvemymedia.com/zh/zhuan-huan-shi-pin","200
200
200
200
200
200
200
200
200
200
404
200
200
200
200
200
200
200
200
200
200
200
200
200
404
200
200
200
200
200
200","Some pages don't include hreflang links to all the other pages of the group
Some pages are not returning 200 status code",4827693839827001515,26,26
21,https://solvemymedia.com/uk/konvertuvati-audio,"Перетворення аудіоформатів - безкоштовний онлайн-конвертер аудіо - SolveMyMedia
SolveMyMedia - Free Online Media Optimization Tools",text/html; charset=utf-8,false,200,0,true,"https://solvemymedia.com/ar/thwyl-alsawt
https://solvemymedia.com/ar/thwyl-lswt
https://solvemymedia.com/convert-audio
https://solvemymedia.com/convert-audio
https://solvemymedia.com/cs/konvertovat-audio
https://solvemymedia.com/cs/prevest-zvuk
https://solvemymedia.com/da/konverter-lyd
https://solvemymedia.com/da/konvertere-lyd
https://solvemymedia.com/de/audio-konvertieren
https://solvemymedia.com/el/metaporpe-audio
https://solvemymedia.com/el/metatropi-ihoy
https://solvemymedia.com/es/convertir-audio
https://solvemymedia.com/fi/muunna-audio
https://solvemymedia.com/fi/muuntaa-aanta
https://solvemymedia.com/fr/convertir-laudio
https://solvemymedia.com/he/hmr-audio
https://solvemymedia.com/he/lhmyr-vdyv
https://solvemymedia.com/hi/audio-convert-kare
https://solvemymedia.com/hi/onddiyo-privrtit-kren
https://solvemymedia.com/hu/hang-konvertalasa
https://solvemymedia.com/hu/hangot-konvertalni
https://solvemymedia.com/id/mengkonversi-audio
https://solvemymedia.com/it/converti-audio
https://solvemymedia.com/it/convertire-laudio
https://solvemymedia.com/ja/odeiowobian-huan-suru
https://solvemymedia.com/ko/odio-byeonhwan
https://solvemymedia.com/ms/menukar-audio
https://solvemymedia.com/ms/tukar-audio
https://solvemymedia.com/nl/audio-converteren
https://solvemymedia.com/no/konvertere-lyd
https://solvemymedia.com/pl/konwertowac-dzwiek
https://solvemymedia.com/pl/konwertuj-audio
https://solvemymedia.com/pt/converter-audio
https://solvemymedia.com/ro/converteste-audio
https://solvemymedia.com/ro/converti-audio
https://solvemymedia.com/ru/konvertirovat-audio
https://solvemymedia.com/sk/konvertovat-audio
https://solvemymedia.com/sk/konvertovat-zvuk
https://solvemymedia.com/sv/konvertera-ljud
https://solvemymedia.com/th/aeplngesiiyng
https://solvemymedia.com/th/pli-an-audio
https://solvemymedia.com/tr/ses-donustur
https://solvemymedia.com/tr/sesi-donustur
https://solvemymedia.com/uk/konvertuvati-audio
https://solvemymedia.com/vi/chuyen-doi-am-thanh
https://solvemymedia.com/zh/zhuan-huan-yin-pin","404
200
200
200
404
200
404
200
200
404
200
200
404
200
200
404
404
404
200
404
200
200
404
200
200
200
200
404
200
200
200
404
200
404
200
200
404
404
200
200
404
404
200
200
200
200","More than one page is linked for the same language
Some pages don't include hreflang links to all the other pages of the group
Some pages are not returning 200 status code",9570318248645165765,42,42
21,https://solvemymedia.com/cs/komprimovat-video,"Komprimujte video online – Bezpečný kompresor videa zdarma - SolveMyMedia
SolveMyMedia - Free Online Media Optimization Tools",text/html; charset=utf-8,false,200,0,true,"https://solvemymedia.com/ar/dght-alfidyo
https://solvemymedia.com/ar/dgt-lfydyw
https://solvemymedia.com/compress-video
https://solvemymedia.com/compress-video
https://solvemymedia.com/cs/komprimovat-video
https://solvemymedia.com/da/komprimer-video
https://solvemymedia.com/da/komprimere-video
https://solvemymedia.com/de/video-komprimieren
https://solvemymedia.com/el/symnpiesost-video
https://solvemymedia.com/el/sympiesi-vinteo
https://solvemymedia.com/es/comprimir-video
https://solvemymedia.com/fi/pakkaa-video
https://solvemymedia.com/fr/compresser-la-video
https://solvemymedia.com/he/dchisot-video
https://solvemymedia.com/he/ldkhvs-vydv
https://solvemymedia.com/hi/video-compress-kare
https://solvemymedia.com/hi/viiddiyo-snpiiddit-kren
https://solvemymedia.com/hu/video-tomoritese
https://solvemymedia.com/id/kompres-video
https://solvemymedia.com/it/comprimere-il-video
https://solvemymedia.com/it/comprimi-video
https://solvemymedia.com/ja/bideowoya-suo-suru
https://solvemymedia.com/ko/bidio-abcug
https://solvemymedia.com/ko/bidio-apchuk
https://solvemymedia.com/ms/mampat-video
https://solvemymedia.com/ms/memampatkan-video
https://solvemymedia.com/nl/video-comprimeren
https://solvemymedia.com/no/komprimere-video
https://solvemymedia.com/pl/kompresowac-wideo
https://solvemymedia.com/pl/kompresuj-wideo
https://solvemymedia.com/pt/compactar-video
https://solvemymedia.com/pt/comprimir-video
https://solvemymedia.com/ro/comprima-video
https://solvemymedia.com/ru/szhat-video
https://solvemymedia.com/ru/szhimat-video
https://solvemymedia.com/sk/komprimovat-video
https://solvemymedia.com/sv/komprimera-video
https://solvemymedia.com/th/biibadwidiio
https://solvemymedia.com/th/ko-op-wideo
https://solvemymedia.com/tr/video-sikistir
https://solvemymedia.com/tr/videoyu-sikistir
https://solvemymedia.com/uk/stiskati-video
https://solvemymedia.com/uk/sty-snuti-video
https://solvemymedia.com/vi/nen-video
https://solvemymedia.com/zh/ya-suo-shi-pin","404
200
200
200
200
404
200
200
404
200
200
200
200
404
404
404
200
200
200
200
404
200
200
404
404
200
200
200
200
404
200
404
200
404
200
404
200
200
404
404
200
200
404
200
200","More than one page is linked for the same language
Some pages don't include hreflang links to all the other pages of the group
Some pages are not returning 200 status code",926993157700666916,42,42
21,https://solvemymedia.com/nl/gif-maken,"Video naar GIF Maker - Converteer video naar geanimeerde GIF - SolveMyMedia
SolveMyMedia - Free Online Media Optimization Tools",text/html; charset=utf-8,false,200,0,true,"https://solvemymedia.com/ar/anshaaa-gif
https://solvemymedia.com/ar/nsh-swr-mthrk
https://solvemymedia.com/create-gif
https://solvemymedia.com/create-gif
https://solvemymedia.com/cs/vytvorit-gif
https://solvemymedia.com/da/opret-gif
https://solvemymedia.com/da/oprette-gif
https://solvemymedia.com/de/gif-erstellen
https://solvemymedia.com/el/dimioyrgia-gif
https://solvemymedia.com/es/crear-gif
https://solvemymedia.com/fi/luo-gif
https://solvemymedia.com/fr/creer-un-gif
https://solvemymedia.com/he/lytsvr-gif
https://solvemymedia.com/he/tzor-gif
https://solvemymedia.com/hi/gif-banaye
https://solvemymedia.com/hi/gif-bnaaen
https://solvemymedia.com/hu/gif-letrehozasa
https://solvemymedia.com/id/membuat-gif
https://solvemymedia.com/it/crea-gif
https://solvemymedia.com/it/creare-una-gif
https://solvemymedia.com/ja/gifwozuo-cheng
https://solvemymedia.com/ko/gif-mandeulgi
https://solvemymedia.com/ms/buat-gif
https://solvemymedia.com/nl/gif-maken
https://solvemymedia.com/no/lag-gif
https://solvemymedia.com/no/lage-gif
https://solvemymedia.com/pl/stworz-gif
https://solvemymedia.com/pl/utworz-gifa
https://solvemymedia.com/pt/criar-gif
https://solvemymedia.com/ro/creati-gif
https://solvemymedia.com/ro/creeaza-gif
https://solvemymedia.com/ru/sozdat-gif
https://solvemymedia.com/ru/sozdat-gifku
https://solvemymedia.com/sk/vytvorit-gif
https://solvemymedia.com/sv/skapa-gif
https://solvemymedia.com/th/sang-gif
https://solvemymedia.com/th/sraangkif
https://solvemymedia.com/tr/gif-olustur
https://solvemymedia.com/uk/stvoriti-gif
https://solvemymedia.com/vi/tao-anh-gif
https://solvemymedia.com/vi/tao-gif
https://solvemymedia.com/zh/chuang-jian-gif","404
200
200
200
200
404
200
200
200
200
200
200
404
404
404
200
200
200
404
200
200
200
200
200
404
200
404
200
200
200
404
404
200
404
200
404
200
200
200
200
404
200","More than one page is linked for the same language
Some pages don't include hreflang links to all the other pages of the group
Some pages are not returning 200 status code",17321000843242609092,39,39
21,https://solvemymedia.com/ro/creati-gif,"Video to GIF Maker - Convertiți videoclipul în GIF animat - SolveMyMedia
SolveMyMedia - Free Online Media Optimization Tools",text/html; charset=utf-8,false,200,0,true,"https://solvemymedia.com/ar/nsh-swr-mthrk
https://solvemymedia.com/create-gif
https://solvemymedia.com/create-gif
https://solvemymedia.com/cs/vytvorit-gif
https://solvemymedia.com/da/oprette-gif
https://solvemymedia.com/de/gif-erstellen
https://solvemymedia.com/el/dimioyrgia-gif
https://solvemymedia.com/es/crear-gif
https://solvemymedia.com/fi/luo-gif
https://solvemymedia.com/fr/creer-un-gif
https://solvemymedia.com/he/lytsvr-gif
https://solvemymedia.com/hi/gif-bnaaen
https://solvemymedia.com/hu/gif-letrehozasa
https://solvemymedia.com/id/membuat-gif
https://solvemymedia.com/it/creare-una-gif
https://solvemymedia.com/ja/gifwozuo-cheng
https://solvemymedia.com/ko/gif-mandeulgi
https://solvemymedia.com/ms/buat-gif
https://solvemymedia.com/nl/gif-maken
https://solvemymedia.com/no/lage-gif
https://solvemymedia.com/pl/utworz-gifa
https://solvemymedia.com/pt/criar-gif
https://solvemymedia.com/ro/creati-gif
https://solvemymedia.com/ru/sozdat-gifku
https://solvemymedia.com/sk/vytvorit-gif
https://solvemymedia.com/sv/skapa-gif
https://solvemymedia.com/th/sraangkif
https://solvemymedia.com/tr/gif-olustur
https://solvemymedia.com/uk/stvoriti-gif
https://solvemymedia.com/vi/tao-anh-gif
https://solvemymedia.com/zh/chuang-jian-gif","200
200
200
200
200
200
200
200
200
200
404
200
200
200
200
200
200
200
200
200
200
200
200
200
404
200
200
200
200
200
200","Some pages don't include hreflang links to all the other pages of the group
Some pages are not returning 200 status code",17321000843242609092,26,26
21,https://solvemymedia.com/uk/diktofon,"Запис екрану та звуку - безкоштовний студійний запис - SolveMyMedia
SolveMyMedia - Free Online Media Optimization Tools",text/html; charset=utf-8,false,200,0,true,"https://solvemymedia.com/ar/msjl
https://solvemymedia.com/cs/zaznamnik
https://solvemymedia.com/da/optager
https://solvemymedia.com/de/recorder
https://solvemymedia.com/el/mihanima-eggrafis
https://solvemymedia.com/es/grabadora
https://solvemymedia.com/fi/tallennin
https://solvemymedia.com/fr/enregistreur
https://solvemymedia.com/he/maqliyt
https://solvemymedia.com/hi/rikonrddr
https://solvemymedia.com/hu/felvevo
https://solvemymedia.com/id/perekam
https://solvemymedia.com/it/registratore
https://solvemymedia.com/ja/rekoda
https://solvemymedia.com/ko/giroggye
https://solvemymedia.com/ms/perakam
https://solvemymedia.com/nl/opnameapparaat
https://solvemymedia.com/no/opptaker
https://solvemymedia.com/pl/rejestrator
https://solvemymedia.com/pt/gravadora
https://solvemymedia.com/recorder
https://solvemymedia.com/recorder
https://solvemymedia.com/ro/recorder
https://solvemymedia.com/ru/diktofon
https://solvemymedia.com/sk/zaznamnik
https://solvemymedia.com/sv/inspelare
https://solvemymedia.com/th/ekhruuengbanthuek
https://solvemymedia.com/tr/kaydedici
https://solvemymedia.com/uk/diktofon
https://solvemymedia.com/vi/may-ghi-am
https://solvemymedia.com/zh/lu-yin-ji","200
200
200
200
200
200
200
200
404
200
200
200
200
200
200
200
200
200
200
200
200
200
200
200
404
200
200
200
200
200
200","Some pages don't include hreflang links to all the other pages of the group
Some pages are not returning 200 status code",774500295674417905,26,26
21,https://solvemymedia.com/ru/video-v-audio,"Извлечение аудио из видео - конвертер видео в MP3 - SolveMyMedia
SolveMyMedia - Free Online Media Optimization Tools",text/html; charset=utf-8,false,200,0,true,"https://solvemymedia.com/ar/fidyo-ila-sawt
https://solvemymedia.com/ar/lfydyw-l-lswt
https://solvemymedia.com/cs/video-na-audio
https://solvemymedia.com/cs/video-na-zvuk
https://solvemymedia.com/da/video-til-lyd
https://solvemymedia.com/de/video-zu-audio
https://solvemymedia.com/el/video-se-audio
https://solvemymedia.com/el/vinteo-se-iho
https://solvemymedia.com/es/video-a-audio
https://solvemymedia.com/fi/video-audioksi
https://solvemymedia.com/fi/videosta-aaneksi
https://solvemymedia.com/fr/video-en-audio
https://solvemymedia.com/he/video-leaudio
https://solvemymedia.com/he/vydv-lvdyv
https://solvemymedia.com/hi/video-se-audio
https://solvemymedia.com/hi/viiddiyo-se-onddiyo
https://solvemymedia.com/hu/video-hanggya
https://solvemymedia.com/hu/videorol-hangra
https://solvemymedia.com/id/video-ke-audio
https://solvemymedia.com/it/video-in-audio
https://solvemymedia.com/ja/bideokaraodeiohe
https://solvemymedia.com/ko/bidio-eseo-odio
https://solvemymedia.com/ko/bidioreul-odioro
https://solvemymedia.com/ms/video-ke-audio
https://solvemymedia.com/ms/video-kepada-audio
https://solvemymedia.com/nl/video-naar-audio
https://solvemymedia.com/no/video-til-lyd
https://solvemymedia.com/pl/wideo-do-dzwieku
https://solvemymedia.com/pl/wideo-na-audio
https://solvemymedia.com/pt/video-para-audio
https://solvemymedia.com/ro/video-in-audio
https://solvemymedia.com/ro/video-la-audio
https://solvemymedia.com/ru/video-v-audio
https://solvemymedia.com/sk/video-na-audio
https://solvemymedia.com/sk/video-na-zvuk
https://solvemymedia.com/sv/video-till-ljud
https://solvemymedia.com/th/wideo-phen-siang
https://solvemymedia.com/th/widiioepnesiiyng
https://solvemymedia.com/tr/videodan-ses
https://solvemymedia.com/tr/videodan-sese
https://solvemymedia.com/uk/video-v-audio
https://solvemymedia.com/vi/video-sang-am-thanh
https://solvemymedia.com/vi/video-thanh-am-thanh
https://solvemymedia.com/video-to-audio
https://solvemymedia.com/video-to-audio
https://solvemymedia.com/zh/shi-pin-zhuan-yin-pin","404
200
404
200
200
200
404
200
200
404
200
200
404
404
404
200
404
200
200
200
200
404
200
404
200
200
200
200
404
200
200
404
200
404
404
200
404
200
404
200
200
404
200
200
200
200","More than one page is linked for the same language
Some pages don't include hreflang links to all the other pages of the group
Some pages are not returning 200 status code",2926664764167155975,42,42
21,https://solvemymedia.com/hi/viiddiyo-se-onddiyo,"वीडियो से ऑडियो निकालें - वीडियो से एमपी3 कनवर्टर - SolveMyMedia
SolveMyMedia - Free Online Media Optimization Tools",text/html; charset=utf-8,false,200,0,true,"https://solvemymedia.com/ar/lfydyw-l-lswt
https://solvemymedia.com/cs/video-na-zvuk
https://solvemymedia.com/da/video-til-lyd
https://solvemymedia.com/de/video-zu-audio
https://solvemymedia.com/el/vinteo-se-iho
https://solvemymedia.com/es/video-a-audio
https://solvemymedia.com/fi/videosta-aaneksi
https://solvemymedia.com/fr/video-en-audio
https://solvemymedia.com/he/vydv-lvdyv
https://solvemymedia.com/hi/viiddiyo-se-onddiyo
https://solvemymedia.com/hu/videorol-hangra
https://solvemymedia.com/id/video-ke-audio
https://solvemymedia.com/it/video-in-audio
https://solvemymedia.com/ja/bideokaraodeiohe
https://solvemymedia.com/ko/bidioreul-odioro
https://solvemymedia.com/ms/video-kepada-audio
https://solvemymedia.com/nl/video-naar-audio
https://solvemymedia.com/no/video-til-lyd
https://solvemymedia.com/pl/wideo-do-dzwieku
https://solvemymedia.com/pt/video-para-audio
https://solvemymedia.com/ro/video-in-audio
https://solvemymedia.com/ru/video-v-audio
https://solvemymedia.com/sk/video-na-zvuk
https://solvemymedia.com/sv/video-till-ljud
https://solvemymedia.com/th/widiioepnesiiyng
https://solvemymedia.com/tr/videodan-sese
https://solvemymedia.com/uk/video-v-audio
https://solvemymedia.com/vi/video-thanh-am-thanh
https://solvemymedia.com/video-to-audio
https://solvemymedia.com/video-to-audio
https://solvemymedia.com/zh/shi-pin-zhuan-yin-pin","200
200
200
200
200
200
200
200
404
200
200
200
200
200
200
200
200
200
200
200
200
200
404
200
200
200
200
200
200
200
200","Some pages don't include hreflang links to all the other pages of the group
Some pages are not returning 200 status code",2926664764167155975,26,26
21,https://solvemymedia.com/ko/bidio-byeonhwan,"비디오 형식 변환 - 무료 온라인 비디오 변환기 - SolveMyMedia
SolveMyMedia - Free Online Media Optimization Tools",text/html; charset=utf-8,false,200,0,true,"https://solvemymedia.com/ar/thwyl-alfidyo
https://solvemymedia.com/ar/thwyl-lfydyw
https://solvemymedia.com/convert-video
https://solvemymedia.com/convert-video
https://solvemymedia.com/cs/konvertovat-video
https://solvemymedia.com/cs/prevest-video
https://solvemymedia.com/da/konverter-video
https://solvemymedia.com/da/konvertere-video
https://solvemymedia.com/de/video-konvertieren
https://solvemymedia.com/el/metaporpe-video
https://solvemymedia.com/el/metatropi-vinteo
https://solvemymedia.com/es/convertir-video
https://solvemymedia.com/fi/muunna-video
https://solvemymedia.com/fi/muuntaa-videon
https://solvemymedia.com/fr/convertir-une-video
https://solvemymedia.com/he/hmr-video
https://solvemymedia.com/he/lhmyr-vydv
https://solvemymedia.com/hi/video-convert-kare
https://solvemymedia.com/hi/viiddiyo-privrtit-kren
https://solvemymedia.com/hu/video-konvertalasa
https://solvemymedia.com/id/mengkonversi-video
https://solvemymedia.com/it/converti-video
https://solvemymedia.com/it/convertire-video
https://solvemymedia.com/ja/bideowobian-huan-suru
https://solvemymedia.com/ko/bidio-byeonhwan
https://solvemymedia.com/ms/menukar-video
https://solvemymedia.com/ms/tukar-video
https://solvemymedia.com/nl/video-converteren
https://solvemymedia.com/no/konvertere-video
https://solvemymedia.com/pl/konwertuj-wideo
https://solvemymedia.com/pt/converter-video
https://solvemymedia.com/ro/converteste-video
https://solvemymedia.com/ro/converti-video
https://solvemymedia.com/ru/konvertirovat-video
https://solvemymedia.com/sk/konvertovat-video
https://solvemymedia.com/sv/konvertera-video
https://solvemymedia.com/th/aeplngwidiio
https://solvemymedia.com/th/pli-an-wideo
https://solvemymedia.com/tr/video-donustur
https://solvemymedia.com/tr/videoyu-donustur
https://solvemymedia.com/uk/konvertuvati-video
https://solvemymedia.com/vi/chuyen-doi-video
https://solvemymedia.com/zh/zhuan-huan-shi-pin","404
200
200
200
404
200
404
200
200
404
200
200
404
200
200
404
404
404
200
200
200
404
200
200
200
200
404
200
200
200
200
404
200
200
404
200
200
404
404
200
200
200
200","More than one page is linked for the same language
Some pages don't include hreflang links to all the other pages of the group
Some pages are not returning 200 status code",3718947784658654109,40,40
21,https://solvemymedia.com/tr/videoyu-sikistir,"Videoyu Çevrimiçi Sıkıştırın - Ücretsiz Güvenli Video Kompresörü - SolveMyMedia
SolveMyMedia - Free Online Media Optimization Tools",text/html; charset=utf-8,false,200,0,true,"https://solvemymedia.com/ar/dgt-lfydyw
https://solvemymedia.com/compress-video
https://solvemymedia.com/compress-video
https://solvemymedia.com/cs/komprimovat-video
https://solvemymedia.com/da/komprimere-video
https://solvemymedia.com/de/video-komprimieren
https://solvemymedia.com/el/sympiesi-vinteo
https://solvemymedia.com/es/comprimir-video
https://solvemymedia.com/fi/pakkaa-video
https://solvemymedia.com/fr/compresser-la-video
https://solvemymedia.com/he/ldkhvs-vydv
https://solvemymedia.com/hi/viiddiyo-snpiiddit-kren
https://solvemymedia.com/hu/video-tomoritese
https://solvemymedia.com/id/kompres-video
https://solvemymedia.com/it/comprimere-il-video
https://solvemymedia.com/ja/bideowoya-suo-suru
https://solvemymedia.com/ko/bidio-abcug
https://solvemymedia.com/ms/memampatkan-video
https://solvemymedia.com/nl/video-comprimeren
https://solvemymedia.com/no/komprimere-video
https://solvemymedia.com/pl/kompresowac-wideo
https://solvemymedia.com/pt/compactar-video
https://solvemymedia.com/ro/comprima-video
https://solvemymedia.com/ru/szhimat-video
https://solvemymedia.com/sk/komprimovat-video
https://solvemymedia.com/sv/komprimera-video
https://solvemymedia.com/th/biibadwidiio
https://solvemymedia.com/tr/videoyu-sikistir
https://solvemymedia.com/uk/stiskati-video
https://solvemymedia.com/vi/nen-video
https://solvemymedia.com/zh/ya-suo-shi-pin","200
200
200
200
200
200
200
200
200
200
404
200
200
200
200
200
200
200
200
200
200
200
200
200
404
200
200
200
200
200
200","Some pages don't include hreflang links to all the other pages of the group
Some pages are not returning 200 status code",926993157700666916,26,26
21,https://solvemymedia.com/fi/litteroida,"Äänen ja videon transkriptio – AI-puhe tekstiksi - SolveMyMedia
SolveMyMedia - Free Online Media Optimization Tools",text/html; charset=utf-8,false,200,0,true,"https://solvemymedia.com/ar/nskh
https://solvemymedia.com/cs/prepsat
https://solvemymedia.com/da/transskribere
https://solvemymedia.com/de/transkribieren
https://solvemymedia.com/el/antigrafo
https://solvemymedia.com/es/transcribir
https://solvemymedia.com/fi/litteroida
https://solvemymedia.com/fr/transcrire
https://solvemymedia.com/he/ltaateq
https://solvemymedia.com/hi/ttaaip-krnaa
https://solvemymedia.com/hu/lemasol
https://solvemymedia.com/id/menuliskan
https://solvemymedia.com/it/trascrivere
https://solvemymedia.com/ja/zhuan-xie-suru
https://solvemymedia.com/ko/gocyeo-sseuda
https://solvemymedia.com/ms/transkripsi
https://solvemymedia.com/nl/transcriberen
https://solvemymedia.com/no/transkribere
https://solvemymedia.com/pl/rozpisac
https://solvemymedia.com/pt/transcrever
https://solvemymedia.com/ro/transcrie
https://solvemymedia.com/ru/perepisyvat
https://solvemymedia.com/sk/prepisovat
https://solvemymedia.com/sv/transkribera
https://solvemymedia.com/th/thdesiiyng
https://solvemymedia.com/tr/uyarlamak
https://solvemymedia.com/transcribe
https://solvemymedia.com/transcribe
https://solvemymedia.com/uk/transkribuvati
https://solvemymedia.com/vi/chep-lai
https://solvemymedia.com/zh/lu-zhi","200
200
200
200
200
200
200
200
404
200
200
200
200
200
200
200
200
200
200
200
200
200
404
200
200
200
200
200
200
200
200","Some pages don't include hreflang links to all the other pages of the group
Some pages are not returning 200 status code",1124245034427686738,26,26
21,https://solvemymedia.com/fr/compresser-laudio,"Compresser l'audio en ligne - Compresseur audio gratuit - SolveMyMedia
SolveMyMedia - Free Online Media Optimization Tools",text/html; charset=utf-8,false,200,0,true,"https://solvemymedia.com/ar/dght-alsawt
https://solvemymedia.com/ar/dgt-lswt
https://solvemymedia.com/compress-audio
https://solvemymedia.com/compress-audio
https://solvemymedia.com/cs/komprimovat-audio
https://solvemymedia.com/cs/komprimovat-zvuk
https://solvemymedia.com/da/komprimer-lyd
https://solvemymedia.com/da/komprimere-lyd
https://solvemymedia.com/de/audio-komprimieren
https://solvemymedia.com/el/symnpiesost-audio
https://solvemymedia.com/el/sympiesi-ihoy
https://solvemymedia.com/es/comprimir-audio
https://solvemymedia.com/fi/pakkaa-aanta
https://solvemymedia.com/fi/pakkaa-audio
https://solvemymedia.com/fr/compresser-laudio
https://solvemymedia.com/he/dchisot-audio
https://solvemymedia.com/he/ldkhvs-vdyv
https://solvemymedia.com/hi/audio-compress-kare
https://solvemymedia.com/hi/onddiyo-snpiiddit-kren
https://solvemymedia.com/hu/hang-tomoritese
https://solvemymedia.com/hu/tomoriti-a-hangot
https://solvemymedia.com/id/kompres-audio
https://solvemymedia.com/it/comprimere-laudio
https://solvemymedia.com/it/comprimi-audio
https://solvemymedia.com/ja/odeiowoya-suo-suru
https://solvemymedia.com/ko/odio-abcug
https://solvemymedia.com/ko/odio-apchuk
https://solvemymedia.com/ms/mampat-audio
https://solvemymedia.com/ms/memampatkan-audio
https://solvemymedia.com/nl/audio-comprimeren
https://solvemymedia.com/no/komprimere-lyd
https://solvemymedia.com/pl/kompresowac-dzwiek
https://solvemymedia.com/pl/kompresuj-audio
https://solvemymedia.com/pt/comprimir-audio
https://solvemymedia.com/ro/comprima-audio
https://solvemymedia.com/ru/szhat-audio
https://solvemymedia.com/ru/szhimat-audio
https://solvemymedia.com/sk/komprimovat-audio
https://solvemymedia.com/sk/komprimovat-zvuk
https://solvemymedia.com/sv/komprimera-ljud
https://solvemymedia.com/th/biibadesiiyng
https://solvemymedia.com/th/ko-op-audio
https://solvemymedia.com/tr/ses-sikistir
https://solvemymedia.com/tr/sesi-sikistir
https://solvemymedia.com/uk/stiskati-audio
https://solvemymedia.com/uk/sty-snuti-audio
https://solvemymedia.com/vi/nen-am-thanh
https://solvemymedia.com/zh/ya-suo-yin-pin","404
200
200
200
404
200
404
200
200
404
200
200
200
404
200
404
404
404
200
404
200
200
200
404
200
200
404
404
200
200
200
200
404
200
200
404
200
404
404
200
200
404
404
200
200
404
200
200","More than one page is linked for the same language
Some pages don't include hreflang links to all the other pages of the group
Some pages are not returning 200 status code",5785178085625259770,44,44
21,https://solvemymedia.com/sv/konvertera-video,"Konvertera videoformat - Gratis onlinevideokonverterare - SolveMyMedia
SolveMyMedia - Free Online Media Optimization Tools",text/html; charset=utf-8,false,200,0,true,"https://solvemymedia.com/ar/thwyl-alfidyo
https://solvemymedia.com/ar/thwyl-lfydyw
https://solvemymedia.com/convert-video
https://solvemymedia.com/convert-video
https://solvemymedia.com/cs/konvertovat-video
https://solvemymedia.com/cs/prevest-video
https://solvemymedia.com/da/konverter-video
https://solvemymedia.com/da/konvertere-video
https://solvemymedia.com/de/video-konvertieren
https://solvemymedia.com/el/metaporpe-video
https://solvemymedia.com/el/metatropi-vinteo
https://solvemymedia.com/es/convertir-video
https://solvemymedia.com/fi/muunna-video
https://solvemymedia.com/fi/muuntaa-videon
https://solvemymedia.com/fr/convertir-une-video
https://solvemymedia.com/he/hmr-video
https://solvemymedia.com/he/lhmyr-vydv
https://solvemymedia.com/hi/video-convert-kare
https://solvemymedia.com/hi/viiddiyo-privrtit-kren
https://solvemymedia.com/hu/video-konvertalasa
https://solvemymedia.com/id/mengkonversi-video
https://solvemymedia.com/it/converti-video
https://solvemymedia.com/it/convertire-video
https://solvemymedia.com/ja/bideowobian-huan-suru
https://solvemymedia.com/ko/bidio-byeonhwan
https://solvemymedia.com/ms/menukar-video
https://solvemymedia.com/ms/tukar-video
https://solvemymedia.com/nl/video-converteren
https://solvemymedia.com/no/konvertere-video
https://solvemymedia.com/pl/konwertuj-wideo
https://solvemymedia.com/pt/converter-video
https://solvemymedia.com/ro/converteste-video
https://solvemymedia.com/ro/converti-video
https://solvemymedia.com/ru/konvertirovat-video
https://solvemymedia.com/sk/konvertovat-video
https://solvemymedia.com/sv/konvertera-video
https://solvemymedia.com/th/aeplngwidiio
https://solvemymedia.com/th/pli-an-wideo
https://solvemymedia.com/tr/video-donustur
https://solvemymedia.com/tr/videoyu-donustur
https://solvemymedia.com/uk/konvertuvati-video
https://solvemymedia.com/vi/chuyen-doi-video
https://solvemymedia.com/zh/zhuan-huan-shi-pin","404
200
200
200
404
200
404
200
200
404
200
200
404
200
200
404
404
404
200
200
200
404
200
200
200
200
404
200
200
200
200
404
200
200
404
200
200
404
404
200
200
200
200","More than one page is linked for the same language
Some pages don't include hreflang links to all the other pages of the group
Some pages are not returning 200 status code",3718947784658654109,40,40
21,https://solvemymedia.com/th/widiioepnesiiyng,"แยกเสียงจากวิดีโอ - ตัวแปลงวิดีโอเป็น MP3 - SolveMyMedia
SolveMyMedia - Free Online Media Optimization Tools",text/html; charset=utf-8,false,200,0,true,"https://solvemymedia.com/ar/lfydyw-l-lswt
https://solvemymedia.com/cs/video-na-zvuk
https://solvemymedia.com/da/video-til-lyd
https://solvemymedia.com/de/video-zu-audio
https://solvemymedia.com/el/vinteo-se-iho
https://solvemymedia.com/es/video-a-audio
https://solvemymedia.com/fi/videosta-aaneksi
https://solvemymedia.com/fr/video-en-audio
https://solvemymedia.com/he/vydv-lvdyv
https://solvemymedia.com/hi/viiddiyo-se-onddiyo
https://solvemymedia.com/hu/videorol-hangra
https://solvemymedia.com/id/video-ke-audio
https://solvemymedia.com/it/video-in-audio
https://solvemymedia.com/ja/bideokaraodeiohe
https://solvemymedia.com/ko/bidioreul-odioro
https://solvemymedia.com/ms/video-kepada-audio
https://solvemymedia.com/nl/video-naar-audio
https://solvemymedia.com/no/video-til-lyd
https://solvemymedia.com/pl/wideo-do-dzwieku
https://solvemymedia.com/pt/video-para-audio
https://solvemymedia.com/ro/video-in-audio
https://solvemymedia.com/ru/video-v-audio
https://solvemymedia.com/sk/video-na-zvuk
https://solvemymedia.com/sv/video-till-ljud
https://solvemymedia.com/th/widiioepnesiiyng
https://solvemymedia.com/tr/videodan-sese
https://solvemymedia.com/uk/video-v-audio
https://solvemymedia.com/vi/video-thanh-am-thanh
https://solvemymedia.com/video-to-audio
https://solvemymedia.com/video-to-audio
https://solvemymedia.com/zh/shi-pin-zhuan-yin-pin","200
200
200
200
200
200
200
200
404
200
200
200
200
200
200
200
200
200
200
200
200
200
404
200
200
200
200
200
200
200
200","Some pages don't include hreflang links to all the other pages of the group
Some pages are not returning 200 status code",2926664764167155975,26,26
21,https://solvemymedia.com/el/sympiesi-vinteo,"Compress Video Online - Δωρεάν ασφαλής συμπιεστής βίντεο - SolveMyMedia
SolveMyMedia - Free Online Media Optimization Tools",text/html; charset=utf-8,false,200,0,true,"https://solvemymedia.com/ar/dgt-lfydyw
https://solvemymedia.com/compress-video
https://solvemymedia.com/compress-video
https://solvemymedia.com/cs/komprimovat-video
https://solvemymedia.com/da/komprimere-video
https://solvemymedia.com/de/video-komprimieren
https://solvemymedia.com/el/sympiesi-vinteo
https://solvemymedia.com/es/comprimir-video
https://solvemymedia.com/fi/pakkaa-video
https://solvemymedia.com/fr/compresser-la-video
https://solvemymedia.com/he/ldkhvs-vydv
https://solvemymedia.com/hi/viiddiyo-snpiiddit-kren
https://solvemymedia.com/hu/video-tomoritese
https://solvemymedia.com/id/kompres-video
https://solvemymedia.com/it/comprimere-il-video
https://solvemymedia.com/ja/bideowoya-suo-suru
https://solvemymedia.com/ko/bidio-abcug
https://solvemymedia.com/ms/memampatkan-video
https://solvemymedia.com/nl/video-comprimeren
https://solvemymedia.com/no/komprimere-video
https://solvemymedia.com/pl/kompresowac-wideo
https://solvemymedia.com/pt/compactar-video
https://solvemymedia.com/ro/comprima-video
https://solvemymedia.com/ru/szhimat-video
https://solvemymedia.com/sk/komprimovat-video
https://solvemymedia.com/sv/komprimera-video
https://solvemymedia.com/th/biibadwidiio
https://solvemymedia.com/tr/videoyu-sikistir
https://solvemymedia.com/uk/stiskati-video
https://solvemymedia.com/vi/nen-video
https://solvemymedia.com/zh/ya-suo-shi-pin","200
200
200
200
200
200
200
200
200
200
404
200
200
200
200
200
200
200
200
200
200
200
200
200
404
200
200
200
200
200
200","Some pages don't include hreflang links to all the other pages of the group
Some pages are not returning 200 status code",926993157700666916,26,26
21,https://solvemymedia.com/pl/konwertowac-dzwiek,"Konwertuj formaty audio — bezpłatny konwerter audio online - SolveMyMedia
SolveMyMedia - Free Online Media Optimization Tools",text/html; charset=utf-8,false,200,0,true,"https://solvemymedia.com/ar/thwyl-lswt
https://solvemymedia.com/convert-audio
https://solvemymedia.com/convert-audio
https://solvemymedia.com/cs/prevest-zvuk
https://solvemymedia.com/da/konvertere-lyd
https://solvemymedia.com/de/audio-konvertieren
https://solvemymedia.com/el/metatropi-ihoy
https://solvemymedia.com/es/convertir-audio
https://solvemymedia.com/fi/muuntaa-aanta
https://solvemymedia.com/fr/convertir-laudio
https://solvemymedia.com/he/lhmyr-vdyv
https://solvemymedia.com/hi/onddiyo-privrtit-kren
https://solvemymedia.com/hu/hangot-konvertalni
https://solvemymedia.com/id/mengkonversi-audio
https://solvemymedia.com/it/convertire-laudio
https://solvemymedia.com/ja/odeiowobian-huan-suru
https://solvemymedia.com/ko/odio-byeonhwan
https://solvemymedia.com/ms/menukar-audio
https://solvemymedia.com/nl/audio-converteren
https://solvemymedia.com/no/konvertere-lyd
https://solvemymedia.com/pl/konwertowac-dzwiek
https://solvemymedia.com/pt/converter-audio
https://solvemymedia.com/ro/converti-audio
https://solvemymedia.com/ru/konvertirovat-audio
https://solvemymedia.com/sk/konvertovat-zvuk
https://solvemymedia.com/sv/konvertera-ljud
https://solvemymedia.com/th/aeplngesiiyng
https://solvemymedia.com/tr/sesi-donustur
https://solvemymedia.com/uk/konvertuvati-audio
https://solvemymedia.com/vi/chuyen-doi-am-thanh
https://solvemymedia.com/zh/zhuan-huan-yin-pin","200
200
200
200
200
200
200
200
200
200
404
200
200
200
200
200
200
200
200
200
200
200
200
200
404
200
200
200
200
200
200","Some pages don't include hreflang links to all the other pages of the group
Some pages are not returning 200 status code",17243122406961147091,26,26
21,https://solvemymedia.com/pt/converter-audio,"Converter formatos de áudio - Conversor de áudio online gratuito - SolveMyMedia
SolveMyMedia - Free Online Media Optimization Tools",text/html; charset=utf-8,false,200,0,true,"https://solvemymedia.com/ar/thwyl-alsawt
https://solvemymedia.com/ar/thwyl-lswt
https://solvemymedia.com/convert-audio
https://solvemymedia.com/convert-audio
https://solvemymedia.com/cs/konvertovat-audio
https://solvemymedia.com/cs/prevest-zvuk
https://solvemymedia.com/da/konverter-lyd
https://solvemymedia.com/da/konvertere-lyd
https://solvemymedia.com/de/audio-konvertieren
https://solvemymedia.com/el/metaporpe-audio
https://solvemymedia.com/el/metatropi-ihoy
https://solvemymedia.com/es/convertir-audio
https://solvemymedia.com/fi/muunna-audio
https://solvemymedia.com/fi/muuntaa-aanta
https://solvemymedia.com/fr/convertir-laudio
https://solvemymedia.com/he/hmr-audio
https://solvemymedia.com/he/lhmyr-vdyv
https://solvemymedia.com/hi/audio-convert-kare
https://solvemymedia.com/hi/onddiyo-privrtit-kren
https://solvemymedia.com/hu/hang-konvertalasa
https://solvemymedia.com/hu/hangot-konvertalni
https://solvemymedia.com/id/mengkonversi-audio
https://solvemymedia.com/it/converti-audio
https://solvemymedia.com/it/convertire-laudio
https://solvemymedia.com/ja/odeiowobian-huan-suru
https://solvemymedia.com/ko/odio-byeonhwan
https://solvemymedia.com/ms/menukar-audio
https://solvemymedia.com/ms/tukar-audio
https://solvemymedia.com/nl/audio-converteren
https://solvemymedia.com/no/konvertere-lyd
https://solvemymedia.com/pl/konwertowac-dzwiek
https://solvemymedia.com/pl/konwertuj-audio
https://solvemymedia.com/pt/converter-audio
https://solvemymedia.com/ro/converteste-audio
https://solvemymedia.com/ro/converti-audio
https://solvemymedia.com/ru/konvertirovat-audio
https://solvemymedia.com/sk/konvertovat-audio
https://solvemymedia.com/sk/konvertovat-zvuk
https://solvemymedia.com/sv/konvertera-ljud
https://solvemymedia.com/th/aeplngesiiyng
https://solvemymedia.com/th/pli-an-audio
https://solvemymedia.com/tr/ses-donustur
https://solvemymedia.com/tr/sesi-donustur
https://solvemymedia.com/uk/konvertuvati-audio
https://solvemymedia.com/vi/chuyen-doi-am-thanh
https://solvemymedia.com/zh/zhuan-huan-yin-pin","404
200
200
200
404
200
404
200
200
404
200
200
404
200
200
404
404
404
200
404
200
200
404
200
200
200
200
404
200
200
200
404
200
404
200
200
404
404
200
200
404
404
200
200
200
200","More than one page is linked for the same language
Some pages don't include hreflang links to all the other pages of the group
Some pages are not returning 200 status code",9570318248645165765,42,42
21,https://solvemymedia.com/ms/buat-gif,"Video kepada Pembuat GIF - Tukar Video kepada GIF Beranimasi - SolveMyMedia
SolveMyMedia - Free Online Media Optimization Tools",text/html; charset=utf-8,false,200,0,true,"https://solvemymedia.com/ar/anshaaa-gif
https://solvemymedia.com/ar/nsh-swr-mthrk
https://solvemymedia.com/create-gif
https://solvemymedia.com/create-gif
https://solvemymedia.com/cs/vytvorit-gif
https://solvemymedia.com/da/opret-gif
https://solvemymedia.com/da/oprette-gif
https://solvemymedia.com/de/gif-erstellen
https://solvemymedia.com/el/dimioyrgia-gif
https://solvemymedia.com/es/crear-gif
https://solvemymedia.com/fi/luo-gif
https://solvemymedia.com/fr/creer-un-gif
https://solvemymedia.com/he/lytsvr-gif
https://solvemymedia.com/he/tzor-gif
https://solvemymedia.com/hi/gif-banaye
https://solvemymedia.com/hi/gif-bnaaen
https://solvemymedia.com/hu/gif-letrehozasa
https://solvemymedia.com/id/membuat-gif
https://solvemymedia.com/it/crea-gif
https://solvemymedia.com/it/creare-una-gif
https://solvemymedia.com/ja/gifwozuo-cheng
https://solvemymedia.com/ko/gif-mandeulgi
https://solvemymedia.com/ms/buat-gif
https://solvemymedia.com/nl/gif-maken
https://solvemymedia.com/no/lag-gif
https://solvemymedia.com/no/lage-gif
https://solvemymedia.com/pl/stworz-gif
https://solvemymedia.com/pl/utworz-gifa
https://solvemymedia.com/pt/criar-gif
https://solvemymedia.com/ro/creati-gif
https://solvemymedia.com/ro/creeaza-gif
https://solvemymedia.com/ru/sozdat-gif
https://solvemymedia.com/ru/sozdat-gifku
https://solvemymedia.com/sk/vytvorit-gif
https://solvemymedia.com/sv/skapa-gif
https://solvemymedia.com/th/sang-gif
https://solvemymedia.com/th/sraangkif
https://solvemymedia.com/tr/gif-olustur
https://solvemymedia.com/uk/stvoriti-gif
https://solvemymedia.com/vi/tao-anh-gif
https://solvemymedia.com/vi/tao-gif
https://solvemymedia.com/zh/chuang-jian-gif","404
200
200
200
200
404
200
200
200
200
200
200
404
404
404
200
200
200
404
200
200
200
200
200
404
200
404
200
200
200
404
404
200
404
200
404
200
200
200
200
404
200","More than one page is linked for the same language
Some pages don't include hreflang links to all the other pages of the group
Some pages are not returning 200 status code",17321000843242609092,39,39
21,https://solvemymedia.com/ko/gif-mandeulgi,"비디오를 GIF 메이커로 - 비디오를 애니메이션 GIF로 변환 - SolveMyMedia
SolveMyMedia - Free Online Media Optimization Tools",text/html; charset=utf-8,false,200,0,true,"https://solvemymedia.com/ar/anshaaa-gif
https://solvemymedia.com/ar/nsh-swr-mthrk
https://solvemymedia.com/create-gif
https://solvemymedia.com/create-gif
https://solvemymedia.com/cs/vytvorit-gif
https://solvemymedia.com/da/opret-gif
https://solvemymedia.com/da/oprette-gif
https://solvemymedia.com/de/gif-erstellen
https://solvemymedia.com/el/dimioyrgia-gif
https://solvemymedia.com/es/crear-gif
https://solvemymedia.com/fi/luo-gif
https://solvemymedia.com/fr/creer-un-gif
https://solvemymedia.com/he/lytsvr-gif
https://solvemymedia.com/he/tzor-gif
https://solvemymedia.com/hi/gif-banaye
https://solvemymedia.com/hi/gif-bnaaen
https://solvemymedia.com/hu/gif-letrehozasa
https://solvemymedia.com/id/membuat-gif
https://solvemymedia.com/it/crea-gif
https://solvemymedia.com/it/creare-una-gif
https://solvemymedia.com/ja/gifwozuo-cheng
https://solvemymedia.com/ko/gif-mandeulgi
https://solvemymedia.com/ms/buat-gif
https://solvemymedia.com/nl/gif-maken
https://solvemymedia.com/no/lag-gif
https://solvemymedia.com/no/lage-gif
https://solvemymedia.com/pl/stworz-gif
https://solvemymedia.com/pl/utworz-gifa
https://solvemymedia.com/pt/criar-gif
https://solvemymedia.com/ro/creati-gif
https://solvemymedia.com/ro/creeaza-gif
https://solvemymedia.com/ru/sozdat-gif
https://solvemymedia.com/ru/sozdat-gifku
https://solvemymedia.com/sk/vytvorit-gif
https://solvemymedia.com/sv/skapa-gif
https://solvemymedia.com/th/sang-gif
https://solvemymedia.com/th/sraangkif
https://solvemymedia.com/tr/gif-olustur
https://solvemymedia.com/uk/stvoriti-gif
https://solvemymedia.com/vi/tao-anh-gif
https://solvemymedia.com/vi/tao-gif
https://solvemymedia.com/zh/chuang-jian-gif","404
200
200
200
200
404
200
200
200
200
200
200
404
404
404
200
200
200
404
200
200
200
200
200
404
200
404
200
200
200
404
404
200
404
200
404
200
200
200
200
404
200","More than one page is linked for the same language
Some pages don't include hreflang links to all the other pages of the group
Some pages are not returning 200 status code",17321000843242609092,39,39
21,https://solvemymedia.com/vi/chuyen-doi-video,"Chuyển đổi định dạng video - Chuyển đổi video trực tuyến miễn phí - SolveMyMedia
SolveMyMedia - Free Online Media Optimization Tools",text/html; charset=utf-8,false,200,0,true,"https://solvemymedia.com/ar/thwyl-alfidyo
https://solvemymedia.com/ar/thwyl-lfydyw
https://solvemymedia.com/convert-video
https://solvemymedia.com/convert-video
https://solvemymedia.com/cs/konvertovat-video
https://solvemymedia.com/cs/prevest-video
https://solvemymedia.com/da/konverter-video
https://solvemymedia.com/da/konvertere-video
https://solvemymedia.com/de/video-konvertieren
https://solvemymedia.com/el/metaporpe-video
https://solvemymedia.com/el/metatropi-vinteo
https://solvemymedia.com/es/convertir-video
https://solvemymedia.com/fi/muunna-video
https://solvemymedia.com/fi/muuntaa-videon
https://solvemymedia.com/fr/convertir-une-video
https://solvemymedia.com/he/hmr-video
https://solvemymedia.com/he/lhmyr-vydv
https://solvemymedia.com/hi/video-convert-kare
https://solvemymedia.com/hi/viiddiyo-privrtit-kren
https://solvemymedia.com/hu/video-konvertalasa
https://solvemymedia.com/id/mengkonversi-video
https://solvemymedia.com/it/converti-video
https://solvemymedia.com/it/convertire-video
https://solvemymedia.com/ja/bideowobian-huan-suru
https://solvemymedia.com/ko/bidio-byeonhwan
https://solvemymedia.com/ms/menukar-video
https://solvemymedia.com/ms/tukar-video
https://solvemymedia.com/nl/video-converteren
https://solvemymedia.com/no/konvertere-video
https://solvemymedia.com/pl/konwertuj-wideo
https://solvemymedia.com/pt/converter-video
https://solvemymedia.com/ro/converteste-video
https://solvemymedia.com/ro/converti-video
https://solvemymedia.com/ru/konvertirovat-video
https://solvemymedia.com/sk/konvertovat-video
https://solvemymedia.com/sv/konvertera-video
https://solvemymedia.com/th/aeplngwidiio
https://solvemymedia.com/th/pli-an-wideo
https://solvemymedia.com/tr/video-donustur
https://solvemymedia.com/tr/videoyu-donustur
https://solvemymedia.com/uk/konvertuvati-video
https://solvemymedia.com/vi/chuyen-doi-video
https://solvemymedia.com/zh/zhuan-huan-shi-pin","404
200
200
200
404
200
404
200
200
404
200
200
404
200
200
404
404
404
200
200
200
404
200
200
200
200
404
200
200
200
200
404
200
200
404
200
200
404
404
200
200
200
200","More than one page is linked for the same language
Some pages don't include hreflang links to all the other pages of the group
Some pages are not returning 200 status code",3718947784658654109,40,40
21,https://solvemymedia.com/ar/dgt-lfydyw,"ضغط الفيديو عبر الإنترنت - ضاغط فيديو آمن ومجاني - SolveMyMedia
SolveMyMedia - Free Online Media Optimization Tools",text/html; charset=utf-8,false,200,0,true,"https://solvemymedia.com/ar/dgt-lfydyw
https://solvemymedia.com/compress-video
https://solvemymedia.com/compress-video
https://solvemymedia.com/cs/komprimovat-video
https://solvemymedia.com/da/komprimere-video
https://solvemymedia.com/de/video-komprimieren
https://solvemymedia.com/el/sympiesi-vinteo
https://solvemymedia.com/es/comprimir-video
https://solvemymedia.com/fi/pakkaa-video
https://solvemymedia.com/fr/compresser-la-video
https://solvemymedia.com/he/ldkhvs-vydv
https://solvemymedia.com/hi/viiddiyo-snpiiddit-kren
https://solvemymedia.com/hu/video-tomoritese
https://solvemymedia.com/id/kompres-video
https://solvemymedia.com/it/comprimere-il-video
https://solvemymedia.com/ja/bideowoya-suo-suru
https://solvemymedia.com/ko/bidio-abcug
https://solvemymedia.com/ms/memampatkan-video
https://solvemymedia.com/nl/video-comprimeren
https://solvemymedia.com/no/komprimere-video
https://solvemymedia.com/pl/kompresowac-wideo
https://solvemymedia.com/pt/compactar-video
https://solvemymedia.com/ro/comprima-video
https://solvemymedia.com/ru/szhimat-video
https://solvemymedia.com/sk/komprimovat-video
https://solvemymedia.com/sv/komprimera-video
https://solvemymedia.com/th/biibadwidiio
https://solvemymedia.com/tr/videoyu-sikistir
https://solvemymedia.com/uk/stiskati-video
https://solvemymedia.com/vi/nen-video
https://solvemymedia.com/zh/ya-suo-shi-pin","200
200
200
200
200
200
200
200
200
200
404
200
200
200
200
200
200
200
200
200
200
200
200
200
404
200
200
200
200
200
200","Some pages don't include hreflang links to all the other pages of the group
Some pages are not returning 200 status code",926993157700666916,26,26
21,https://solvemymedia.com/hi/onddiyo-privrtit-kren,"ऑडियो प्रारूप परिवर्तित करें - मुफ़्त ऑनलाइन ऑडियो कनवर्टर - SolveMyMedia
SolveMyMedia - Free Online Media Optimization Tools",text/html; charset=utf-8,false,200,0,true,"https://solvemymedia.com/ar/thwyl-lswt
https://solvemymedia.com/convert-audio
https://solvemymedia.com/convert-audio
https://solvemymedia.com/cs/prevest-zvuk
https://solvemymedia.com/da/konvertere-lyd
https://solvemymedia.com/de/audio-konvertieren
https://solvemymedia.com/el/metatropi-ihoy
https://solvemymedia.com/es/convertir-audio
https://solvemymedia.com/fi/muuntaa-aanta
https://solvemymedia.com/fr/convertir-laudio
https://solvemymedia.com/he/lhmyr-vdyv
https://solvemymedia.com/hi/onddiyo-privrtit-kren
https://solvemymedia.com/hu/hangot-konvertalni
https://solvemymedia.com/id/mengkonversi-audio
https://solvemymedia.com/it/convertire-laudio
https://solvemymedia.com/ja/odeiowobian-huan-suru
https://solvemymedia.com/ko/odio-byeonhwan
https://solvemymedia.com/ms/menukar-audio
https://solvemymedia.com/nl/audio-converteren
https://solvemymedia.com/no/konvertere-lyd
https://solvemymedia.com/pl/konwertowac-dzwiek
https://solvemymedia.com/pt/converter-audio
https://solvemymedia.com/ro/converti-audio
https://solvemymedia.com/ru/konvertirovat-audio
https://solvemymedia.com/sk/konvertovat-zvuk
https://solvemymedia.com/sv/konvertera-ljud
https://solvemymedia.com/th/aeplngesiiyng
https://solvemymedia.com/tr/sesi-donustur
https://solvemymedia.com/uk/konvertuvati-audio
https://solvemymedia.com/vi/chuyen-doi-am-thanh
https://solvemymedia.com/zh/zhuan-huan-yin-pin","200
200
200
200
200
200
200
200
200
200
404
200
200
200
200
200
200
200
200
200
200
200
200
200
404
200
200
200
200
200
200","Some pages don't include hreflang links to all the other pages of the group
Some pages are not returning 200 status code",17243122406961147091,26,26
21,https://solvemymedia.com/ms/memampatkan-video,"Compress Video Online - Pemampat Video Selamat Percuma - SolveMyMedia
SolveMyMedia - Free Online Media Optimization Tools",text/html; charset=utf-8,false,200,0,true,"https://solvemymedia.com/ar/dgt-lfydyw
https://solvemymedia.com/compress-video
https://solvemymedia.com/compress-video
https://solvemymedia.com/cs/komprimovat-video
https://solvemymedia.com/da/komprimere-video
https://solvemymedia.com/de/video-komprimieren
https://solvemymedia.com/el/sympiesi-vinteo
https://solvemymedia.com/es/comprimir-video
https://solvemymedia.com/fi/pakkaa-video
https://solvemymedia.com/fr/compresser-la-video
https://solvemymedia.com/he/ldkhvs-vydv
https://solvemymedia.com/hi/viiddiyo-snpiiddit-kren
https://solvemymedia.com/hu/video-tomoritese
https://solvemymedia.com/id/kompres-video
https://solvemymedia.com/it/comprimere-il-video
https://solvemymedia.com/ja/bideowoya-suo-suru
https://solvemymedia.com/ko/bidio-abcug
https://solvemymedia.com/ms/memampatkan-video
https://solvemymedia.com/nl/video-comprimeren
https://solvemymedia.com/no/komprimere-video
https://solvemymedia.com/pl/kompresowac-wideo
https://solvemymedia.com/pt/compactar-video
https://solvemymedia.com/ro/comprima-video
https://solvemymedia.com/ru/szhimat-video
https://solvemymedia.com/sk/komprimovat-video
https://solvemymedia.com/sv/komprimera-video
https://solvemymedia.com/th/biibadwidiio
https://solvemymedia.com/tr/videoyu-sikistir
https://solvemymedia.com/uk/stiskati-video
https://solvemymedia.com/vi/nen-video
https://solvemymedia.com/zh/ya-suo-shi-pin","200
200
200
200
200
200
200
200
200
200
404
200
200
200
200
200
200
200
200
200
200
200
200
200
404
200
200
200
200
200
200","Some pages don't include hreflang links to all the other pages of the group
Some pages are not returning 200 status code",926993157700666916,26,26
21,https://solvemymedia.com/pt/compactar-video,"Comprimir Vídeo Online - Compressor de Vídeo Seguro Gratuito - SolveMyMedia
SolveMyMedia - Free Online Media Optimization Tools",text/html; charset=utf-8,false,200,0,true,"https://solvemymedia.com/ar/dgt-lfydyw
https://solvemymedia.com/compress-video
https://solvemymedia.com/compress-video
https://solvemymedia.com/cs/komprimovat-video
https://solvemymedia.com/da/komprimere-video
https://solvemymedia.com/de/video-komprimieren
https://solvemymedia.com/el/sympiesi-vinteo
https://solvemymedia.com/es/comprimir-video
https://solvemymedia.com/fi/pakkaa-video
https://solvemymedia.com/fr/compresser-la-video
https://solvemymedia.com/he/ldkhvs-vydv
https://solvemymedia.com/hi/viiddiyo-snpiiddit-kren
https://solvemymedia.com/hu/video-tomoritese
https://solvemymedia.com/id/kompres-video
https://solvemymedia.com/it/comprimere-il-video
https://solvemymedia.com/ja/bideowoya-suo-suru
https://solvemymedia.com/ko/bidio-abcug
https://solvemymedia.com/ms/memampatkan-video
https://solvemymedia.com/nl/video-comprimeren
https://solvemymedia.com/no/komprimere-video
https://solvemymedia.com/pl/kompresowac-wideo
https://solvemymedia.com/pt/compactar-video
https://solvemymedia.com/ro/comprima-video
https://solvemymedia.com/ru/szhimat-video
https://solvemymedia.com/sk/komprimovat-video
https://solvemymedia.com/sv/komprimera-video
https://solvemymedia.com/th/biibadwidiio
https://solvemymedia.com/tr/videoyu-sikistir
https://solvemymedia.com/uk/stiskati-video
https://solvemymedia.com/vi/nen-video
https://solvemymedia.com/zh/ya-suo-shi-pin","200
200
200
200
200
200
200
200
200
200
404
200
200
200
200
200
200
200
200
200
200
200
200
200
404
200
200
200
200
200
200","Some pages don't include hreflang links to all the other pages of the group
Some pages are not returning 200 status code",926993157700666916,26,26
21,https://solvemymedia.com/hu/video-konvertalasa,"Videoformátumok konvertálása - Ingyenes online videokonverter - SolveMyMedia
SolveMyMedia - Free Online Media Optimization Tools",text/html; charset=utf-8,false,200,0,true,"https://solvemymedia.com/ar/thwyl-alfidyo
https://solvemymedia.com/ar/thwyl-lfydyw
https://solvemymedia.com/convert-video
https://solvemymedia.com/convert-video
https://solvemymedia.com/cs/konvertovat-video
https://solvemymedia.com/cs/prevest-video
https://solvemymedia.com/da/konverter-video
https://solvemymedia.com/da/konvertere-video
https://solvemymedia.com/de/video-konvertieren
https://solvemymedia.com/el/metaporpe-video
https://solvemymedia.com/el/metatropi-vinteo
https://solvemymedia.com/es/convertir-video
https://solvemymedia.com/fi/muunna-video
https://solvemymedia.com/fi/muuntaa-videon
https://solvemymedia.com/fr/convertir-une-video
https://solvemymedia.com/he/hmr-video
https://solvemymedia.com/he/lhmyr-vydv
https://solvemymedia.com/hi/video-convert-kare
https://solvemymedia.com/hi/viiddiyo-privrtit-kren
https://solvemymedia.com/hu/video-konvertalasa
https://solvemymedia.com/id/mengkonversi-video
https://solvemymedia.com/it/converti-video
https://solvemymedia.com/it/convertire-video
https://solvemymedia.com/ja/bideowobian-huan-suru
https://solvemymedia.com/ko/bidio-byeonhwan
https://solvemymedia.com/ms/menukar-video
https://solvemymedia.com/ms/tukar-video
https://solvemymedia.com/nl/video-converteren
https://solvemymedia.com/no/konvertere-video
https://solvemymedia.com/pl/konwertuj-wideo
https://solvemymedia.com/pt/converter-video
https://solvemymedia.com/ro/converteste-video
https://solvemymedia.com/ro/converti-video
https://solvemymedia.com/ru/konvertirovat-video
https://solvemymedia.com/sk/konvertovat-video
https://solvemymedia.com/sv/konvertera-video
https://solvemymedia.com/th/aeplngwidiio
https://solvemymedia.com/th/pli-an-wideo
https://solvemymedia.com/tr/video-donustur
https://solvemymedia.com/tr/videoyu-donustur
https://solvemymedia.com/uk/konvertuvati-video
https://solvemymedia.com/vi/chuyen-doi-video
https://solvemymedia.com/zh/zhuan-huan-shi-pin","404
200
200
200
404
200
404
200
200
404
200
200
404
200
200
404
404
404
200
200
200
404
200
200
200
200
404
200
200
200
200
404
200
200
404
200
200
404
404
200
200
200
200","More than one page is linked for the same language
Some pages don't include hreflang links to all the other pages of the group
Some pages are not returning 200 status code",3718947784658654109,40,40
21,https://solvemymedia.com/ro/comprima-audio,"Comprimare audio online - Compresor audio gratuit - SolveMyMedia
SolveMyMedia - Free Online Media Optimization Tools",text/html; charset=utf-8,false,200,0,true,"https://solvemymedia.com/ar/dght-alsawt
https://solvemymedia.com/ar/dgt-lswt
https://solvemymedia.com/compress-audio
https://solvemymedia.com/compress-audio
https://solvemymedia.com/cs/komprimovat-audio
https://solvemymedia.com/cs/komprimovat-zvuk
https://solvemymedia.com/da/komprimer-lyd
https://solvemymedia.com/da/komprimere-lyd
https://solvemymedia.com/de/audio-komprimieren
https://solvemymedia.com/el/symnpiesost-audio
https://solvemymedia.com/el/sympiesi-ihoy
https://solvemymedia.com/es/comprimir-audio
https://solvemymedia.com/fi/pakkaa-aanta
https://solvemymedia.com/fi/pakkaa-audio
https://solvemymedia.com/fr/compresser-laudio
https://solvemymedia.com/he/dchisot-audio
https://solvemymedia.com/he/ldkhvs-vdyv
https://solvemymedia.com/hi/audio-compress-kare
https://solvemymedia.com/hi/onddiyo-snpiiddit-kren
https://solvemymedia.com/hu/hang-tomoritese
https://solvemymedia.com/hu/tomoriti-a-hangot
https://solvemymedia.com/id/kompres-audio
https://solvemymedia.com/it/comprimere-laudio
https://solvemymedia.com/it/comprimi-audio
https://solvemymedia.com/ja/odeiowoya-suo-suru
https://solvemymedia.com/ko/odio-abcug
https://solvemymedia.com/ko/odio-apchuk
https://solvemymedia.com/ms/mampat-audio
https://solvemymedia.com/ms/memampatkan-audio
https://solvemymedia.com/nl/audio-comprimeren
https://solvemymedia.com/no/komprimere-lyd
https://solvemymedia.com/pl/kompresowac-dzwiek
https://solvemymedia.com/pl/kompresuj-audio
https://solvemymedia.com/pt/comprimir-audio
https://solvemymedia.com/ro/comprima-audio
https://solvemymedia.com/ru/szhat-audio
https://solvemymedia.com/ru/szhimat-audio
https://solvemymedia.com/sk/komprimovat-audio
https://solvemymedia.com/sk/komprimovat-zvuk
https://solvemymedia.com/sv/komprimera-ljud
https://solvemymedia.com/th/biibadesiiyng
https://solvemymedia.com/th/ko-op-audio
https://solvemymedia.com/tr/ses-sikistir
https://solvemymedia.com/tr/sesi-sikistir
https://solvemymedia.com/uk/stiskati-audio
https://solvemymedia.com/uk/sty-snuti-audio
https://solvemymedia.com/vi/nen-am-thanh
https://solvemymedia.com/zh/ya-suo-yin-pin","404
200
200
200
404
200
404
200
200
404
200
200
200
404
200
404
404
404
200
404
200
200
200
404
200
200
404
404
200
200
200
200
404
200
200
404
200
404
404
200
200
404
404
200
200
404
200
200","More than one page is linked for the same language
Some pages don't include hreflang links to all the other pages of the group
Some pages are not returning 200 status code",5785178085625259770,44,44
21,https://solvemymedia.com/zh/chuang-jian-gif,"Video to GIF Maker - 将视频转换为动画 GIF - SolveMyMedia
SolveMyMedia - Free Online Media Optimization Tools",text/html; charset=utf-8,false,200,0,true,"https://solvemymedia.com/ar/anshaaa-gif
https://solvemymedia.com/ar/nsh-swr-mthrk
https://solvemymedia.com/create-gif
https://solvemymedia.com/create-gif
https://solvemymedia.com/cs/vytvorit-gif
https://solvemymedia.com/da/opret-gif
https://solvemymedia.com/da/oprette-gif
https://solvemymedia.com/de/gif-erstellen
https://solvemymedia.com/el/dimioyrgia-gif
https://solvemymedia.com/es/crear-gif
https://solvemymedia.com/fi/luo-gif
https://solvemymedia.com/fr/creer-un-gif
https://solvemymedia.com/he/lytsvr-gif
https://solvemymedia.com/he/tzor-gif
https://solvemymedia.com/hi/gif-banaye
https://solvemymedia.com/hi/gif-bnaaen
https://solvemymedia.com/hu/gif-letrehozasa
https://solvemymedia.com/id/membuat-gif
https://solvemymedia.com/it/crea-gif
https://solvemymedia.com/it/creare-una-gif
https://solvemymedia.com/ja/gifwozuo-cheng
https://solvemymedia.com/ko/gif-mandeulgi
https://solvemymedia.com/ms/buat-gif
https://solvemymedia.com/nl/gif-maken
https://solvemymedia.com/no/lag-gif
https://solvemymedia.com/no/lage-gif
https://solvemymedia.com/pl/stworz-gif
https://solvemymedia.com/pl/utworz-gifa
https://solvemymedia.com/pt/criar-gif
https://solvemymedia.com/ro/creati-gif
https://solvemymedia.com/ro/creeaza-gif
https://solvemymedia.com/ru/sozdat-gif
https://solvemymedia.com/ru/sozdat-gifku
https://solvemymedia.com/sk/vytvorit-gif
https://solvemymedia.com/sv/skapa-gif
https://solvemymedia.com/th/sang-gif
https://solvemymedia.com/th/sraangkif
https://solvemymedia.com/tr/gif-olustur
https://solvemymedia.com/uk/stvoriti-gif
https://solvemymedia.com/vi/tao-anh-gif
https://solvemymedia.com/vi/tao-gif
https://solvemymedia.com/zh/chuang-jian-gif","404
200
200
200
200
404
200
200
200
200
200
200
404
404
404
200
200
200
404
200
200
200
200
200
404
200
404
200
200
200
404
404
200
404
200
404
200
200
200
200
404
200","More than one page is linked for the same language
Some pages don't include hreflang links to all the other pages of the group
Some pages are not returning 200 status code",17321000843242609092,39,39
21,https://solvemymedia.com/zh/zhuan-huan-shi-pin,"转换视频格式 - 免费在线视频转换器 - SolveMyMedia
SolveMyMedia - Free Online Media Optimization Tools",text/html; charset=utf-8,false,200,0,true,"https://solvemymedia.com/ar/thwyl-alfidyo
https://solvemymedia.com/ar/thwyl-lfydyw
https://solvemymedia.com/convert-video
https://solvemymedia.com/convert-video
https://solvemymedia.com/cs/konvertovat-video
https://solvemymedia.com/cs/prevest-video
https://solvemymedia.com/da/konverter-video
https://solvemymedia.com/da/konvertere-video
https://solvemymedia.com/de/video-konvertieren
https://solvemymedia.com/el/metaporpe-video
https://solvemymedia.com/el/metatropi-vinteo
https://solvemymedia.com/es/convertir-video
https://solvemymedia.com/fi/muunna-video
https://solvemymedia.com/fi/muuntaa-videon
https://solvemymedia.com/fr/convertir-une-video
https://solvemymedia.com/he/hmr-video
https://solvemymedia.com/he/lhmyr-vydv
https://solvemymedia.com/hi/video-convert-kare
https://solvemymedia.com/hi/viiddiyo-privrtit-kren
https://solvemymedia.com/hu/video-konvertalasa
https://solvemymedia.com/id/mengkonversi-video
https://solvemymedia.com/it/converti-video
https://solvemymedia.com/it/convertire-video
https://solvemymedia.com/ja/bideowobian-huan-suru
https://solvemymedia.com/ko/bidio-byeonhwan
https://solvemymedia.com/ms/menukar-video
https://solvemymedia.com/ms/tukar-video
https://solvemymedia.com/nl/video-converteren
https://solvemymedia.com/no/konvertere-video
https://solvemymedia.com/pl/konwertuj-wideo
https://solvemymedia.com/pt/converter-video
https://solvemymedia.com/ro/converteste-video
https://solvemymedia.com/ro/converti-video
https://solvemymedia.com/ru/konvertirovat-video
https://solvemymedia.com/sk/konvertovat-video
https://solvemymedia.com/sv/konvertera-video
https://solvemymedia.com/th/aeplngwidiio
https://solvemymedia.com/th/pli-an-wideo
https://solvemymedia.com/tr/video-donustur
https://solvemymedia.com/tr/videoyu-donustur
https://solvemymedia.com/uk/konvertuvati-video
https://solvemymedia.com/vi/chuyen-doi-video
https://solvemymedia.com/zh/zhuan-huan-shi-pin","404
200
200
200
404
200
404
200
200
404
200
200
404
200
200
404
404
404
200
200
200
404
200
200
200
200
404
200
200
200
200
404
200
200
404
200
200
404
404
200
200
200
200","More than one page is linked for the same language
Some pages don't include hreflang links to all the other pages of the group
Some pages are not returning 200 status code",3718947784658654109,40,40
21,https://solvemymedia.com/ru/szhimat-video,"Сжатие видео онлайн — бесплатный безопасный видеокомпрессор - SolveMyMedia
SolveMyMedia - Free Online Media Optimization Tools",text/html; charset=utf-8,false,200,0,true,"https://solvemymedia.com/ar/dgt-lfydyw
https://solvemymedia.com/compress-video
https://solvemymedia.com/compress-video
https://solvemymedia.com/cs/komprimovat-video
https://solvemymedia.com/da/komprimere-video
https://solvemymedia.com/de/video-komprimieren
https://solvemymedia.com/el/sympiesi-vinteo
https://solvemymedia.com/es/comprimir-video
https://solvemymedia.com/fi/pakkaa-video
https://solvemymedia.com/fr/compresser-la-video
https://solvemymedia.com/he/ldkhvs-vydv
https://solvemymedia.com/hi/viiddiyo-snpiiddit-kren
https://solvemymedia.com/hu/video-tomoritese
https://solvemymedia.com/id/kompres-video
https://solvemymedia.com/it/comprimere-il-video
https://solvemymedia.com/ja/bideowoya-suo-suru
https://solvemymedia.com/ko/bidio-abcug
https://solvemymedia.com/ms/memampatkan-video
https://solvemymedia.com/nl/video-comprimeren
https://solvemymedia.com/no/komprimere-video
https://solvemymedia.com/pl/kompresowac-wideo
https://solvemymedia.com/pt/compactar-video
https://solvemymedia.com/ro/comprima-video
https://solvemymedia.com/ru/szhimat-video
https://solvemymedia.com/sk/komprimovat-video
https://solvemymedia.com/sv/komprimera-video
https://solvemymedia.com/th/biibadwidiio
https://solvemymedia.com/tr/videoyu-sikistir
https://solvemymedia.com/uk/stiskati-video
https://solvemymedia.com/vi/nen-video
https://solvemymedia.com/zh/ya-suo-shi-pin","200
200
200
200
200
200
200
200
200
200
404
200
200
200
200
200
200
200
200
200
200
200
200
200
404
200
200
200
200
200
200","Some pages don't include hreflang links to all the other pages of the group
Some pages are not returning 200 status code",926993157700666916,26,26
21,https://solvemymedia.com/hu/lemasol,"Hang és videó átírása – AI beszéd szöveggé - SolveMyMedia
SolveMyMedia - Free Online Media Optimization Tools",text/html; charset=utf-8,false,200,0,true,"https://solvemymedia.com/ar/nskh
https://solvemymedia.com/cs/prepsat
https://solvemymedia.com/da/transskribere
https://solvemymedia.com/de/transkribieren
https://solvemymedia.com/el/antigrafo
https://solvemymedia.com/es/transcribir
https://solvemymedia.com/fi/litteroida
https://solvemymedia.com/fr/transcrire
https://solvemymedia.com/he/ltaateq
https://solvemymedia.com/hi/ttaaip-krnaa
https://solvemymedia.com/hu/lemasol
https://solvemymedia.com/id/menuliskan
https://solvemymedia.com/it/trascrivere
https://solvemymedia.com/ja/zhuan-xie-suru
https://solvemymedia.com/ko/gocyeo-sseuda
https://solvemymedia.com/ms/transkripsi
https://solvemymedia.com/nl/transcriberen
https://solvemymedia.com/no/transkribere
https://solvemymedia.com/pl/rozpisac
https://solvemymedia.com/pt/transcrever
https://solvemymedia.com/ro/transcrie
https://solvemymedia.com/ru/perepisyvat
https://solvemymedia.com/sk/prepisovat
https://solvemymedia.com/sv/transkribera
https://solvemymedia.com/th/thdesiiyng
https://solvemymedia.com/tr/uyarlamak
https://solvemymedia.com/transcribe
https://solvemymedia.com/transcribe
https://solvemymedia.com/uk/transkribuvati
https://solvemymedia.com/vi/chep-lai
https://solvemymedia.com/zh/lu-zhi","200
200
200
200
200
200
200
200
404
200
200
200
200
200
200
200
200
200
200
200
200
200
404
200
200
200
200
200
200
200
200","Some pages don't include hreflang links to all the other pages of the group
Some pages are not returning 200 status code",1124245034427686738,26,26
21,https://solvemymedia.com/ru/diktofon,"Устройство записи экрана и звука — бесплатная студийная запись - SolveMyMedia
SolveMyMedia - Free Online Media Optimization Tools",text/html; charset=utf-8,false,200,0,true,"https://solvemymedia.com/ar/msjl
https://solvemymedia.com/cs/zaznamnik
https://solvemymedia.com/da/optager
https://solvemymedia.com/de/recorder
https://solvemymedia.com/el/mihanima-eggrafis
https://solvemymedia.com/es/grabadora
https://solvemymedia.com/fi/tallennin
https://solvemymedia.com/fr/enregistreur
https://solvemymedia.com/he/maqliyt
https://solvemymedia.com/hi/rikonrddr
https://solvemymedia.com/hu/felvevo
https://solvemymedia.com/id/perekam
https://solvemymedia.com/it/registratore
https://solvemymedia.com/ja/rekoda
https://solvemymedia.com/ko/giroggye
https://solvemymedia.com/ms/perakam
https://solvemymedia.com/nl/opnameapparaat
https://solvemymedia.com/no/opptaker
https://solvemymedia.com/pl/rejestrator
https://solvemymedia.com/pt/gravadora
https://solvemymedia.com/recorder
https://solvemymedia.com/recorder
https://solvemymedia.com/ro/recorder
https://solvemymedia.com/ru/diktofon
https://solvemymedia.com/sk/zaznamnik
https://solvemymedia.com/sv/inspelare
https://solvemymedia.com/th/ekhruuengbanthuek
https://solvemymedia.com/tr/kaydedici
https://solvemymedia.com/uk/diktofon
https://solvemymedia.com/vi/may-ghi-am
https://solvemymedia.com/zh/lu-yin-ji","200
200
200
200
200
200
200
200
404
200
200
200
200
200
200
200
200
200
200
200
200
200
200
200
404
200
200
200
200
200
200","Some pages don't include hreflang links to all the other pages of the group
Some pages are not returning 200 status code",774500295674417905,26,26
21,https://solvemymedia.com/ko/giroggye,"화면 및 오디오 레코더 - 무료 스튜디오 녹음 - SolveMyMedia
SolveMyMedia - Free Online Media Optimization Tools",text/html; charset=utf-8,false,200,0,true,"https://solvemymedia.com/ar/msjl
https://solvemymedia.com/cs/zaznamnik
https://solvemymedia.com/da/optager
https://solvemymedia.com/de/recorder
https://solvemymedia.com/el/mihanima-eggrafis
https://solvemymedia.com/es/grabadora
https://solvemymedia.com/fi/tallennin
https://solvemymedia.com/fr/enregistreur
https://solvemymedia.com/he/maqliyt
https://solvemymedia.com/hi/rikonrddr
https://solvemymedia.com/hu/felvevo
https://solvemymedia.com/id/perekam
https://solvemymedia.com/it/registratore
https://solvemymedia.com/ja/rekoda
https://solvemymedia.com/ko/giroggye
https://solvemymedia.com/ms/perakam
https://solvemymedia.com/nl/opnameapparaat
https://solvemymedia.com/no/opptaker
https://solvemymedia.com/pl/rejestrator
https://solvemymedia.com/pt/gravadora
https://solvemymedia.com/recorder
https://solvemymedia.com/recorder
https://solvemymedia.com/ro/recorder
https://solvemymedia.com/ru/diktofon
https://solvemymedia.com/sk/zaznamnik
https://solvemymedia.com/sv/inspelare
https://solvemymedia.com/th/ekhruuengbanthuek
https://solvemymedia.com/tr/kaydedici
https://solvemymedia.com/uk/diktofon
https://solvemymedia.com/vi/may-ghi-am
https://solvemymedia.com/zh/lu-yin-ji","200
200
200
200
200
200
200
200
404
200
200
200
200
200
200
200
200
200
200
200
200
200
200
200
404
200
200
200
200
200
200","Some pages don't include hreflang links to all the other pages of the group
Some pages are not returning 200 status code",774500295674417905,26,26
21,https://solvemymedia.com/ro/comprima-video,"Compres Video Online - Compresor video securizat gratuit - SolveMyMedia
SolveMyMedia - Free Online Media Optimization Tools",text/html; charset=utf-8,false,200,0,true,"https://solvemymedia.com/ar/dght-alfidyo
https://solvemymedia.com/ar/dgt-lfydyw
https://solvemymedia.com/compress-video
https://solvemymedia.com/compress-video
https://solvemymedia.com/cs/komprimovat-video
https://solvemymedia.com/da/komprimer-video
https://solvemymedia.com/da/komprimere-video
https://solvemymedia.com/de/video-komprimieren
https://solvemymedia.com/el/symnpiesost-video
https://solvemymedia.com/el/sympiesi-vinteo
https://solvemymedia.com/es/comprimir-video
https://solvemymedia.com/fi/pakkaa-video
https://solvemymedia.com/fr/compresser-la-video
https://solvemymedia.com/he/dchisot-video
https://solvemymedia.com/he/ldkhvs-vydv
https://solvemymedia.com/hi/video-compress-kare
https://solvemymedia.com/hi/viiddiyo-snpiiddit-kren
https://solvemymedia.com/hu/video-tomoritese
https://solvemymedia.com/id/kompres-video
https://solvemymedia.com/it/comprimere-il-video
https://solvemymedia.com/it/comprimi-video
https://solvemymedia.com/ja/bideowoya-suo-suru
https://solvemymedia.com/ko/bidio-abcug
https://solvemymedia.com/ko/bidio-apchuk
https://solvemymedia.com/ms/mampat-video
https://solvemymedia.com/ms/memampatkan-video
https://solvemymedia.com/nl/video-comprimeren
https://solvemymedia.com/no/komprimere-video
https://solvemymedia.com/pl/kompresowac-wideo
https://solvemymedia.com/pl/kompresuj-wideo
https://solvemymedia.com/pt/compactar-video
https://solvemymedia.com/pt/comprimir-video
https://solvemymedia.com/ro/comprima-video
https://solvemymedia.com/ru/szhat-video
https://solvemymedia.com/ru/szhimat-video
https://solvemymedia.com/sk/komprimovat-video
https://solvemymedia.com/sv/komprimera-video
https://solvemymedia.com/th/biibadwidiio
https://solvemymedia.com/th/ko-op-wideo
https://solvemymedia.com/tr/video-sikistir
https://solvemymedia.com/tr/videoyu-sikistir
https://solvemymedia.com/uk/stiskati-video
https://solvemymedia.com/uk/sty-snuti-video
https://solvemymedia.com/vi/nen-video
https://solvemymedia.com/zh/ya-suo-shi-pin","404
200
200
200
200
404
200
200
404
200
200
200
200
404
404
404
200
200
200
200
404
200
200
404
404
200
200
200
200
404
200
404
200
404
200
404
200
200
404
404
200
200
404
200
200","More than one page is linked for the same language
Some pages don't include hreflang links to all the other pages of the group
Some pages are not returning 200 status code",926993157700666916,42,42
21,https://solvemymedia.com/cs/vytvorit-gif,"Video to GIF Maker - Převod videa na animovaný GIF - SolveMyMedia
SolveMyMedia - Free Online Media Optimization Tools",text/html; charset=utf-8,false,200,0,true,"https://solvemymedia.com/ar/anshaaa-gif
https://solvemymedia.com/ar/nsh-swr-mthrk
https://solvemymedia.com/create-gif
https://solvemymedia.com/create-gif
https://solvemymedia.com/cs/vytvorit-gif
https://solvemymedia.com/da/opret-gif
https://solvemymedia.com/da/oprette-gif
https://solvemymedia.com/de/gif-erstellen
https://solvemymedia.com/el/dimioyrgia-gif
https://solvemymedia.com/es/crear-gif
https://solvemymedia.com/fi/luo-gif
https://solvemymedia.com/fr/creer-un-gif
https://solvemymedia.com/he/lytsvr-gif
https://solvemymedia.com/he/tzor-gif
https://solvemymedia.com/hi/gif-banaye
https://solvemymedia.com/hi/gif-bnaaen
https://solvemymedia.com/hu/gif-letrehozasa
https://solvemymedia.com/id/membuat-gif
https://solvemymedia.com/it/crea-gif
https://solvemymedia.com/it/creare-una-gif
https://solvemymedia.com/ja/gifwozuo-cheng
https://solvemymedia.com/ko/gif-mandeulgi
https://solvemymedia.com/ms/buat-gif
https://solvemymedia.com/nl/gif-maken
https://solvemymedia.com/no/lag-gif
https://solvemymedia.com/no/lage-gif
https://solvemymedia.com/pl/stworz-gif
https://solvemymedia.com/pl/utworz-gifa
https://solvemymedia.com/pt/criar-gif
https://solvemymedia.com/ro/creati-gif
https://solvemymedia.com/ro/creeaza-gif
https://solvemymedia.com/ru/sozdat-gif
https://solvemymedia.com/ru/sozdat-gifku
https://solvemymedia.com/sk/vytvorit-gif
https://solvemymedia.com/sv/skapa-gif
https://solvemymedia.com/th/sang-gif
https://solvemymedia.com/th/sraangkif
https://solvemymedia.com/tr/gif-olustur
https://solvemymedia.com/uk/stvoriti-gif
https://solvemymedia.com/vi/tao-anh-gif
https://solvemymedia.com/vi/tao-gif
https://solvemymedia.com/zh/chuang-jian-gif","404
200
200
200
200
404
200
200
200
200
200
200
404
404
404
200
200
200
404
200
200
200
200
200
404
200
404
200
200
200
404
404
200
404
200
404
200
200
200
200
404
200","More than one page is linked for the same language
Some pages don't include hreflang links to all the other pages of the group
Some pages are not returning 200 status code",17321000843242609092,39,39
21,https://solvemymedia.com/no/komprimere-lyd,"Komprimer lyd online - Gratis lydkompressor - SolveMyMedia
SolveMyMedia - Free Online Media Optimization Tools",text/html; charset=utf-8,false,200,0,true,"https://solvemymedia.com/ar/dght-alsawt
https://solvemymedia.com/ar/dgt-lswt
https://solvemymedia.com/compress-audio
https://solvemymedia.com/compress-audio
https://solvemymedia.com/cs/komprimovat-audio
https://solvemymedia.com/cs/komprimovat-zvuk
https://solvemymedia.com/da/komprimer-lyd
https://solvemymedia.com/da/komprimere-lyd
https://solvemymedia.com/de/audio-komprimieren
https://solvemymedia.com/el/symnpiesost-audio
https://solvemymedia.com/el/sympiesi-ihoy
https://solvemymedia.com/es/comprimir-audio
https://solvemymedia.com/fi/pakkaa-aanta
https://solvemymedia.com/fi/pakkaa-audio
https://solvemymedia.com/fr/compresser-laudio
https://solvemymedia.com/he/dchisot-audio
https://solvemymedia.com/he/ldkhvs-vdyv
https://solvemymedia.com/hi/audio-compress-kare
https://solvemymedia.com/hi/onddiyo-snpiiddit-kren
https://solvemymedia.com/hu/hang-tomoritese
https://solvemymedia.com/hu/tomoriti-a-hangot
https://solvemymedia.com/id/kompres-audio
https://solvemymedia.com/it/comprimere-laudio
https://solvemymedia.com/it/comprimi-audio
https://solvemymedia.com/ja/odeiowoya-suo-suru
https://solvemymedia.com/ko/odio-abcug
https://solvemymedia.com/ko/odio-apchuk
https://solvemymedia.com/ms/mampat-audio
https://solvemymedia.com/ms/memampatkan-audio
https://solvemymedia.com/nl/audio-comprimeren
https://solvemymedia.com/no/komprimere-lyd
https://solvemymedia.com/pl/kompresowac-dzwiek
https://solvemymedia.com/pl/kompresuj-audio
https://solvemymedia.com/pt/comprimir-audio
https://solvemymedia.com/ro/comprima-audio
https://solvemymedia.com/ru/szhat-audio
https://solvemymedia.com/ru/szhimat-audio
https://solvemymedia.com/sk/komprimovat-audio
https://solvemymedia.com/sk/komprimovat-zvuk
https://solvemymedia.com/sv/komprimera-ljud
https://solvemymedia.com/th/biibadesiiyng
https://solvemymedia.com/th/ko-op-audio
https://solvemymedia.com/tr/ses-sikistir
https://solvemymedia.com/tr/sesi-sikistir
https://solvemymedia.com/uk/stiskati-audio
https://solvemymedia.com/uk/sty-snuti-audio
https://solvemymedia.com/vi/nen-am-thanh
https://solvemymedia.com/zh/ya-suo-yin-pin","404
200
200
200
404
200
404
200
200
404
200
200
200
404
200
404
404
404
200
404
200
200
200
404
200
200
404
404
200
200
200
200
404
200
200
404
200
404
404
200
200
404
404
200
200
404
200
200","More than one page is linked for the same language
Some pages don't include hreflang links to all the other pages of the group
Some pages are not returning 200 status code",5785178085625259770,44,44
21,https://solvemymedia.com/it/comprimere-il-video,"Comprimi video online: compressore video sicuro gratuito - SolveMyMedia
SolveMyMedia - Free Online Media Optimization Tools",text/html; charset=utf-8,false,200,0,true,"https://solvemymedia.com/ar/dgt-lfydyw
https://solvemymedia.com/compress-video
https://solvemymedia.com/compress-video
https://solvemymedia.com/cs/komprimovat-video
https://solvemymedia.com/da/komprimere-video
https://solvemymedia.com/de/video-komprimieren
https://solvemymedia.com/el/sympiesi-vinteo
https://solvemymedia.com/es/comprimir-video
https://solvemymedia.com/fi/pakkaa-video
https://solvemymedia.com/fr/compresser-la-video
https://solvemymedia.com/he/ldkhvs-vydv
https://solvemymedia.com/hi/viiddiyo-snpiiddit-kren
https://solvemymedia.com/hu/video-tomoritese
https://solvemymedia.com/id/kompres-video
https://solvemymedia.com/it/comprimere-il-video
https://solvemymedia.com/ja/bideowoya-suo-suru
https://solvemymedia.com/ko/bidio-abcug
https://solvemymedia.com/ms/memampatkan-video
https://solvemymedia.com/nl/video-comprimeren
https://solvemymedia.com/no/komprimere-video
https://solvemymedia.com/pl/kompresowac-wideo
https://solvemymedia.com/pt/compactar-video
https://solvemymedia.com/ro/comprima-video
https://solvemymedia.com/ru/szhimat-video
https://solvemymedia.com/sk/komprimovat-video
https://solvemymedia.com/sv/komprimera-video
https://solvemymedia.com/th/biibadwidiio
https://solvemymedia.com/tr/videoyu-sikistir
https://solvemymedia.com/uk/stiskati-video
https://solvemymedia.com/vi/nen-video
https://solvemymedia.com/zh/ya-suo-shi-pin","200
200
200
200
200
200
200
200
200
200
404
200
200
200
200
200
200
200
200
200
200
200
200
200
404
200
200
200
200
200
200","Some pages don't include hreflang links to all the other pages of the group
Some pages are not returning 200 status code",926993157700666916,26,26
21,https://solvemymedia.com/uk/stiskati-video,"Стиснення відео онлайн - безкоштовний захищений компресор відео - SolveMyMedia
SolveMyMedia - Free Online Media Optimization Tools",text/html; charset=utf-8,false,200,0,true,"https://solvemymedia.com/ar/dgt-lfydyw
https://solvemymedia.com/compress-video
https://solvemymedia.com/compress-video
https://solvemymedia.com/cs/komprimovat-video
https://solvemymedia.com/da/komprimere-video
https://solvemymedia.com/de/video-komprimieren
https://solvemymedia.com/el/sympiesi-vinteo
https://solvemymedia.com/es/comprimir-video
https://solvemymedia.com/fi/pakkaa-video
https://solvemymedia.com/fr/compresser-la-video
https://solvemymedia.com/he/ldkhvs-vydv
https://solvemymedia.com/hi/viiddiyo-snpiiddit-kren
https://solvemymedia.com/hu/video-tomoritese
https://solvemymedia.com/id/kompres-video
https://solvemymedia.com/it/comprimere-il-video
https://solvemymedia.com/ja/bideowoya-suo-suru
https://solvemymedia.com/ko/bidio-abcug
https://solvemymedia.com/ms/memampatkan-video
https://solvemymedia.com/nl/video-comprimeren
https://solvemymedia.com/no/komprimere-video
https://solvemymedia.com/pl/kompresowac-wideo
https://solvemymedia.com/pt/compactar-video
https://solvemymedia.com/ro/comprima-video
https://solvemymedia.com/ru/szhimat-video
https://solvemymedia.com/sk/komprimovat-video
https://solvemymedia.com/sv/komprimera-video
https://solvemymedia.com/th/biibadwidiio
https://solvemymedia.com/tr/videoyu-sikistir
https://solvemymedia.com/uk/stiskati-video
https://solvemymedia.com/vi/nen-video
https://solvemymedia.com/zh/ya-suo-shi-pin","200
200
200
200
200
200
200
200
200
200
404
200
200
200
200
200
200
200
200
200
200
200
200
200
404
200
200
200
200
200
200","Some pages don't include hreflang links to all the other pages of the group
Some pages are not returning 200 status code",926993157700666916,26,26
21,https://solvemymedia.com/de/video-komprimieren,"Video online komprimieren – Kostenloser sicherer Videokompressor - SolveMyMedia
SolveMyMedia - Free Online Media Optimization Tools",text/html; charset=utf-8,false,200,0,true,"https://solvemymedia.com/ar/dght-alfidyo
https://solvemymedia.com/ar/dgt-lfydyw
https://solvemymedia.com/compress-video
https://solvemymedia.com/compress-video
https://solvemymedia.com/cs/komprimovat-video
https://solvemymedia.com/da/komprimer-video
https://solvemymedia.com/da/komprimere-video
https://solvemymedia.com/de/video-komprimieren
https://solvemymedia.com/el/symnpiesost-video
https://solvemymedia.com/el/sympiesi-vinteo
https://solvemymedia.com/es/comprimir-video
https://solvemymedia.com/fi/pakkaa-video
https://solvemymedia.com/fr/compresser-la-video
https://solvemymedia.com/he/dchisot-video
https://solvemymedia.com/he/ldkhvs-vydv
https://solvemymedia.com/hi/video-compress-kare
https://solvemymedia.com/hi/viiddiyo-snpiiddit-kren
https://solvemymedia.com/hu/video-tomoritese
https://solvemymedia.com/id/kompres-video
https://solvemymedia.com/it/comprimere-il-video
https://solvemymedia.com/it/comprimi-video
https://solvemymedia.com/ja/bideowoya-suo-suru
https://solvemymedia.com/ko/bidio-abcug
https://solvemymedia.com/ko/bidio-apchuk
https://solvemymedia.com/ms/mampat-video
https://solvemymedia.com/ms/memampatkan-video
https://solvemymedia.com/nl/video-comprimeren
https://solvemymedia.com/no/komprimere-video
https://solvemymedia.com/pl/kompresowac-wideo
https://solvemymedia.com/pl/kompresuj-wideo
https://solvemymedia.com/pt/compactar-video
https://solvemymedia.com/pt/comprimir-video
https://solvemymedia.com/ro/comprima-video
https://solvemymedia.com/ru/szhat-video
https://solvemymedia.com/ru/szhimat-video
https://solvemymedia.com/sk/komprimovat-video
https://solvemymedia.com/sv/komprimera-video
https://solvemymedia.com/th/biibadwidiio
https://solvemymedia.com/th/ko-op-wideo
https://solvemymedia.com/tr/video-sikistir
https://solvemymedia.com/tr/videoyu-sikistir
https://solvemymedia.com/uk/stiskati-video
https://solvemymedia.com/uk/sty-snuti-video
https://solvemymedia.com/vi/nen-video
https://solvemymedia.com/zh/ya-suo-shi-pin","404
200
200
200
200
404
200
200
404
200
200
200
200
404
404
404
200
200
200
200
404
200
200
404
404
200
200
200
200
404
200
404
200
404
200
404
200
200
404
404
200
200
404
200
200","More than one page is linked for the same language
Some pages don't include hreflang links to all the other pages of the group
Some pages are not returning 200 status code",926993157700666916,42,42
21,https://solvemymedia.com/pt/converter-video,"Converta formatos de vídeo - Conversor de vídeo online gratuito - SolveMyMedia
SolveMyMedia - Free Online Media Optimization Tools",text/html; charset=utf-8,false,200,0,true,"https://solvemymedia.com/ar/thwyl-alfidyo
https://solvemymedia.com/ar/thwyl-lfydyw
https://solvemymedia.com/convert-video
https://solvemymedia.com/convert-video
https://solvemymedia.com/cs/konvertovat-video
https://solvemymedia.com/cs/prevest-video
https://solvemymedia.com/da/konverter-video
https://solvemymedia.com/da/konvertere-video
https://solvemymedia.com/de/video-konvertieren
https://solvemymedia.com/el/metaporpe-video
https://solvemymedia.com/el/metatropi-vinteo
https://solvemymedia.com/es/convertir-video
https://solvemymedia.com/fi/muunna-video
https://solvemymedia.com/fi/muuntaa-videon
https://solvemymedia.com/fr/convertir-une-video
https://solvemymedia.com/he/hmr-video
https://solvemymedia.com/he/lhmyr-vydv
https://solvemymedia.com/hi/video-convert-kare
https://solvemymedia.com/hi/viiddiyo-privrtit-kren
https://solvemymedia.com/hu/video-konvertalasa
https://solvemymedia.com/id/mengkonversi-video
https://solvemymedia.com/it/converti-video
https://solvemymedia.com/it/convertire-video
https://solvemymedia.com/ja/bideowobian-huan-suru
https://solvemymedia.com/ko/bidio-byeonhwan
https://solvemymedia.com/ms/menukar-video
https://solvemymedia.com/ms/tukar-video
https://solvemymedia.com/nl/video-converteren
https://solvemymedia.com/no/konvertere-video
https://solvemymedia.com/pl/konwertuj-wideo
https://solvemymedia.com/pt/converter-video
https://solvemymedia.com/ro/converteste-video
https://solvemymedia.com/ro/converti-video
https://solvemymedia.com/ru/konvertirovat-video
https://solvemymedia.com/sk/konvertovat-video
https://solvemymedia.com/sv/konvertera-video
https://solvemymedia.com/th/aeplngwidiio
https://solvemymedia.com/th/pli-an-wideo
https://solvemymedia.com/tr/video-donustur
https://solvemymedia.com/tr/videoyu-donustur
https://solvemymedia.com/uk/konvertuvati-video
https://solvemymedia.com/vi/chuyen-doi-video
https://solvemymedia.com/zh/zhuan-huan-shi-pin","404
200
200
200
404
200
404
200
200
404
200
200
404
200
200
404
404
404
200
200
200
404
200
200
200
200
404
200
200
200
200
404
200
200
404
200
200
404
404
200
200
200
200","More than one page is linked for the same language
Some pages don't include hreflang links to all the other pages of the group
Some pages are not returning 200 status code",3718947784658654109,40,40
21,https://solvemymedia.com/pt/criar-gif,"Video to GIF Maker - Converta vídeo em GIF animado - SolveMyMedia
SolveMyMedia - Free Online Media Optimization Tools",text/html; charset=utf-8,false,200,0,true,"https://solvemymedia.com/ar/anshaaa-gif
https://solvemymedia.com/ar/nsh-swr-mthrk
https://solvemymedia.com/create-gif
https://solvemymedia.com/create-gif
https://solvemymedia.com/cs/vytvorit-gif
https://solvemymedia.com/da/opret-gif
https://solvemymedia.com/da/oprette-gif
https://solvemymedia.com/de/gif-erstellen
https://solvemymedia.com/el/dimioyrgia-gif
https://solvemymedia.com/es/crear-gif
https://solvemymedia.com/fi/luo-gif
https://solvemymedia.com/fr/creer-un-gif
https://solvemymedia.com/he/lytsvr-gif
https://solvemymedia.com/he/tzor-gif
https://solvemymedia.com/hi/gif-banaye
https://solvemymedia.com/hi/gif-bnaaen
https://solvemymedia.com/hu/gif-letrehozasa
https://solvemymedia.com/id/membuat-gif
https://solvemymedia.com/it/crea-gif
https://solvemymedia.com/it/creare-una-gif
https://solvemymedia.com/ja/gifwozuo-cheng
https://solvemymedia.com/ko/gif-mandeulgi
https://solvemymedia.com/ms/buat-gif
https://solvemymedia.com/nl/gif-maken
https://solvemymedia.com/no/lag-gif
https://solvemymedia.com/no/lage-gif
https://solvemymedia.com/pl/stworz-gif
https://solvemymedia.com/pl/utworz-gifa
https://solvemymedia.com/pt/criar-gif
https://solvemymedia.com/ro/creati-gif
https://solvemymedia.com/ro/creeaza-gif
https://solvemymedia.com/ru/sozdat-gif
https://solvemymedia.com/ru/sozdat-gifku
https://solvemymedia.com/sk/vytvorit-gif
https://solvemymedia.com/sv/skapa-gif
https://solvemymedia.com/th/sang-gif
https://solvemymedia.com/th/sraangkif
https://solvemymedia.com/tr/gif-olustur
https://solvemymedia.com/uk/stvoriti-gif
https://solvemymedia.com/vi/tao-anh-gif
https://solvemymedia.com/vi/tao-gif
https://solvemymedia.com/zh/chuang-jian-gif","404
200
200
200
200
404
200
200
200
200
200
200
404
404
404
200
200
200
404
200
200
200
200
200
404
200
404
200
200
200
404
404
200
404
200
404
200
200
200
200
404
200","More than one page is linked for the same language
Some pages don't include hreflang links to all the other pages of the group
Some pages are not returning 200 status code",17321000843242609092,39,39
21,https://solvemymedia.com/ms/video-kepada-audio,"Ekstrak Audio daripada Video - Video ke MP3 Converter - SolveMyMedia
SolveMyMedia - Free Online Media Optimization Tools",text/html; charset=utf-8,false,200,0,true,"https://solvemymedia.com/ar/lfydyw-l-lswt
https://solvemymedia.com/cs/video-na-zvuk
https://solvemymedia.com/da/video-til-lyd
https://solvemymedia.com/de/video-zu-audio
https://solvemymedia.com/el/vinteo-se-iho
https://solvemymedia.com/es/video-a-audio
https://solvemymedia.com/fi/videosta-aaneksi
https://solvemymedia.com/fr/video-en-audio
https://solvemymedia.com/he/vydv-lvdyv
https://solvemymedia.com/hi/viiddiyo-se-onddiyo
https://solvemymedia.com/hu/videorol-hangra
https://solvemymedia.com/id/video-ke-audio
https://solvemymedia.com/it/video-in-audio
https://solvemymedia.com/ja/bideokaraodeiohe
https://solvemymedia.com/ko/bidioreul-odioro
https://solvemymedia.com/ms/video-kepada-audio
https://solvemymedia.com/nl/video-naar-audio
https://solvemymedia.com/no/video-til-lyd
https://solvemymedia.com/pl/wideo-do-dzwieku
https://solvemymedia.com/pt/video-para-audio
https://solvemymedia.com/ro/video-in-audio
https://solvemymedia.com/ru/video-v-audio
https://solvemymedia.com/sk/video-na-zvuk
https://solvemymedia.com/sv/video-till-ljud
https://solvemymedia.com/th/widiioepnesiiyng
https://solvemymedia.com/tr/videodan-sese
https://solvemymedia.com/uk/video-v-audio
https://solvemymedia.com/vi/video-thanh-am-thanh
https://solvemymedia.com/video-to-audio
https://solvemymedia.com/video-to-audio
https://solvemymedia.com/zh/shi-pin-zhuan-yin-pin","200
200
200
200
200
200
200
200
404
200
200
200
200
200
200
200
200
200
200
200
200
200
404
200
200
200
200
200
200
200
200","Some pages don't include hreflang links to all the other pages of the group
Some pages are not returning 200 status code",2926664764167155975,26,26
21,https://solvemymedia.com/it/convertire-laudio,"Converti formati audio: convertitore audio online gratuito - SolveMyMedia
SolveMyMedia - Free Online Media Optimization Tools",text/html; charset=utf-8,false,200,0,true,"https://solvemymedia.com/ar/thwyl-lswt
https://solvemymedia.com/convert-audio
https://solvemymedia.com/convert-audio
https://solvemymedia.com/cs/prevest-zvuk
https://solvemymedia.com/da/konvertere-lyd
https://solvemymedia.com/de/audio-konvertieren
https://solvemymedia.com/el/metatropi-ihoy
https://solvemymedia.com/es/convertir-audio
https://solvemymedia.com/fi/muuntaa-aanta
https://solvemymedia.com/fr/convertir-laudio
https://solvemymedia.com/he/lhmyr-vdyv
https://solvemymedia.com/hi/onddiyo-privrtit-kren
https://solvemymedia.com/hu/hangot-konvertalni
https://solvemymedia.com/id/mengkonversi-audio
https://solvemymedia.com/it/convertire-laudio
https://solvemymedia.com/ja/odeiowobian-huan-suru
https://solvemymedia.com/ko/odio-byeonhwan
https://solvemymedia.com/ms/menukar-audio
https://solvemymedia.com/nl/audio-converteren
https://solvemymedia.com/no/konvertere-lyd
https://solvemymedia.com/pl/konwertowac-dzwiek
https://solvemymedia.com/pt/converter-audio
https://solvemymedia.com/ro/converti-audio
https://solvemymedia.com/ru/konvertirovat-audio
https://solvemymedia.com/sk/konvertovat-zvuk
https://solvemymedia.com/sv/konvertera-ljud
https://solvemymedia.com/th/aeplngesiiyng
https://solvemymedia.com/tr/sesi-donustur
https://solvemymedia.com/uk/konvertuvati-audio
https://solvemymedia.com/vi/chuyen-doi-am-thanh
https://solvemymedia.com/zh/zhuan-huan-yin-pin","200
200
200
200
200
200
200
200
200
200
404
200
200
200
200
200
200
200
200
200
200
200
200
200
404
200
200
200
200
200
200","Some pages don't include hreflang links to all the other pages of the group
Some pages are not returning 200 status code",17243122406961147091,26,26
21,https://solvemymedia.com/tr/kaydedici,"Ekran ve Ses Kaydedici - Ücretsiz Stüdyo Kaydı - SolveMyMedia
SolveMyMedia - Free Online Media Optimization Tools",text/html; charset=utf-8,false,200,0,true,"https://solvemymedia.com/ar/msjl
https://solvemymedia.com/cs/zaznamnik
https://solvemymedia.com/da/optager
https://solvemymedia.com/de/recorder
https://solvemymedia.com/el/mihanima-eggrafis
https://solvemymedia.com/es/grabadora
https://solvemymedia.com/fi/tallennin
https://solvemymedia.com/fr/enregistreur
https://solvemymedia.com/he/maqliyt
https://solvemymedia.com/hi/rikonrddr
https://solvemymedia.com/hu/felvevo
https://solvemymedia.com/id/perekam
https://solvemymedia.com/it/registratore
https://solvemymedia.com/ja/rekoda
https://solvemymedia.com/ko/giroggye
https://solvemymedia.com/ms/perakam
https://solvemymedia.com/nl/opnameapparaat
https://solvemymedia.com/no/opptaker
https://solvemymedia.com/pl/rejestrator
https://solvemymedia.com/pt/gravadora
https://solvemymedia.com/recorder
https://solvemymedia.com/recorder
https://solvemymedia.com/ro/recorder
https://solvemymedia.com/ru/diktofon
https://solvemymedia.com/sk/zaznamnik
https://solvemymedia.com/sv/inspelare
https://solvemymedia.com/th/ekhruuengbanthuek
https://solvemymedia.com/tr/kaydedici
https://solvemymedia.com/uk/diktofon
https://solvemymedia.com/vi/may-ghi-am
https://solvemymedia.com/zh/lu-yin-ji","200
200
200
200
200
200
200
200
404
200
200
200
200
200
200
200
200
200
200
200
200
200
200
200
404
200
200
200
200
200
200","Some pages don't include hreflang links to all the other pages of the group
Some pages are not returning 200 status code",774500295674417905,26,26
21,https://solvemymedia.com/ko/bidio-abcug,"온라인으로 비디오 압축 - 무료 보안 비디오 압축기 - SolveMyMedia
SolveMyMedia - Free Online Media Optimization Tools",text/html; charset=utf-8,false,200,0,true,"https://solvemymedia.com/ar/dgt-lfydyw
https://solvemymedia.com/compress-video
https://solvemymedia.com/compress-video
https://solvemymedia.com/cs/komprimovat-video
https://solvemymedia.com/da/komprimere-video
https://solvemymedia.com/de/video-komprimieren
https://solvemymedia.com/el/sympiesi-vinteo
https://solvemymedia.com/es/comprimir-video
https://solvemymedia.com/fi/pakkaa-video
https://solvemymedia.com/fr/compresser-la-video
https://solvemymedia.com/he/ldkhvs-vydv
https://solvemymedia.com/hi/viiddiyo-snpiiddit-kren
https://solvemymedia.com/hu/video-tomoritese
https://solvemymedia.com/id/kompres-video
https://solvemymedia.com/it/comprimere-il-video
https://solvemymedia.com/ja/bideowoya-suo-suru
https://solvemymedia.com/ko/bidio-abcug
https://solvemymedia.com/ms/memampatkan-video
https://solvemymedia.com/nl/video-comprimeren
https://solvemymedia.com/no/komprimere-video
https://solvemymedia.com/pl/kompresowac-wideo
https://solvemymedia.com/pt/compactar-video
https://solvemymedia.com/ro/comprima-video
https://solvemymedia.com/ru/szhimat-video
https://solvemymedia.com/sk/komprimovat-video
https://solvemymedia.com/sv/komprimera-video
https://solvemymedia.com/th/biibadwidiio
https://solvemymedia.com/tr/videoyu-sikistir
https://solvemymedia.com/uk/stiskati-video
https://solvemymedia.com/vi/nen-video
https://solvemymedia.com/zh/ya-suo-shi-pin","200
200
200
200
200
200
200
200
200
200
404
200
200
200
200
200
200
200
200
200
200
200
200
200
404
200
200
200
200
200
200","Some pages don't include hreflang links to all the other pages of the group
Some pages are not returning 200 status code",926993157700666916,26,26
21,https://solvemymedia.com/zh/shi-pin-zhuan-yin-pin,"从视频中提取音频 - 视频到 MP3 转换器 - SolveMyMedia
SolveMyMedia - Free Online Media Optimization Tools",text/html; charset=utf-8,false,200,0,true,"https://solvemymedia.com/ar/fidyo-ila-sawt
https://solvemymedia.com/ar/lfydyw-l-lswt
https://solvemymedia.com/cs/video-na-audio
https://solvemymedia.com/cs/video-na-zvuk
https://solvemymedia.com/da/video-til-lyd
https://solvemymedia.com/de/video-zu-audio
https://solvemymedia.com/el/video-se-audio
https://solvemymedia.com/el/vinteo-se-iho
https://solvemymedia.com/es/video-a-audio
https://solvemymedia.com/fi/video-audioksi
https://solvemymedia.com/fi/videosta-aaneksi
https://solvemymedia.com/fr/video-en-audio
https://solvemymedia.com/he/video-leaudio
https://solvemymedia.com/he/vydv-lvdyv
https://solvemymedia.com/hi/video-se-audio
https://solvemymedia.com/hi/viiddiyo-se-onddiyo
https://solvemymedia.com/hu/video-hanggya
https://solvemymedia.com/hu/videorol-hangra
https://solvemymedia.com/id/video-ke-audio
https://solvemymedia.com/it/video-in-audio
https://solvemymedia.com/ja/bideokaraodeiohe
https://solvemymedia.com/ko/bidio-eseo-odio
https://solvemymedia.com/ko/bidioreul-odioro
https://solvemymedia.com/ms/video-ke-audio
https://solvemymedia.com/ms/video-kepada-audio
https://solvemymedia.com/nl/video-naar-audio
https://solvemymedia.com/no/video-til-lyd
https://solvemymedia.com/pl/wideo-do-dzwieku
https://solvemymedia.com/pl/wideo-na-audio
https://solvemymedia.com/pt/video-para-audio
https://solvemymedia.com/ro/video-in-audio
https://solvemymedia.com/ro/video-la-audio
https://solvemymedia.com/ru/video-v-audio
https://solvemymedia.com/sk/video-na-audio
https://solvemymedia.com/sk/video-na-zvuk
https://solvemymedia.com/sv/video-till-ljud
https://solvemymedia.com/th/wideo-phen-siang
https://solvemymedia.com/th/widiioepnesiiyng
https://solvemymedia.com/tr/videodan-ses
https://solvemymedia.com/tr/videodan-sese
https://solvemymedia.com/uk/video-v-audio
https://solvemymedia.com/vi/video-sang-am-thanh
https://solvemymedia.com/vi/video-thanh-am-thanh
https://solvemymedia.com/video-to-audio
https://solvemymedia.com/video-to-audio
https://solvemymedia.com/zh/shi-pin-zhuan-yin-pin","404
200
404
200
200
200
404
200
200
404
200
200
404
404
404
200
404
200
200
200
200
404
200
404
200
200
200
200
404
200
200
404
200
404
404
200
404
200
404
200
200
404
200
200
200
200","More than one page is linked for the same language
Some pages don't include hreflang links to all the other pages of the group
Some pages are not returning 200 status code",2926664764167155975,42,42
21,https://solvemymedia.com/hu/gif-letrehozasa,"Videó GIF Maker formátumba – Videó konvertálása animált GIF formátumba - SolveMyMedia
SolveMyMedia - Free Online Media Optimization Tools",text/html; charset=utf-8,false,200,0,true,"https://solvemymedia.com/ar/anshaaa-gif
https://solvemymedia.com/ar/nsh-swr-mthrk
https://solvemymedia.com/create-gif
https://solvemymedia.com/create-gif
https://solvemymedia.com/cs/vytvorit-gif
https://solvemymedia.com/da/opret-gif
https://solvemymedia.com/da/oprette-gif
https://solvemymedia.com/de/gif-erstellen
https://solvemymedia.com/el/dimioyrgia-gif
https://solvemymedia.com/es/crear-gif
https://solvemymedia.com/fi/luo-gif
https://solvemymedia.com/fr/creer-un-gif
https://solvemymedia.com/he/lytsvr-gif
https://solvemymedia.com/he/tzor-gif
https://solvemymedia.com/hi/gif-banaye
https://solvemymedia.com/hi/gif-bnaaen
https://solvemymedia.com/hu/gif-letrehozasa
https://solvemymedia.com/id/membuat-gif
https://solvemymedia.com/it/crea-gif
https://solvemymedia.com/it/creare-una-gif
https://solvemymedia.com/ja/gifwozuo-cheng
https://solvemymedia.com/ko/gif-mandeulgi
https://solvemymedia.com/ms/buat-gif
https://solvemymedia.com/nl/gif-maken
https://solvemymedia.com/no/lag-gif
https://solvemymedia.com/no/lage-gif
https://solvemymedia.com/pl/stworz-gif
https://solvemymedia.com/pl/utworz-gifa
https://solvemymedia.com/pt/criar-gif
https://solvemymedia.com/ro/creati-gif
https://solvemymedia.com/ro/creeaza-gif
https://solvemymedia.com/ru/sozdat-gif
https://solvemymedia.com/ru/sozdat-gifku
https://solvemymedia.com/sk/vytvorit-gif
https://solvemymedia.com/sv/skapa-gif
https://solvemymedia.com/th/sang-gif
https://solvemymedia.com/th/sraangkif
https://solvemymedia.com/tr/gif-olustur
https://solvemymedia.com/uk/stvoriti-gif
https://solvemymedia.com/vi/tao-anh-gif
https://solvemymedia.com/vi/tao-gif
https://solvemymedia.com/zh/chuang-jian-gif","404
200
200
200
200
404
200
200
200
200
200
200
404
404
404
200
200
200
404
200
200
200
200
200
404
200
404
200
200
200
404
404
200
404
200
404
200
200
200
200
404
200","More than one page is linked for the same language
Some pages don't include hreflang links to all the other pages of the group
Some pages are not returning 200 status code",17321000843242609092,39,39
21,https://solvemymedia.com/fi/pakkaa-video,"Pakkaa video verkossa - ilmainen suojattu videokompressori - SolveMyMedia
SolveMyMedia - Free Online Media Optimization Tools",text/html; charset=utf-8,false,200,0,true,"https://solvemymedia.com/ar/dght-alfidyo
https://solvemymedia.com/ar/dgt-lfydyw
https://solvemymedia.com/compress-video
https://solvemymedia.com/compress-video
https://solvemymedia.com/cs/komprimovat-video
https://solvemymedia.com/da/komprimer-video
https://solvemymedia.com/da/komprimere-video
https://solvemymedia.com/de/video-komprimieren
https://solvemymedia.com/el/symnpiesost-video
https://solvemymedia.com/el/sympiesi-vinteo
https://solvemymedia.com/es/comprimir-video
https://solvemymedia.com/fi/pakkaa-video
https://solvemymedia.com/fr/compresser-la-video
https://solvemymedia.com/he/dchisot-video
https://solvemymedia.com/he/ldkhvs-vydv
https://solvemymedia.com/hi/video-compress-kare
https://solvemymedia.com/hi/viiddiyo-snpiiddit-kren
https://solvemymedia.com/hu/video-tomoritese
https://solvemymedia.com/id/kompres-video
https://solvemymedia.com/it/comprimere-il-video
https://solvemymedia.com/it/comprimi-video
https://solvemymedia.com/ja/bideowoya-suo-suru
https://solvemymedia.com/ko/bidio-abcug
https://solvemymedia.com/ko/bidio-apchuk
https://solvemymedia.com/ms/mampat-video
https://solvemymedia.com/ms/memampatkan-video
https://solvemymedia.com/nl/video-comprimeren
https://solvemymedia.com/no/komprimere-video
https://solvemymedia.com/pl/kompresowac-wideo
https://solvemymedia.com/pl/kompresuj-wideo
https://solvemymedia.com/pt/compactar-video
https://solvemymedia.com/pt/comprimir-video
https://solvemymedia.com/ro/comprima-video
https://solvemymedia.com/ru/szhat-video
https://solvemymedia.com/ru/szhimat-video
https://solvemymedia.com/sk/komprimovat-video
https://solvemymedia.com/sv/komprimera-video
https://solvemymedia.com/th/biibadwidiio
https://solvemymedia.com/th/ko-op-wideo
https://solvemymedia.com/tr/video-sikistir
https://solvemymedia.com/tr/videoyu-sikistir
https://solvemymedia.com/uk/stiskati-video
https://solvemymedia.com/uk/sty-snuti-video
https://solvemymedia.com/vi/nen-video
https://solvemymedia.com/zh/ya-suo-shi-pin","404
200
200
200
200
404
200
200
404
200
200
200
200
404
404
404
200
200
200
200
404
200
200
404
404
200
200
200
200
404
200
404
200
404
200
404
200
200
404
404
200
200
404
200
200","More than one page is linked for the same language
Some pages don't include hreflang links to all the other pages of the group
Some pages are not returning 200 status code",926993157700666916,42,42
21,https://solvemymedia.com/no/konvertere-video,"Konverter videoformater - Gratis online videokonvertering - SolveMyMedia
SolveMyMedia - Free Online Media Optimization Tools",text/html; charset=utf-8,false,200,0,true,"https://solvemymedia.com/ar/thwyl-alfidyo
https://solvemymedia.com/ar/thwyl-lfydyw
https://solvemymedia.com/convert-video
https://solvemymedia.com/convert-video
https://solvemymedia.com/cs/konvertovat-video
https://solvemymedia.com/cs/prevest-video
https://solvemymedia.com/da/konverter-video
https://solvemymedia.com/da/konvertere-video
https://solvemymedia.com/de/video-konvertieren
https://solvemymedia.com/el/metaporpe-video
https://solvemymedia.com/el/metatropi-vinteo
https://solvemymedia.com/es/convertir-video
https://solvemymedia.com/fi/muunna-video
https://solvemymedia.com/fi/muuntaa-videon
https://solvemymedia.com/fr/convertir-une-video
https://solvemymedia.com/he/hmr-video
https://solvemymedia.com/he/lhmyr-vydv
https://solvemymedia.com/hi/video-convert-kare
https://solvemymedia.com/hi/viiddiyo-privrtit-kren
https://solvemymedia.com/hu/video-konvertalasa
https://solvemymedia.com/id/mengkonversi-video
https://solvemymedia.com/it/converti-video
https://solvemymedia.com/it/convertire-video
https://solvemymedia.com/ja/bideowobian-huan-suru
https://solvemymedia.com/ko/bidio-byeonhwan
https://solvemymedia.com/ms/menukar-video
https://solvemymedia.com/ms/tukar-video
https://solvemymedia.com/nl/video-converteren
https://solvemymedia.com/no/konvertere-video
https://solvemymedia.com/pl/konwertuj-wideo
https://solvemymedia.com/pt/converter-video
https://solvemymedia.com/ro/converteste-video
https://solvemymedia.com/ro/converti-video
https://solvemymedia.com/ru/konvertirovat-video
https://solvemymedia.com/sk/konvertovat-video
https://solvemymedia.com/sv/konvertera-video
https://solvemymedia.com/th/aeplngwidiio
https://solvemymedia.com/th/pli-an-wideo
https://solvemymedia.com/tr/video-donustur
https://solvemymedia.com/tr/videoyu-donustur
https://solvemymedia.com/uk/konvertuvati-video
https://solvemymedia.com/vi/chuyen-doi-video
https://solvemymedia.com/zh/zhuan-huan-shi-pin","404
200
200
200
404
200
404
200
200
404
200
200
404
200
200
404
404
404
200
200
200
404
200
200
200
200
404
200
200
200
200
404
200
200
404
200
200
404
404
200
200
200
200","More than one page is linked for the same language
Some pages don't include hreflang links to all the other pages of the group
Some pages are not returning 200 status code",3718947784658654109,40,40
21,https://solvemymedia.com/fi/pakkaa-aanta,"Pakkaa ääni verkossa - ilmainen äänikompressori - SolveMyMedia
SolveMyMedia - Free Online Media Optimization Tools",text/html; charset=utf-8,false,200,0,true,"https://solvemymedia.com/ar/dgt-lswt
https://solvemymedia.com/compress-audio
https://solvemymedia.com/compress-audio
https://solvemymedia.com/cs/komprimovat-zvuk
https://solvemymedia.com/da/komprimere-lyd
https://solvemymedia.com/de/audio-komprimieren
https://solvemymedia.com/el/sympiesi-ihoy
https://solvemymedia.com/es/comprimir-audio
https://solvemymedia.com/fi/pakkaa-aanta
https://solvemymedia.com/fr/compresser-laudio
https://solvemymedia.com/he/ldkhvs-vdyv
https://solvemymedia.com/hi/onddiyo-snpiiddit-kren
https://solvemymedia.com/hu/tomoriti-a-hangot
https://solvemymedia.com/id/kompres-audio
https://solvemymedia.com/it/comprimere-laudio
https://solvemymedia.com/ja/odeiowoya-suo-suru
https://solvemymedia.com/ko/odio-abcug
https://solvemymedia.com/ms/memampatkan-audio
https://solvemymedia.com/nl/audio-comprimeren
https://solvemymedia.com/no/komprimere-lyd
https://solvemymedia.com/pl/kompresowac-dzwiek
https://solvemymedia.com/pt/comprimir-audio
https://solvemymedia.com/ro/comprima-audio
https://solvemymedia.com/ru/szhimat-audio
https://solvemymedia.com/sk/komprimovat-zvuk
https://solvemymedia.com/sv/komprimera-ljud
https://solvemymedia.com/th/biibadesiiyng
https://solvemymedia.com/tr/sesi-sikistir
https://solvemymedia.com/uk/stiskati-audio
https://solvemymedia.com/vi/nen-am-thanh
https://solvemymedia.com/zh/ya-suo-yin-pin","200
200
200
200
200
200
200
200
200
200
404
200
200
200
200
200
200
200
200
200
200
200
200
200
404
200
200
200
200
200
200","Some pages don't include hreflang links to all the other pages of the group
Some pages are not returning 200 status code",5785178085625259770,26,26
21,https://solvemymedia.com/zh/ya-suo-yin-pin,"在线压缩音频 - 免费音频压缩器 - SolveMyMedia
SolveMyMedia - Free Online Media Optimization Tools",text/html; charset=utf-8,false,200,0,true,"https://solvemymedia.com/ar/dght-alsawt
https://solvemymedia.com/ar/dgt-lswt
https://solvemymedia.com/compress-audio
https://solvemymedia.com/compress-audio
https://solvemymedia.com/cs/komprimovat-audio
https://solvemymedia.com/cs/komprimovat-zvuk
https://solvemymedia.com/da/komprimer-lyd
https://solvemymedia.com/da/komprimere-lyd
https://solvemymedia.com/de/audio-komprimieren
https://solvemymedia.com/el/symnpiesost-audio
https://solvemymedia.com/el/sympiesi-ihoy
https://solvemymedia.com/es/comprimir-audio
https://solvemymedia.com/fi/pakkaa-aanta
https://solvemymedia.com/fi/pakkaa-audio
https://solvemymedia.com/fr/compresser-laudio
https://solvemymedia.com/he/dchisot-audio
https://solvemymedia.com/he/ldkhvs-vdyv
https://solvemymedia.com/hi/audio-compress-kare
https://solvemymedia.com/hi/onddiyo-snpiiddit-kren
https://solvemymedia.com/hu/hang-tomoritese
https://solvemymedia.com/hu/tomoriti-a-hangot
https://solvemymedia.com/id/kompres-audio
https://solvemymedia.com/it/comprimere-laudio
https://solvemymedia.com/it/comprimi-audio
https://solvemymedia.com/ja/odeiowoya-suo-suru
https://solvemymedia.com/ko/odio-abcug
https://solvemymedia.com/ko/odio-apchuk
https://solvemymedia.com/ms/mampat-audio
https://solvemymedia.com/ms/memampatkan-audio
https://solvemymedia.com/nl/audio-comprimeren
https://solvemymedia.com/no/komprimere-lyd
https://solvemymedia.com/pl/kompresowac-dzwiek
https://solvemymedia.com/pl/kompresuj-audio
https://solvemymedia.com/pt/comprimir-audio
https://solvemymedia.com/ro/comprima-audio
https://solvemymedia.com/ru/szhat-audio
https://solvemymedia.com/ru/szhimat-audio
https://solvemymedia.com/sk/komprimovat-audio
https://solvemymedia.com/sk/komprimovat-zvuk
https://solvemymedia.com/sv/komprimera-ljud
https://solvemymedia.com/th/biibadesiiyng
https://solvemymedia.com/th/ko-op-audio
https://solvemymedia.com/tr/ses-sikistir
https://solvemymedia.com/tr/sesi-sikistir
https://solvemymedia.com/uk/stiskati-audio
https://solvemymedia.com/uk/sty-snuti-audio
https://solvemymedia.com/vi/nen-am-thanh
https://solvemymedia.com/zh/ya-suo-yin-pin","404
200
200
200
404
200
404
200
200
404
200
200
200
404
200
404
404
404
200
404
200
200
200
404
200
200
404
404
200
200
200
200
404
200
200
404
200
404
404
200
200
404
404
200
200
404
200
200","More than one page is linked for the same language
Some pages don't include hreflang links to all the other pages of the group
Some pages are not returning 200 status code",5785178085625259770,44,44
21,https://solvemymedia.com/da/komprimere-lyd,"Komprimer lyd online - Gratis lydkompressor - SolveMyMedia
SolveMyMedia - Free Online Media Optimization Tools",text/html; charset=utf-8,false,200,0,true,"https://solvemymedia.com/ar/dgt-lswt
https://solvemymedia.com/compress-audio
https://solvemymedia.com/compress-audio
https://solvemymedia.com/cs/komprimovat-zvuk
https://solvemymedia.com/da/komprimere-lyd
https://solvemymedia.com/de/audio-komprimieren
https://solvemymedia.com/el/sympiesi-ihoy
https://solvemymedia.com/es/comprimir-audio
https://solvemymedia.com/fi/pakkaa-aanta
https://solvemymedia.com/fr/compresser-laudio
https://solvemymedia.com/he/ldkhvs-vdyv
https://solvemymedia.com/hi/onddiyo-snpiiddit-kren
https://solvemymedia.com/hu/tomoriti-a-hangot
https://solvemymedia.com/id/kompres-audio
https://solvemymedia.com/it/comprimere-laudio
https://solvemymedia.com/ja/odeiowoya-suo-suru
https://solvemymedia.com/ko/odio-abcug
https://solvemymedia.com/ms/memampatkan-audio
https://solvemymedia.com/nl/audio-comprimeren
https://solvemymedia.com/no/komprimere-lyd
https://solvemymedia.com/pl/kompresowac-dzwiek
https://solvemymedia.com/pt/comprimir-audio
https://solvemymedia.com/ro/comprima-audio
https://solvemymedia.com/ru/szhimat-audio
https://solvemymedia.com/sk/komprimovat-zvuk
https://solvemymedia.com/sv/komprimera-ljud
https://solvemymedia.com/th/biibadesiiyng
https://solvemymedia.com/tr/sesi-sikistir
https://solvemymedia.com/uk/stiskati-audio
https://solvemymedia.com/vi/nen-am-thanh
https://solvemymedia.com/zh/ya-suo-yin-pin","200
200
200
200
200
200
200
200
200
200
404
200
200
200
200
200
200
200
200
200
200
200
200
200
404
200
200
200
200
200
200","Some pages don't include hreflang links to all the other pages of the group
Some pages are not returning 200 status code",5785178085625259770,26,26
21,https://solvemymedia.com/ar/dgt-lswt,"ضغط الصوت عبر الإنترنت - ضاغط الصوت المجاني - SolveMyMedia
SolveMyMedia - Free Online Media Optimization Tools",text/html; charset=utf-8,false,200,0,true,"https://solvemymedia.com/ar/dgt-lswt
https://solvemymedia.com/compress-audio
https://solvemymedia.com/compress-audio
https://solvemymedia.com/cs/komprimovat-zvuk
https://solvemymedia.com/da/komprimere-lyd
https://solvemymedia.com/de/audio-komprimieren
https://solvemymedia.com/el/sympiesi-ihoy
https://solvemymedia.com/es/comprimir-audio
https://solvemymedia.com/fi/pakkaa-aanta
https://solvemymedia.com/fr/compresser-laudio
https://solvemymedia.com/he/ldkhvs-vdyv
https://solvemymedia.com/hi/onddiyo-snpiiddit-kren
https://solvemymedia.com/hu/tomoriti-a-hangot
https://solvemymedia.com/id/kompres-audio
https://solvemymedia.com/it/comprimere-laudio
https://solvemymedia.com/ja/odeiowoya-suo-suru
https://solvemymedia.com/ko/odio-abcug
https://solvemymedia.com/ms/memampatkan-audio
https://solvemymedia.com/nl/audio-comprimeren
https://solvemymedia.com/no/komprimere-lyd
https://solvemymedia.com/pl/kompresowac-dzwiek
https://solvemymedia.com/pt/comprimir-audio
https://solvemymedia.com/ro/comprima-audio
https://solvemymedia.com/ru/szhimat-audio
https://solvemymedia.com/sk/komprimovat-zvuk
https://solvemymedia.com/sv/komprimera-ljud
https://solvemymedia.com/th/biibadesiiyng
https://solvemymedia.com/tr/sesi-sikistir
https://solvemymedia.com/uk/stiskati-audio
https://solvemymedia.com/vi/nen-am-thanh
https://solvemymedia.com/zh/ya-suo-yin-pin","200
200
200
200
200
200
200
200
200
200
404
200
200
200
200
200
200
200
200
200
200
200
200
200
404
200
200
200
200
200
200","Some pages don't include hreflang links to all the other pages of the group
Some pages are not returning 200 status code",5785178085625259770,26,26
21,https://solvemymedia.com/da/video-til-lyd,"Uddrag lyd fra video - Video til MP3-konverter - SolveMyMedia
SolveMyMedia - Free Online Media Optimization Tools",text/html; charset=utf-8,false,200,0,true,"https://solvemymedia.com/ar/fidyo-ila-sawt
https://solvemymedia.com/ar/lfydyw-l-lswt
https://solvemymedia.com/cs/video-na-audio
https://solvemymedia.com/cs/video-na-zvuk
https://solvemymedia.com/da/video-til-lyd
https://solvemymedia.com/de/video-zu-audio
https://solvemymedia.com/el/video-se-audio
https://solvemymedia.com/el/vinteo-se-iho
https://solvemymedia.com/es/video-a-audio
https://solvemymedia.com/fi/video-audioksi
https://solvemymedia.com/fi/videosta-aaneksi
https://solvemymedia.com/fr/video-en-audio
https://solvemymedia.com/he/video-leaudio
https://solvemymedia.com/he/vydv-lvdyv
https://solvemymedia.com/hi/video-se-audio
https://solvemymedia.com/hi/viiddiyo-se-onddiyo
https://solvemymedia.com/hu/video-hanggya
https://solvemymedia.com/hu/videorol-hangra
https://solvemymedia.com/id/video-ke-audio
https://solvemymedia.com/it/video-in-audio
https://solvemymedia.com/ja/bideokaraodeiohe
https://solvemymedia.com/ko/bidio-eseo-odio
https://solvemymedia.com/ko/bidioreul-odioro
https://solvemymedia.com/ms/video-ke-audio
https://solvemymedia.com/ms/video-kepada-audio
https://solvemymedia.com/nl/video-naar-audio
https://solvemymedia.com/no/video-til-lyd
https://solvemymedia.com/pl/wideo-do-dzwieku
https://solvemymedia.com/pl/wideo-na-audio
https://solvemymedia.com/pt/video-para-audio
https://solvemymedia.com/ro/video-in-audio
https://solvemymedia.com/ro/video-la-audio
https://solvemymedia.com/ru/video-v-audio
https://solvemymedia.com/sk/video-na-audio
https://solvemymedia.com/sk/video-na-zvuk
https://solvemymedia.com/sv/video-till-ljud
https://solvemymedia.com/th/wideo-phen-siang
https://solvemymedia.com/th/widiioepnesiiyng
https://solvemymedia.com/tr/videodan-ses
https://solvemymedia.com/tr/videodan-sese
https://solvemymedia.com/uk/video-v-audio
https://solvemymedia.com/vi/video-sang-am-thanh
https://solvemymedia.com/vi/video-thanh-am-thanh
https://solvemymedia.com/video-to-audio
https://solvemymedia.com/video-to-audio
https://solvemymedia.com/zh/shi-pin-zhuan-yin-pin","404
200
404
200
200
200
404
200
200
404
200
200
404
404
404
200
404
200
200
200
200
404
200
404
200
200
200
200
404
200
200
404
200
404
404
200
404
200
404
200
200
404
200
200
200
200","More than one page is linked for the same language
Some pages don't include hreflang links to all the other pages of the group
Some pages are not returning 200 status code",2926664764167155975,42,42
21,https://solvemymedia.com/no/lage-gif,"Video til GIF Maker - Konverter video til animert GIF - SolveMyMedia
SolveMyMedia - Free Online Media Optimization Tools",text/html; charset=utf-8,false,200,0,true,"https://solvemymedia.com/ar/nsh-swr-mthrk
https://solvemymedia.com/create-gif
https://solvemymedia.com/create-gif
https://solvemymedia.com/cs/vytvorit-gif
https://solvemymedia.com/da/oprette-gif
https://solvemymedia.com/de/gif-erstellen
https://solvemymedia.com/el/dimioyrgia-gif
https://solvemymedia.com/es/crear-gif
https://solvemymedia.com/fi/luo-gif
https://solvemymedia.com/fr/creer-un-gif
https://solvemymedia.com/he/lytsvr-gif
https://solvemymedia.com/hi/gif-bnaaen
https://solvemymedia.com/hu/gif-letrehozasa
https://solvemymedia.com/id/membuat-gif
https://solvemymedia.com/it/creare-una-gif
https://solvemymedia.com/ja/gifwozuo-cheng
https://solvemymedia.com/ko/gif-mandeulgi
https://solvemymedia.com/ms/buat-gif
https://solvemymedia.com/nl/gif-maken
https://solvemymedia.com/no/lage-gif
https://solvemymedia.com/pl/utworz-gifa
https://solvemymedia.com/pt/criar-gif
https://solvemymedia.com/ro/creati-gif
https://solvemymedia.com/ru/sozdat-gifku
https://solvemymedia.com/sk/vytvorit-gif
https://solvemymedia.com/sv/skapa-gif
https://solvemymedia.com/th/sraangkif
https://solvemymedia.com/tr/gif-olustur
https://solvemymedia.com/uk/stvoriti-gif
https://solvemymedia.com/vi/tao-anh-gif
https://solvemymedia.com/zh/chuang-jian-gif","200
200
200
200
200
200
200
200
200
200
404
200
200
200
200
200
200
200
200
200
200
200
200
200
404
200
200
200
200
200
200","Some pages don't include hreflang links to all the other pages of the group
Some pages are not returning 200 status code",17321000843242609092,26,26
21,https://solvemymedia.com/zh/zhuan-huan-yin-pin,"转换音频格式 - 免费在线音频转换器 - SolveMyMedia
SolveMyMedia - Free Online Media Optimization Tools",text/html; charset=utf-8,false,200,0,true,"https://solvemymedia.com/ar/thwyl-alsawt
https://solvemymedia.com/ar/thwyl-lswt
https://solvemymedia.com/convert-audio
https://solvemymedia.com/convert-audio
https://solvemymedia.com/cs/konvertovat-audio
https://solvemymedia.com/cs/prevest-zvuk
https://solvemymedia.com/da/konverter-lyd
https://solvemymedia.com/da/konvertere-lyd
https://solvemymedia.com/de/audio-konvertieren
https://solvemymedia.com/el/metaporpe-audio
https://solvemymedia.com/el/metatropi-ihoy
https://solvemymedia.com/es/convertir-audio
https://solvemymedia.com/fi/muunna-audio
https://solvemymedia.com/fi/muuntaa-aanta
https://solvemymedia.com/fr/convertir-laudio
https://solvemymedia.com/he/hmr-audio
https://solvemymedia.com/he/lhmyr-vdyv
https://solvemymedia.com/hi/audio-convert-kare
https://solvemymedia.com/hi/onddiyo-privrtit-kren
https://solvemymedia.com/hu/hang-konvertalasa
https://solvemymedia.com/hu/hangot-konvertalni
https://solvemymedia.com/id/mengkonversi-audio
https://solvemymedia.com/it/converti-audio
https://solvemymedia.com/it/convertire-laudio
https://solvemymedia.com/ja/odeiowobian-huan-suru
https://solvemymedia.com/ko/odio-byeonhwan
https://solvemymedia.com/ms/menukar-audio
https://solvemymedia.com/ms/tukar-audio
https://solvemymedia.com/nl/audio-converteren
https://solvemymedia.com/no/konvertere-lyd
https://solvemymedia.com/pl/konwertowac-dzwiek
https://solvemymedia.com/pl/konwertuj-audio
https://solvemymedia.com/pt/converter-audio
https://solvemymedia.com/ro/converteste-audio
https://solvemymedia.com/ro/converti-audio
https://solvemymedia.com/ru/konvertirovat-audio
https://solvemymedia.com/sk/konvertovat-audio
https://solvemymedia.com/sk/konvertovat-zvuk
https://solvemymedia.com/sv/konvertera-ljud
https://solvemymedia.com/th/aeplngesiiyng
https://solvemymedia.com/th/pli-an-audio
https://solvemymedia.com/tr/ses-donustur
https://solvemymedia.com/tr/sesi-donustur
https://solvemymedia.com/uk/konvertuvati-audio
https://solvemymedia.com/vi/chuyen-doi-am-thanh
https://solvemymedia.com/zh/zhuan-huan-yin-pin","404
200
200
200
404
200
404
200
200
404
200
200
404
200
200
404
404
404
200
404
200
200
404
200
200
200
200
404
200
200
200
404
200
404
200
200
404
404
200
200
404
404
200
200
200
200","More than one page is linked for the same language
Some pages don't include hreflang links to all the other pages of the group
Some pages are not returning 200 status code",9570318248645165765,42,42
21,https://solvemymedia.com/ko/odio-abcug,"온라인으로 오디오 압축 - 무료 오디오 압축기 - SolveMyMedia
SolveMyMedia - Free Online Media Optimization Tools",text/html; charset=utf-8,false,200,0,true,"https://solvemymedia.com/ar/dgt-lswt
https://solvemymedia.com/compress-audio
https://solvemymedia.com/compress-audio
https://solvemymedia.com/cs/komprimovat-zvuk
https://solvemymedia.com/da/komprimere-lyd
https://solvemymedia.com/de/audio-komprimieren
https://solvemymedia.com/el/sympiesi-ihoy
https://solvemymedia.com/es/comprimir-audio
https://solvemymedia.com/fi/pakkaa-aanta
https://solvemymedia.com/fr/compresser-laudio
https://solvemymedia.com/he/ldkhvs-vdyv
https://solvemymedia.com/hi/onddiyo-snpiiddit-kren
https://solvemymedia.com/hu/tomoriti-a-hangot
https://solvemymedia.com/id/kompres-audio
https://solvemymedia.com/it/comprimere-laudio
https://solvemymedia.com/ja/odeiowoya-suo-suru
https://solvemymedia.com/ko/odio-abcug
https://solvemymedia.com/ms/memampatkan-audio
https://solvemymedia.com/nl/audio-comprimeren
https://solvemymedia.com/no/komprimere-lyd
https://solvemymedia.com/pl/kompresowac-dzwiek
https://solvemymedia.com/pt/comprimir-audio
https://solvemymedia.com/ro/comprima-audio
https://solvemymedia.com/ru/szhimat-audio
https://solvemymedia.com/sk/komprimovat-zvuk
https://solvemymedia.com/sv/komprimera-ljud
https://solvemymedia.com/th/biibadesiiyng
https://solvemymedia.com/tr/sesi-sikistir
https://solvemymedia.com/uk/stiskati-audio
https://solvemymedia.com/vi/nen-am-thanh
https://solvemymedia.com/zh/ya-suo-yin-pin","200
200
200
200
200
200
200
200
200
200
404
200
200
200
200
200
200
200
200
200
200
200
200
200
404
200
200
200
200
200
200","Some pages don't include hreflang links to all the other pages of the group
Some pages are not returning 200 status code",5785178085625259770,26,26
21,https://solvemymedia.com/da/transskribere,"Lyd- og videotransskription - AI-tale til tekst - SolveMyMedia
SolveMyMedia - Free Online Media Optimization Tools",text/html; charset=utf-8,false,200,0,true,"https://solvemymedia.com/ar/nskh
https://solvemymedia.com/cs/prepsat
https://solvemymedia.com/da/transskribere
https://solvemymedia.com/de/transkribieren
https://solvemymedia.com/el/antigrafo
https://solvemymedia.com/es/transcribir
https://solvemymedia.com/fi/litteroida
https://solvemymedia.com/fr/transcrire
https://solvemymedia.com/he/ltaateq
https://solvemymedia.com/hi/ttaaip-krnaa
https://solvemymedia.com/hu/lemasol
https://solvemymedia.com/id/menuliskan
https://solvemymedia.com/it/trascrivere
https://solvemymedia.com/ja/zhuan-xie-suru
https://solvemymedia.com/ko/gocyeo-sseuda
https://solvemymedia.com/ms/transkripsi
https://solvemymedia.com/nl/transcriberen
https://solvemymedia.com/no/transkribere
https://solvemymedia.com/pl/rozpisac
https://solvemymedia.com/pt/transcrever
https://solvemymedia.com/ro/transcrie
https://solvemymedia.com/ru/perepisyvat
https://solvemymedia.com/sk/prepisovat
https://solvemymedia.com/sv/transkribera
https://solvemymedia.com/th/thdesiiyng
https://solvemymedia.com/tr/uyarlamak
https://solvemymedia.com/transcribe
https://solvemymedia.com/transcribe
https://solvemymedia.com/uk/transkribuvati
https://solvemymedia.com/vi/chep-lai
https://solvemymedia.com/zh/lu-zhi","200
200
200
200
200
200
200
200
404
200
200
200
200
200
200
200
200
200
200
200
200
200
404
200
200
200
200
200
200
200
200","Some pages don't include hreflang links to all the other pages of the group
Some pages are not returning 200 status code",1124245034427686738,26,26
21,https://solvemymedia.com/ms/memampatkan-audio,"Mampat Audio Dalam Talian - Pemampat Audio Percuma - SolveMyMedia
SolveMyMedia - Free Online Media Optimization Tools",text/html; charset=utf-8,false,200,0,true,"https://solvemymedia.com/ar/dgt-lswt
https://solvemymedia.com/compress-audio
https://solvemymedia.com/compress-audio
https://solvemymedia.com/cs/komprimovat-zvuk
https://solvemymedia.com/da/komprimere-lyd
https://solvemymedia.com/de/audio-komprimieren
https://solvemymedia.com/el/sympiesi-ihoy
https://solvemymedia.com/es/comprimir-audio
https://solvemymedia.com/fi/pakkaa-aanta
https://solvemymedia.com/fr/compresser-laudio
https://solvemymedia.com/he/ldkhvs-vdyv
https://solvemymedia.com/hi/onddiyo-snpiiddit-kren
https://solvemymedia.com/hu/tomoriti-a-hangot
https://solvemymedia.com/id/kompres-audio
https://solvemymedia.com/it/comprimere-laudio
https://solvemymedia.com/ja/odeiowoya-suo-suru
https://solvemymedia.com/ko/odio-abcug
https://solvemymedia.com/ms/memampatkan-audio
https://solvemymedia.com/nl/audio-comprimeren
https://solvemymedia.com/no/komprimere-lyd
https://solvemymedia.com/pl/kompresowac-dzwiek
https://solvemymedia.com/pt/comprimir-audio
https://solvemymedia.com/ro/comprima-audio
https://solvemymedia.com/ru/szhimat-audio
https://solvemymedia.com/sk/komprimovat-zvuk
https://solvemymedia.com/sv/komprimera-ljud
https://solvemymedia.com/th/biibadesiiyng
https://solvemymedia.com/tr/sesi-sikistir
https://solvemymedia.com/uk/stiskati-audio
https://solvemymedia.com/vi/nen-am-thanh
https://solvemymedia.com/zh/ya-suo-yin-pin","200
200
200
200
200
200
200
200
200
200
404
200
200
200
200
200
200
200
200
200
200
200
200
200
404
200
200
200
200
200
200","Some pages don't include hreflang links to all the other pages of the group
Some pages are not returning 200 status code",5785178085625259770,26,26
21,https://solvemymedia.com/id/mengkonversi-video,"Konversi Format Video - Pengonversi Video Online Gratis - SolveMyMedia
SolveMyMedia - Free Online Media Optimization Tools",text/html; charset=utf-8,false,200,0,true,"https://solvemymedia.com/ar/thwyl-alfidyo
https://solvemymedia.com/ar/thwyl-lfydyw
https://solvemymedia.com/convert-video
https://solvemymedia.com/convert-video
https://solvemymedia.com/cs/konvertovat-video
https://solvemymedia.com/cs/prevest-video
https://solvemymedia.com/da/konverter-video
https://solvemymedia.com/da/konvertere-video
https://solvemymedia.com/de/video-konvertieren
https://solvemymedia.com/el/metaporpe-video
https://solvemymedia.com/el/metatropi-vinteo
https://solvemymedia.com/es/convertir-video
https://solvemymedia.com/fi/muunna-video
https://solvemymedia.com/fi/muuntaa-videon
https://solvemymedia.com/fr/convertir-une-video
https://solvemymedia.com/he/hmr-video
https://solvemymedia.com/he/lhmyr-vydv
https://solvemymedia.com/hi/video-convert-kare
https://solvemymedia.com/hi/viiddiyo-privrtit-kren
https://solvemymedia.com/hu/video-konvertalasa
https://solvemymedia.com/id/mengkonversi-video
https://solvemymedia.com/it/converti-video
https://solvemymedia.com/it/convertire-video
https://solvemymedia.com/ja/bideowobian-huan-suru
https://solvemymedia.com/ko/bidio-byeonhwan
https://solvemymedia.com/ms/menukar-video
https://solvemymedia.com/ms/tukar-video
https://solvemymedia.com/nl/video-converteren
https://solvemymedia.com/no/konvertere-video
https://solvemymedia.com/pl/konwertuj-wideo
https://solvemymedia.com/pt/converter-video
https://solvemymedia.com/ro/converteste-video
https://solvemymedia.com/ro/converti-video
https://solvemymedia.com/ru/konvertirovat-video
https://solvemymedia.com/sk/konvertovat-video
https://solvemymedia.com/sv/konvertera-video
https://solvemymedia.com/th/aeplngwidiio
https://solvemymedia.com/th/pli-an-wideo
https://solvemymedia.com/tr/video-donustur
https://solvemymedia.com/tr/videoyu-donustur
https://solvemymedia.com/uk/konvertuvati-video
https://solvemymedia.com/vi/chuyen-doi-video
https://solvemymedia.com/zh/zhuan-huan-shi-pin","404
200
200
200
404
200
404
200
200
404
200
200
404
200
200
404
404
404
200
200
200
404
200
200
200
200
404
200
200
200
200
404
200
200
404
200
200
404
404
200
200
200
200","More than one page is linked for the same language
Some pages don't include hreflang links to all the other pages of the group
Some pages are not returning 200 status code",3718947784658654109,40,40
21,https://solvemymedia.com/ja/bideowoya-suo-suru,"オンラインでビデオを圧縮 - 無料の安全なビデオ コンプレッサー - SolveMyMedia
SolveMyMedia - Free Online Media Optimization Tools",text/html; charset=utf-8,false,200,0,true,"https://solvemymedia.com/ar/dght-alfidyo
https://solvemymedia.com/ar/dgt-lfydyw
https://solvemymedia.com/compress-video
https://solvemymedia.com/compress-video
https://solvemymedia.com/cs/komprimovat-video
https://solvemymedia.com/da/komprimer-video
https://solvemymedia.com/da/komprimere-video
https://solvemymedia.com/de/video-komprimieren
https://solvemymedia.com/el/symnpiesost-video
https://solvemymedia.com/el/sympiesi-vinteo
https://solvemymedia.com/es/comprimir-video
https://solvemymedia.com/fi/pakkaa-video
https://solvemymedia.com/fr/compresser-la-video
https://solvemymedia.com/he/dchisot-video
https://solvemymedia.com/he/ldkhvs-vydv
https://solvemymedia.com/hi/video-compress-kare
https://solvemymedia.com/hi/viiddiyo-snpiiddit-kren
https://solvemymedia.com/hu/video-tomoritese
https://solvemymedia.com/id/kompres-video
https://solvemymedia.com/it/comprimere-il-video
https://solvemymedia.com/it/comprimi-video
https://solvemymedia.com/ja/bideowoya-suo-suru
https://solvemymedia.com/ko/bidio-abcug
https://solvemymedia.com/ko/bidio-apchuk
https://solvemymedia.com/ms/mampat-video
https://solvemymedia.com/ms/memampatkan-video
https://solvemymedia.com/nl/video-comprimeren
https://solvemymedia.com/no/komprimere-video
https://solvemymedia.com/pl/kompresowac-wideo
https://solvemymedia.com/pl/kompresuj-wideo
https://solvemymedia.com/pt/compactar-video
https://solvemymedia.com/pt/comprimir-video
https://solvemymedia.com/ro/comprima-video
https://solvemymedia.com/ru/szhat-video
https://solvemymedia.com/ru/szhimat-video
https://solvemymedia.com/sk/komprimovat-video
https://solvemymedia.com/sv/komprimera-video
https://solvemymedia.com/th/biibadwidiio
https://solvemymedia.com/th/ko-op-wideo
https://solvemymedia.com/tr/video-sikistir
https://solvemymedia.com/tr/videoyu-sikistir
https://solvemymedia.com/uk/stiskati-video
https://solvemymedia.com/uk/sty-snuti-video
https://solvemymedia.com/vi/nen-video
https://solvemymedia.com/zh/ya-suo-shi-pin","404
200
200
200
200
404
200
200
404
200
200
200
200
404
404
404
200
200
200
200
404
200
200
404
404
200
200
200
200
404
200
404
200
404
200
404
200
200
404
404
200
200
404
200
200","More than one page is linked for the same language
Some pages don't include hreflang links to all the other pages of the group
Some pages are not returning 200 status code",926993157700666916,42,42
21,https://solvemymedia.com/tr/sesi-sikistir,"Sesi Çevrimiçi Sıkıştır - Ücretsiz Ses Kompresörü - SolveMyMedia
SolveMyMedia - Free Online Media Optimization Tools",text/html; charset=utf-8,false,200,0,true,"https://solvemymedia.com/ar/dgt-lswt
https://solvemymedia.com/compress-audio
https://solvemymedia.com/compress-audio
https://solvemymedia.com/cs/komprimovat-zvuk
https://solvemymedia.com/da/komprimere-lyd
https://solvemymedia.com/de/audio-komprimieren
https://solvemymedia.com/el/sympiesi-ihoy
https://solvemymedia.com/es/comprimir-audio
https://solvemymedia.com/fi/pakkaa-aanta
https://solvemymedia.com/fr/compresser-laudio
https://solvemymedia.com/he/ldkhvs-vdyv
https://solvemymedia.com/hi/onddiyo-snpiiddit-kren
https://solvemymedia.com/hu/tomoriti-a-hangot
https://solvemymedia.com/id/kompres-audio
https://solvemymedia.com/it/comprimere-laudio
https://solvemymedia.com/ja/odeiowoya-suo-suru
https://solvemymedia.com/ko/odio-abcug
https://solvemymedia.com/ms/memampatkan-audio
https://solvemymedia.com/nl/audio-comprimeren
https://solvemymedia.com/no/komprimere-lyd
https://solvemymedia.com/pl/kompresowac-dzwiek
https://solvemymedia.com/pt/comprimir-audio
https://solvemymedia.com/ro/comprima-audio
https://solvemymedia.com/ru/szhimat-audio
https://solvemymedia.com/sk/komprimovat-zvuk
https://solvemymedia.com/sv/komprimera-ljud
https://solvemymedia.com/th/biibadesiiyng
https://solvemymedia.com/tr/sesi-sikistir
https://solvemymedia.com/uk/stiskati-audio
https://solvemymedia.com/vi/nen-am-thanh
https://solvemymedia.com/zh/ya-suo-yin-pin","200
200
200
200
200
200
200
200
200
200
404
200
200
200
200
200
200
200
200
200
200
200
200
200
404
200
200
200
200
200
200","Some pages don't include hreflang links to all the other pages of the group
Some pages are not returning 200 status code",5785178085625259770,26,26
21,https://solvemymedia.com/it/trascrivere,"Trascrizione audio e video - Discorso AI in testo - SolveMyMedia
SolveMyMedia - Free Online Media Optimization Tools",text/html; charset=utf-8,false,200,0,true,"https://solvemymedia.com/ar/nskh
https://solvemymedia.com/cs/prepsat
https://solvemymedia.com/da/transskribere
https://solvemymedia.com/de/transkribieren
https://solvemymedia.com/el/antigrafo
https://solvemymedia.com/es/transcribir
https://solvemymedia.com/fi/litteroida
https://solvemymedia.com/fr/transcrire
https://solvemymedia.com/he/ltaateq
https://solvemymedia.com/hi/ttaaip-krnaa
https://solvemymedia.com/hu/lemasol
https://solvemymedia.com/id/menuliskan
https://solvemymedia.com/it/trascrivere
https://solvemymedia.com/ja/zhuan-xie-suru
https://solvemymedia.com/ko/gocyeo-sseuda
https://solvemymedia.com/ms/transkripsi
https://solvemymedia.com/nl/transcriberen
https://solvemymedia.com/no/transkribere
https://solvemymedia.com/pl/rozpisac
https://solvemymedia.com/pt/transcrever
https://solvemymedia.com/ro/transcrie
https://solvemymedia.com/ru/perepisyvat
https://solvemymedia.com/sk/prepisovat
https://solvemymedia.com/sv/transkribera
https://solvemymedia.com/th/thdesiiyng
https://solvemymedia.com/tr/uyarlamak
https://solvemymedia.com/transcribe
https://solvemymedia.com/transcribe
https://solvemymedia.com/uk/transkribuvati
https://solvemymedia.com/vi/chep-lai
https://solvemymedia.com/zh/lu-zhi","200
200
200
200
200
200
200
200
404
200
200
200
200
200
200
200
200
200
200
200
200
200
404
200
200
200
200
200
200
200
200","Some pages don't include hreflang links to all the other pages of the group
Some pages are not returning 200 status code",1124245034427686738,26,26
21,https://solvemymedia.com/vi/chuyen-doi-am-thanh,"Chuyển đổi định dạng âm thanh - Chuyển đổi âm thanh trực tuyến miễn phí - SolveMyMedia
SolveMyMedia - Free Online Media Optimization Tools",text/html; charset=utf-8,false,200,0,true,"https://solvemymedia.com/ar/thwyl-alsawt
https://solvemymedia.com/ar/thwyl-lswt
https://solvemymedia.com/convert-audio
https://solvemymedia.com/convert-audio
https://solvemymedia.com/cs/konvertovat-audio
https://solvemymedia.com/cs/prevest-zvuk
https://solvemymedia.com/da/konverter-lyd
https://solvemymedia.com/da/konvertere-lyd
https://solvemymedia.com/de/audio-konvertieren
https://solvemymedia.com/el/metaporpe-audio
https://solvemymedia.com/el/metatropi-ihoy
https://solvemymedia.com/es/convertir-audio
https://solvemymedia.com/fi/muunna-audio
https://solvemymedia.com/fi/muuntaa-aanta
https://solvemymedia.com/fr/convertir-laudio
https://solvemymedia.com/he/hmr-audio
https://solvemymedia.com/he/lhmyr-vdyv
https://solvemymedia.com/hi/audio-convert-kare
https://solvemymedia.com/hi/onddiyo-privrtit-kren
https://solvemymedia.com/hu/hang-konvertalasa
https://solvemymedia.com/hu/hangot-konvertalni
https://solvemymedia.com/id/mengkonversi-audio
https://solvemymedia.com/it/converti-audio
https://solvemymedia.com/it/convertire-laudio
https://solvemymedia.com/ja/odeiowobian-huan-suru
https://solvemymedia.com/ko/odio-byeonhwan
https://solvemymedia.com/ms/menukar-audio
https://solvemymedia.com/ms/tukar-audio
https://solvemymedia.com/nl/audio-converteren
https://solvemymedia.com/no/konvertere-lyd
https://solvemymedia.com/pl/konwertowac-dzwiek
https://solvemymedia.com/pl/konwertuj-audio
https://solvemymedia.com/pt/converter-audio
https://solvemymedia.com/ro/converteste-audio
https://solvemymedia.com/ro/converti-audio
https://solvemymedia.com/ru/konvertirovat-audio
https://solvemymedia.com/sk/konvertovat-audio
https://solvemymedia.com/sk/konvertovat-zvuk
https://solvemymedia.com/sv/konvertera-ljud
https://solvemymedia.com/th/aeplngesiiyng
https://solvemymedia.com/th/pli-an-audio
https://solvemymedia.com/tr/ses-donustur
https://solvemymedia.com/tr/sesi-donustur
https://solvemymedia.com/uk/konvertuvati-audio
https://solvemymedia.com/vi/chuyen-doi-am-thanh
https://solvemymedia.com/zh/zhuan-huan-yin-pin","404
200
200
200
404
200
404
200
200
404
200
200
404
200
200
404
404
404
200
404
200
200
404
200
200
200
200
404
200
200
200
404
200
404
200
200
404
404
200
200
404
404
200
200
200
200","More than one page is linked for the same language
Some pages don't include hreflang links to all the other pages of the group
Some pages are not returning 200 status code",9570318248645165765,42,42
21,https://solvemymedia.com/ms/menukar-video,"Tukar Format Video - Penukar Video Dalam Talian Percuma - SolveMyMedia
SolveMyMedia - Free Online Media Optimization Tools",text/html; charset=utf-8,false,200,0,true,"https://solvemymedia.com/ar/thwyl-lfydyw
https://solvemymedia.com/convert-video
https://solvemymedia.com/convert-video
https://solvemymedia.com/cs/prevest-video
https://solvemymedia.com/da/konvertere-video
https://solvemymedia.com/de/video-konvertieren
https://solvemymedia.com/el/metatropi-vinteo
https://solvemymedia.com/es/convertir-video
https://solvemymedia.com/fi/muuntaa-videon
https://solvemymedia.com/fr/convertir-une-video
https://solvemymedia.com/he/lhmyr-vydv
https://solvemymedia.com/hi/viiddiyo-privrtit-kren
https://solvemymedia.com/hu/video-konvertalasa
https://solvemymedia.com/id/mengkonversi-video
https://solvemymedia.com/it/convertire-video
https://solvemymedia.com/ja/bideowobian-huan-suru
https://solvemymedia.com/ko/bidio-byeonhwan
https://solvemymedia.com/ms/menukar-video
https://solvemymedia.com/nl/video-converteren
https://solvemymedia.com/no/konvertere-video
https://solvemymedia.com/pl/konwertuj-wideo
https://solvemymedia.com/pt/converter-video
https://solvemymedia.com/ro/converti-video
https://solvemymedia.com/ru/konvertirovat-video
https://solvemymedia.com/sk/konvertovat-video
https://solvemymedia.com/sv/konvertera-video
https://solvemymedia.com/th/aeplngwidiio
https://solvemymedia.com/tr/videoyu-donustur
https://solvemymedia.com/uk/konvertuvati-video
https://solvemymedia.com/vi/chuyen-doi-video
https://solvemymedia.com/zh/zhuan-huan-shi-pin","200
200
200
200
200
200
200
200
200
200
404
200
200
200
200
200
200
200
200
200
200
200
200
200
404
200
200
200
200
200
200","Some pages don't include hreflang links to all the other pages of the group
Some pages are not returning 200 status code",4827693839827001515,26,26
21,https://solvemymedia.com/ja/bideowobian-huan-suru,"ビデオ形式を変換 - 無料のオンラインビデオコンバーター - SolveMyMedia
SolveMyMedia - Free Online Media Optimization Tools",text/html; charset=utf-8,false,200,0,true,"https://solvemymedia.com/ar/thwyl-alfidyo
https://solvemymedia.com/ar/thwyl-lfydyw
https://solvemymedia.com/convert-video
https://solvemymedia.com/convert-video
https://solvemymedia.com/cs/konvertovat-video
https://solvemymedia.com/cs/prevest-video
https://solvemymedia.com/da/konverter-video
https://solvemymedia.com/da/konvertere-video
https://solvemymedia.com/de/video-konvertieren
https://solvemymedia.com/el/metaporpe-video
https://solvemymedia.com/el/metatropi-vinteo
https://solvemymedia.com/es/convertir-video
https://solvemymedia.com/fi/muunna-video
https://solvemymedia.com/fi/muuntaa-videon
https://solvemymedia.com/fr/convertir-une-video
https://solvemymedia.com/he/hmr-video
https://solvemymedia.com/he/lhmyr-vydv
https://solvemymedia.com/hi/video-convert-kare
https://solvemymedia.com/hi/viiddiyo-privrtit-kren
https://solvemymedia.com/hu/video-konvertalasa
https://solvemymedia.com/id/mengkonversi-video
https://solvemymedia.com/it/converti-video
https://solvemymedia.com/it/convertire-video
https://solvemymedia.com/ja/bideowobian-huan-suru
https://solvemymedia.com/ko/bidio-byeonhwan
https://solvemymedia.com/ms/menukar-video
https://solvemymedia.com/ms/tukar-video
https://solvemymedia.com/nl/video-converteren
https://solvemymedia.com/no/konvertere-video
https://solvemymedia.com/pl/konwertuj-wideo
https://solvemymedia.com/pt/converter-video
https://solvemymedia.com/ro/converteste-video
https://solvemymedia.com/ro/converti-video
https://solvemymedia.com/ru/konvertirovat-video
https://solvemymedia.com/sk/konvertovat-video
https://solvemymedia.com/sv/konvertera-video
https://solvemymedia.com/th/aeplngwidiio
https://solvemymedia.com/th/pli-an-wideo
https://solvemymedia.com/tr/video-donustur
https://solvemymedia.com/tr/videoyu-donustur
https://solvemymedia.com/uk/konvertuvati-video
https://solvemymedia.com/vi/chuyen-doi-video
https://solvemymedia.com/zh/zhuan-huan-shi-pin","404
200
200
200
404
200
404
200
200
404
200
200
404
200
200
404
404
404
200
200
200
404
200
200
200
200
404
200
200
200
200
404
200
200
404
200
200
404
404
200
200
200
200","More than one page is linked for the same language
Some pages don't include hreflang links to all the other pages of the group
Some pages are not returning 200 status code",3718947784658654109,40,40
21,https://solvemymedia.com/cs/video-na-zvuk,"Extrahujte zvuk z Video - Video do MP3 Converter - SolveMyMedia
SolveMyMedia - Free Online Media Optimization Tools",text/html; charset=utf-8,false,200,0,true,"https://solvemymedia.com/ar/lfydyw-l-lswt
https://solvemymedia.com/cs/video-na-zvuk
https://solvemymedia.com/da/video-til-lyd
https://solvemymedia.com/de/video-zu-audio
https://solvemymedia.com/el/vinteo-se-iho
https://solvemymedia.com/es/video-a-audio
https://solvemymedia.com/fi/videosta-aaneksi
https://solvemymedia.com/fr/video-en-audio
https://solvemymedia.com/he/vydv-lvdyv
https://solvemymedia.com/hi/viiddiyo-se-onddiyo
https://solvemymedia.com/hu/videorol-hangra
https://solvemymedia.com/id/video-ke-audio
https://solvemymedia.com/it/video-in-audio
https://solvemymedia.com/ja/bideokaraodeiohe
https://solvemymedia.com/ko/bidioreul-odioro
https://solvemymedia.com/ms/video-kepada-audio
https://solvemymedia.com/nl/video-naar-audio
https://solvemymedia.com/no/video-til-lyd
https://solvemymedia.com/pl/wideo-do-dzwieku
https://solvemymedia.com/pt/video-para-audio
https://solvemymedia.com/ro/video-in-audio
https://solvemymedia.com/ru/video-v-audio
https://solvemymedia.com/sk/video-na-zvuk
https://solvemymedia.com/sv/video-till-ljud
https://solvemymedia.com/th/widiioepnesiiyng
https://solvemymedia.com/tr/videodan-sese
https://solvemymedia.com/uk/video-v-audio
https://solvemymedia.com/vi/video-thanh-am-thanh
https://solvemymedia.com/video-to-audio
https://solvemymedia.com/video-to-audio
https://solvemymedia.com/zh/shi-pin-zhuan-yin-pin","200
200
200
200
200
200
200
200
404
200
200
200
200
200
200
200
200
200
200
200
200
200
404
200
200
200
200
200
200
200
200","Some pages don't include hreflang links to all the other pages of the group
Some pages are not returning 200 status code",2926664764167155975,26,26
21,https://solvemymedia.com/uk/video-v-audio,"Вилучення аудіо з відео - конвертер відео в MP3 - SolveMyMedia
SolveMyMedia - Free Online Media Optimization Tools",text/html; charset=utf-8,false,200,0,true,"https://solvemymedia.com/ar/fidyo-ila-sawt
https://solvemymedia.com/ar/lfydyw-l-lswt
https://solvemymedia.com/cs/video-na-audio
https://solvemymedia.com/cs/video-na-zvuk
https://solvemymedia.com/da/video-til-lyd
https://solvemymedia.com/de/video-zu-audio
https://solvemymedia.com/el/video-se-audio
https://solvemymedia.com/el/vinteo-se-iho
https://solvemymedia.com/es/video-a-audio
https://solvemymedia.com/fi/video-audioksi
https://solvemymedia.com/fi/videosta-aaneksi
https://solvemymedia.com/fr/video-en-audio
https://solvemymedia.com/he/video-leaudio
https://solvemymedia.com/he/vydv-lvdyv
https://solvemymedia.com/hi/video-se-audio
https://solvemymedia.com/hi/viiddiyo-se-onddiyo
https://solvemymedia.com/hu/video-hanggya
https://solvemymedia.com/hu/videorol-hangra
https://solvemymedia.com/id/video-ke-audio
https://solvemymedia.com/it/video-in-audio
https://solvemymedia.com/ja/bideokaraodeiohe
https://solvemymedia.com/ko/bidio-eseo-odio
https://solvemymedia.com/ko/bidioreul-odioro
https://solvemymedia.com/ms/video-ke-audio
https://solvemymedia.com/ms/video-kepada-audio
https://solvemymedia.com/nl/video-naar-audio
https://solvemymedia.com/no/video-til-lyd
https://solvemymedia.com/pl/wideo-do-dzwieku
https://solvemymedia.com/pl/wideo-na-audio
https://solvemymedia.com/pt/video-para-audio
https://solvemymedia.com/ro/video-in-audio
https://solvemymedia.com/ro/video-la-audio
https://solvemymedia.com/ru/video-v-audio
https://solvemymedia.com/sk/video-na-audio
https://solvemymedia.com/sk/video-na-zvuk
https://solvemymedia.com/sv/video-till-ljud
https://solvemymedia.com/th/wideo-phen-siang
https://solvemymedia.com/th/widiioepnesiiyng
https://solvemymedia.com/tr/videodan-ses
https://solvemymedia.com/tr/videodan-sese
https://solvemymedia.com/uk/video-v-audio
https://solvemymedia.com/vi/video-sang-am-thanh
https://solvemymedia.com/vi/video-thanh-am-thanh
https://solvemymedia.com/video-to-audio
https://solvemymedia.com/video-to-audio
https://solvemymedia.com/zh/shi-pin-zhuan-yin-pin","404
200
404
200
200
200
404
200
200
404
200
200
404
404
404
200
404
200
200
200
200
404
200
404
200
200
200
200
404
200
200
404
200
404
404
200
404
200
404
200
200
404
200
200
200
200","More than one page is linked for the same language
Some pages don't include hreflang links to all the other pages of the group
Some pages are not returning 200 status code",2926664764167155975,42,42
21,https://solvemymedia.com/cs/prevest-video,"Převod video formátů – bezplatný online převodník videa - SolveMyMedia
SolveMyMedia - Free Online Media Optimization Tools",text/html; charset=utf-8,false,200,0,true,"https://solvemymedia.com/ar/thwyl-lfydyw
https://solvemymedia.com/convert-video
https://solvemymedia.com/convert-video
https://solvemymedia.com/cs/prevest-video
https://solvemymedia.com/da/konvertere-video
https://solvemymedia.com/de/video-konvertieren
https://solvemymedia.com/el/metatropi-vinteo
https://solvemymedia.com/es/convertir-video
https://solvemymedia.com/fi/muuntaa-videon
https://solvemymedia.com/fr/convertir-une-video
https://solvemymedia.com/he/lhmyr-vydv
https://solvemymedia.com/hi/viiddiyo-privrtit-kren
https://solvemymedia.com/hu/video-konvertalasa
https://solvemymedia.com/id/mengkonversi-video
https://solvemymedia.com/it/convertire-video
https://solvemymedia.com/ja/bideowobian-huan-suru
https://solvemymedia.com/ko/bidio-byeonhwan
https://solvemymedia.com/ms/menukar-video
https://solvemymedia.com/nl/video-converteren
https://solvemymedia.com/no/konvertere-video
https://solvemymedia.com/pl/konwertuj-wideo
https://solvemymedia.com/pt/converter-video
https://solvemymedia.com/ro/converti-video
https://solvemymedia.com/ru/konvertirovat-video
https://solvemymedia.com/sk/konvertovat-video
https://solvemymedia.com/sv/konvertera-video
https://solvemymedia.com/th/aeplngwidiio
https://solvemymedia.com/tr/videoyu-donustur
https://solvemymedia.com/uk/konvertuvati-video
https://solvemymedia.com/vi/chuyen-doi-video
https://solvemymedia.com/zh/zhuan-huan-shi-pin","200
200
200
200
200
200
200
200
200
200
404
200
200
200
200
200
200
200
200
200
200
200
200
200
404
200
200
200
200
200
200","Some pages don't include hreflang links to all the other pages of the group
Some pages are not returning 200 status code",4827693839827001515,26,26
21,https://solvemymedia.com/fr/video-en-audio,"Extraire l'audio d'une vidéo - Convertisseur vidéo en MP3 - SolveMyMedia
SolveMyMedia - Free Online Media Optimization Tools",text/html; charset=utf-8,false,200,0,true,"https://solvemymedia.com/ar/fidyo-ila-sawt
https://solvemymedia.com/ar/lfydyw-l-lswt
https://solvemymedia.com/cs/video-na-audio
https://solvemymedia.com/cs/video-na-zvuk
https://solvemymedia.com/da/video-til-lyd
https://solvemymedia.com/de/video-zu-audio
https://solvemymedia.com/el/video-se-audio
https://solvemymedia.com/el/vinteo-se-iho
https://solvemymedia.com/es/video-a-audio
https://solvemymedia.com/fi/video-audioksi
https://solvemymedia.com/fi/videosta-aaneksi
https://solvemymedia.com/fr/video-en-audio
https://solvemymedia.com/he/video-leaudio
https://solvemymedia.com/he/vydv-lvdyv
https://solvemymedia.com/hi/video-se-audio
https://solvemymedia.com/hi/viiddiyo-se-onddiyo
https://solvemymedia.com/hu/video-hanggya
https://solvemymedia.com/hu/videorol-hangra
https://solvemymedia.com/id/video-ke-audio
https://solvemymedia.com/it/video-in-audio
https://solvemymedia.com/ja/bideokaraodeiohe
https://solvemymedia.com/ko/bidio-eseo-odio
https://solvemymedia.com/ko/bidioreul-odioro
https://solvemymedia.com/ms/video-ke-audio
https://solvemymedia.com/ms/video-kepada-audio
https://solvemymedia.com/nl/video-naar-audio
https://solvemymedia.com/no/video-til-lyd
https://solvemymedia.com/pl/wideo-do-dzwieku
https://solvemymedia.com/pl/wideo-na-audio
https://solvemymedia.com/pt/video-para-audio
https://solvemymedia.com/ro/video-in-audio
https://solvemymedia.com/ro/video-la-audio
https://solvemymedia.com/ru/video-v-audio
https://solvemymedia.com/sk/video-na-audio
https://solvemymedia.com/sk/video-na-zvuk
https://solvemymedia.com/sv/video-till-ljud
https://solvemymedia.com/th/wideo-phen-siang
https://solvemymedia.com/th/widiioepnesiiyng
https://solvemymedia.com/tr/videodan-ses
https://solvemymedia.com/tr/videodan-sese
https://solvemymedia.com/uk/video-v-audio
https://solvemymedia.com/vi/video-sang-am-thanh
https://solvemymedia.com/vi/video-thanh-am-thanh
https://solvemymedia.com/video-to-audio
https://solvemymedia.com/video-to-audio
https://solvemymedia.com/zh/shi-pin-zhuan-yin-pin","404
200
404
200
200
200
404
200
200
404
200
200
404
404
404
200
404
200
200
200
200
404
200
404
200
200
200
200
404
200
200
404
200
404
404
200
404
200
404
200
200
404
200
200
200
200","More than one page is linked for the same language
Some pages don't include hreflang links to all the other pages of the group
Some pages are not returning 200 status code",2926664764167155975,42,42
21,https://solvemymedia.com/ko/bidioreul-odioro,"비디오에서 오디오 추출 - 비디오를 MP3로 변환기 - SolveMyMedia
SolveMyMedia - Free Online Media Optimization Tools",text/html; charset=utf-8,false,200,0,true,"https://solvemymedia.com/ar/lfydyw-l-lswt
https://solvemymedia.com/cs/video-na-zvuk
https://solvemymedia.com/da/video-til-lyd
https://solvemymedia.com/de/video-zu-audio
https://solvemymedia.com/el/vinteo-se-iho
https://solvemymedia.com/es/video-a-audio
https://solvemymedia.com/fi/videosta-aaneksi
https://solvemymedia.com/fr/video-en-audio
https://solvemymedia.com/he/vydv-lvdyv
https://solvemymedia.com/hi/viiddiyo-se-onddiyo
https://solvemymedia.com/hu/videorol-hangra
https://solvemymedia.com/id/video-ke-audio
https://solvemymedia.com/it/video-in-audio
https://solvemymedia.com/ja/bideokaraodeiohe
https://solvemymedia.com/ko/bidioreul-odioro
https://solvemymedia.com/ms/video-kepada-audio
https://solvemymedia.com/nl/video-naar-audio
https://solvemymedia.com/no/video-til-lyd
https://solvemymedia.com/pl/wideo-do-dzwieku
https://solvemymedia.com/pt/video-para-audio
https://solvemymedia.com/ro/video-in-audio
https://solvemymedia.com/ru/video-v-audio
https://solvemymedia.com/sk/video-na-zvuk
https://solvemymedia.com/sv/video-till-ljud
https://solvemymedia.com/th/widiioepnesiiyng
https://solvemymedia.com/tr/videodan-sese
https://solvemymedia.com/uk/video-v-audio
https://solvemymedia.com/vi/video-thanh-am-thanh
https://solvemymedia.com/video-to-audio
https://solvemymedia.com/video-to-audio
https://solvemymedia.com/zh/shi-pin-zhuan-yin-pin","200
200
200
200
200
200
200
200
404
200
200
200
200
200
200
200
200
200
200
200
200
200
404
200
200
200
200
200
200
200
200","Some pages don't include hreflang links to all the other pages of the group
Some pages are not returning 200 status code",2926664764167155975,26,26
21,https://solvemymedia.com/de/gif-erstellen,"Video to GIF Maker – Video in animiertes GIF konvertieren - SolveMyMedia
SolveMyMedia - Free Online Media Optimization Tools",text/html; charset=utf-8,false,200,0,true,"https://solvemymedia.com/ar/anshaaa-gif
https://solvemymedia.com/ar/nsh-swr-mthrk
https://solvemymedia.com/create-gif
https://solvemymedia.com/create-gif
https://solvemymedia.com/cs/vytvorit-gif
https://solvemymedia.com/da/opret-gif
https://solvemymedia.com/da/oprette-gif
https://solvemymedia.com/de/gif-erstellen
https://solvemymedia.com/el/dimioyrgia-gif
https://solvemymedia.com/es/crear-gif
https://solvemymedia.com/fi/luo-gif
https://solvemymedia.com/fr/creer-un-gif
https://solvemymedia.com/he/lytsvr-gif
https://solvemymedia.com/he/tzor-gif
https://solvemymedia.com/hi/gif-banaye
https://solvemymedia.com/hi/gif-bnaaen
https://solvemymedia.com/hu/gif-letrehozasa
https://solvemymedia.com/id/membuat-gif
https://solvemymedia.com/it/crea-gif
https://solvemymedia.com/it/creare-una-gif
https://solvemymedia.com/ja/gifwozuo-cheng
https://solvemymedia.com/ko/gif-mandeulgi
https://solvemymedia.com/ms/buat-gif
https://solvemymedia.com/nl/gif-maken
https://solvemymedia.com/no/lag-gif
https://solvemymedia.com/no/lage-gif
https://solvemymedia.com/pl/stworz-gif
https://solvemymedia.com/pl/utworz-gifa
https://solvemymedia.com/pt/criar-gif
https://solvemymedia.com/ro/creati-gif
https://solvemymedia.com/ro/creeaza-gif
https://solvemymedia.com/ru/sozdat-gif
https://solvemymedia.com/ru/sozdat-gifku
https://solvemymedia.com/sk/vytvorit-gif
https://solvemymedia.com/sv/skapa-gif
https://solvemymedia.com/th/sang-gif
https://solvemymedia.com/th/sraangkif
https://solvemymedia.com/tr/gif-olustur
https://solvemymedia.com/uk/stvoriti-gif
https://solvemymedia.com/vi/tao-anh-gif
https://solvemymedia.com/vi/tao-gif
https://solvemymedia.com/zh/chuang-jian-gif","404
200
200
200
200
404
200
200
200
200
200
200
404
404
404
200
200
200
404
200
200
200
200
200
404
200
404
200
200
200
404
404
200
404
200
404
200
200
200
200
404
200","More than one page is linked for the same language
Some pages don't include hreflang links to all the other pages of the group
Some pages are not returning 200 status code",17321000843242609092,39,39
21,https://solvemymedia.com/ru/sozdat-gifku,"Video to GIF Maker - Конвертируйте видео в анимированный GIF - SolveMyMedia
SolveMyMedia - Free Online Media Optimization Tools",text/html; charset=utf-8,false,200,0,true,"https://solvemymedia.com/ar/nsh-swr-mthrk
https://solvemymedia.com/create-gif
https://solvemymedia.com/create-gif
https://solvemymedia.com/cs/vytvorit-gif
https://solvemymedia.com/da/oprette-gif
https://solvemymedia.com/de/gif-erstellen
https://solvemymedia.com/el/dimioyrgia-gif
https://solvemymedia.com/es/crear-gif
https://solvemymedia.com/fi/luo-gif
https://solvemymedia.com/fr/creer-un-gif
https://solvemymedia.com/he/lytsvr-gif
https://solvemymedia.com/hi/gif-bnaaen
https://solvemymedia.com/hu/gif-letrehozasa
https://solvemymedia.com/id/membuat-gif
https://solvemymedia.com/it/creare-una-gif
https://solvemymedia.com/ja/gifwozuo-cheng
https://solvemymedia.com/ko/gif-mandeulgi
https://solvemymedia.com/ms/buat-gif
https://solvemymedia.com/nl/gif-maken
https://solvemymedia.com/no/lage-gif
https://solvemymedia.com/pl/utworz-gifa
https://solvemymedia.com/pt/criar-gif
https://solvemymedia.com/ro/creati-gif
https://solvemymedia.com/ru/sozdat-gifku
https://solvemymedia.com/sk/vytvorit-gif
https://solvemymedia.com/sv/skapa-gif
https://solvemymedia.com/th/sraangkif
https://solvemymedia.com/tr/gif-olustur
https://solvemymedia.com/uk/stvoriti-gif
https://solvemymedia.com/vi/tao-anh-gif
https://solvemymedia.com/zh/chuang-jian-gif","200
200
200
200
200
200
200
200
200
200
404
200
200
200
200
200
200
200
200
200
200
200
200
200
404
200
200
200
200
200
200","Some pages don't include hreflang links to all the other pages of the group
Some pages are not returning 200 status code",17321000843242609092,26,26
21,https://solvemymedia.com/ar/thwyl-lswt,"تحويل صيغ الصوت - محول الصوت المجاني على الإنترنت - SolveMyMedia
SolveMyMedia - Free Online Media Optimization Tools",text/html; charset=utf-8,false,200,0,true,"https://solvemymedia.com/ar/thwyl-lswt
https://solvemymedia.com/convert-audio
https://solvemymedia.com/convert-audio
https://solvemymedia.com/cs/prevest-zvuk
https://solvemymedia.com/da/konvertere-lyd
https://solvemymedia.com/de/audio-konvertieren
https://solvemymedia.com/el/metatropi-ihoy
https://solvemymedia.com/es/convertir-audio
https://solvemymedia.com/fi/muuntaa-aanta
https://solvemymedia.com/fr/convertir-laudio
https://solvemymedia.com/he/lhmyr-vdyv
https://solvemymedia.com/hi/onddiyo-privrtit-kren
https://solvemymedia.com/hu/hangot-konvertalni
https://solvemymedia.com/id/mengkonversi-audio
https://solvemymedia.com/it/convertire-laudio
https://solvemymedia.com/ja/odeiowobian-huan-suru
https://solvemymedia.com/ko/odio-byeonhwan
https://solvemymedia.com/ms/menukar-audio
https://solvemymedia.com/nl/audio-converteren
https://solvemymedia.com/no/konvertere-lyd
https://solvemymedia.com/pl/konwertowac-dzwiek
https://solvemymedia.com/pt/converter-audio
https://solvemymedia.com/ro/converti-audio
https://solvemymedia.com/ru/konvertirovat-audio
https://solvemymedia.com/sk/konvertovat-zvuk
https://solvemymedia.com/sv/konvertera-ljud
https://solvemymedia.com/th/aeplngesiiyng
https://solvemymedia.com/tr/sesi-donustur
https://solvemymedia.com/uk/konvertuvati-audio
https://solvemymedia.com/vi/chuyen-doi-am-thanh
https://solvemymedia.com/zh/zhuan-huan-yin-pin","200
200
200
200
200
200
200
200
200
200
404
200
200
200
200
200
200
200
200
200
200
200
200
200
404
200
200
200
200
200
200","Some pages don't include hreflang links to all the other pages of the group
Some pages are not returning 200 status code",17243122406961147091,26,26
21,https://solvemymedia.com/ja/odeiowobian-huan-suru,"オーディオ形式を変換 - 無料のオンライン オーディオ コンバーター - SolveMyMedia
SolveMyMedia - Free Online Media Optimization Tools",text/html; charset=utf-8,false,200,0,true,"https://solvemymedia.com/ar/thwyl-alsawt
https://solvemymedia.com/ar/thwyl-lswt
https://solvemymedia.com/convert-audio
https://solvemymedia.com/convert-audio
https://solvemymedia.com/cs/konvertovat-audio
https://solvemymedia.com/cs/prevest-zvuk
https://solvemymedia.com/da/konverter-lyd
https://solvemymedia.com/da/konvertere-lyd
https://solvemymedia.com/de/audio-konvertieren
https://solvemymedia.com/el/metaporpe-audio
https://solvemymedia.com/el/metatropi-ihoy
https://solvemymedia.com/es/convertir-audio
https://solvemymedia.com/fi/muunna-audio
https://solvemymedia.com/fi/muuntaa-aanta
https://solvemymedia.com/fr/convertir-laudio
https://solvemymedia.com/he/hmr-audio
https://solvemymedia.com/he/lhmyr-vdyv
https://solvemymedia.com/hi/audio-convert-kare
https://solvemymedia.com/hi/onddiyo-privrtit-kren
https://solvemymedia.com/hu/hang-konvertalasa
https://solvemymedia.com/hu/hangot-konvertalni
https://solvemymedia.com/id/mengkonversi-audio
https://solvemymedia.com/it/converti-audio
https://solvemymedia.com/it/convertire-laudio
https://solvemymedia.com/ja/odeiowobian-huan-suru
https://solvemymedia.com/ko/odio-byeonhwan
https://solvemymedia.com/ms/menukar-audio
https://solvemymedia.com/ms/tukar-audio
https://solvemymedia.com/nl/audio-converteren
https://solvemymedia.com/no/konvertere-lyd
https://solvemymedia.com/pl/konwertowac-dzwiek
https://solvemymedia.com/pl/konwertuj-audio
https://solvemymedia.com/pt/converter-audio
https://solvemymedia.com/ro/converteste-audio
https://solvemymedia.com/ro/converti-audio
https://solvemymedia.com/ru/konvertirovat-audio
https://solvemymedia.com/sk/konvertovat-audio
https://solvemymedia.com/sk/konvertovat-zvuk
https://solvemymedia.com/sv/konvertera-ljud
https://solvemymedia.com/th/aeplngesiiyng
https://solvemymedia.com/th/pli-an-audio
https://solvemymedia.com/tr/ses-donustur
https://solvemymedia.com/tr/sesi-donustur
https://solvemymedia.com/uk/konvertuvati-audio
https://solvemymedia.com/vi/chuyen-doi-am-thanh
https://solvemymedia.com/zh/zhuan-huan-yin-pin","404
200
200
200
404
200
404
200
200
404
200
200
404
200
200
404
404
404
200
404
200
200
404
200
200
200
200
404
200
200
200
404
200
404
200
200
404
404
200
200
404
404
200
200
200
200","More than one page is linked for the same language
Some pages don't include hreflang links to all the other pages of the group
Some pages are not returning 200 status code",9570318248645165765,42,42
21,https://solvemymedia.com/uk/konvertuvati-video,"Перетворення відеоформатів - безкоштовний онлайн-конвертер відео - SolveMyMedia
SolveMyMedia - Free Online Media Optimization Tools",text/html; charset=utf-8,false,200,0,true,"https://solvemymedia.com/ar/thwyl-alfidyo
https://solvemymedia.com/ar/thwyl-lfydyw
https://solvemymedia.com/convert-video
https://solvemymedia.com/convert-video
https://solvemymedia.com/cs/konvertovat-video
https://solvemymedia.com/cs/prevest-video
https://solvemymedia.com/da/konverter-video
https://solvemymedia.com/da/konvertere-video
https://solvemymedia.com/de/video-konvertieren
https://solvemymedia.com/el/metaporpe-video
https://solvemymedia.com/el/metatropi-vinteo
https://solvemymedia.com/es/convertir-video
https://solvemymedia.com/fi/muunna-video
https://solvemymedia.com/fi/muuntaa-videon
https://solvemymedia.com/fr/convertir-une-video
https://solvemymedia.com/he/hmr-video
https://solvemymedia.com/he/lhmyr-vydv
https://solvemymedia.com/hi/video-convert-kare
https://solvemymedia.com/hi/viiddiyo-privrtit-kren
https://solvemymedia.com/hu/video-konvertalasa
https://solvemymedia.com/id/mengkonversi-video
https://solvemymedia.com/it/converti-video
https://solvemymedia.com/it/convertire-video
https://solvemymedia.com/ja/bideowobian-huan-suru
https://solvemymedia.com/ko/bidio-byeonhwan
https://solvemymedia.com/ms/menukar-video
https://solvemymedia.com/ms/tukar-video
https://solvemymedia.com/nl/video-converteren
https://solvemymedia.com/no/konvertere-video
https://solvemymedia.com/pl/konwertuj-wideo
https://solvemymedia.com/pt/converter-video
https://solvemymedia.com/ro/converteste-video
https://solvemymedia.com/ro/converti-video
https://solvemymedia.com/ru/konvertirovat-video
https://solvemymedia.com/sk/konvertovat-video
https://solvemymedia.com/sv/konvertera-video
https://solvemymedia.com/th/aeplngwidiio
https://solvemymedia.com/th/pli-an-wideo
https://solvemymedia.com/tr/video-donustur
https://solvemymedia.com/tr/videoyu-donustur
https://solvemymedia.com/uk/konvertuvati-video
https://solvemymedia.com/vi/chuyen-doi-video
https://solvemymedia.com/zh/zhuan-huan-shi-pin","404
200
200
200
404
200
404
200
200
404
200
200
404
200
200
404
404
404
200
200
200
404
200
200
200
200
404
200
200
200
200
404
200
200
404
200
200
404
404
200
200
200
200","More than one page is linked for the same language
Some pages don't include hreflang links to all the other pages of the group
Some pages are not returning 200 status code",3718947784658654109,40,40
21,https://solvemymedia.com/fr/creer-un-gif,"Vidéo en GIF Maker - Convertir une vidéo en GIF animé - SolveMyMedia
SolveMyMedia - Free Online Media Optimization Tools",text/html; charset=utf-8,false,200,0,true,"https://solvemymedia.com/ar/anshaaa-gif
https://solvemymedia.com/ar/nsh-swr-mthrk
https://solvemymedia.com/create-gif
https://solvemymedia.com/create-gif
https://solvemymedia.com/cs/vytvorit-gif
https://solvemymedia.com/da/opret-gif
https://solvemymedia.com/da/oprette-gif
https://solvemymedia.com/de/gif-erstellen
https://solvemymedia.com/el/dimioyrgia-gif
https://solvemymedia.com/es/crear-gif
https://solvemymedia.com/fi/luo-gif
https://solvemymedia.com/fr/creer-un-gif
https://solvemymedia.com/he/lytsvr-gif
https://solvemymedia.com/he/tzor-gif
https://solvemymedia.com/hi/gif-banaye
https://solvemymedia.com/hi/gif-bnaaen
https://solvemymedia.com/hu/gif-letrehozasa
https://solvemymedia.com/id/membuat-gif
https://solvemymedia.com/it/crea-gif
https://solvemymedia.com/it/creare-una-gif
https://solvemymedia.com/ja/gifwozuo-cheng
https://solvemymedia.com/ko/gif-mandeulgi
https://solvemymedia.com/ms/buat-gif
https://solvemymedia.com/nl/gif-maken
https://solvemymedia.com/no/lag-gif
https://solvemymedia.com/no/lage-gif
https://solvemymedia.com/pl/stworz-gif
https://solvemymedia.com/pl/utworz-gifa
https://solvemymedia.com/pt/criar-gif
https://solvemymedia.com/ro/creati-gif
https://solvemymedia.com/ro/creeaza-gif
https://solvemymedia.com/ru/sozdat-gif
https://solvemymedia.com/ru/sozdat-gifku
https://solvemymedia.com/sk/vytvorit-gif
https://solvemymedia.com/sv/skapa-gif
https://solvemymedia.com/th/sang-gif
https://solvemymedia.com/th/sraangkif
https://solvemymedia.com/tr/gif-olustur
https://solvemymedia.com/uk/stvoriti-gif
https://solvemymedia.com/vi/tao-anh-gif
https://solvemymedia.com/vi/tao-gif
https://solvemymedia.com/zh/chuang-jian-gif","404
200
200
200
200
404
200
200
200
200
200
200
404
404
404
200
200
200
404
200
200
200
200
200
404
200
404
200
200
200
404
404
200
404
200
404
200
200
200
200
404
200","More than one page is linked for the same language
Some pages don't include hreflang links to all the other pages of the group
Some pages are not returning 200 status code",17321000843242609092,39,39
21,https://solvemymedia.com/da/oprette-gif,"Video til GIF Maker - Konverter video til animeret GIF - SolveMyMedia
SolveMyMedia - Free Online Media Optimization Tools",text/html; charset=utf-8,false,200,0,true,"https://solvemymedia.com/ar/nsh-swr-mthrk
https://solvemymedia.com/create-gif
https://solvemymedia.com/create-gif
https://solvemymedia.com/cs/vytvorit-gif
https://solvemymedia.com/da/oprette-gif
https://solvemymedia.com/de/gif-erstellen
https://solvemymedia.com/el/dimioyrgia-gif
https://solvemymedia.com/es/crear-gif
https://solvemymedia.com/fi/luo-gif
https://solvemymedia.com/fr/creer-un-gif
https://solvemymedia.com/he/lytsvr-gif
https://solvemymedia.com/hi/gif-bnaaen
https://solvemymedia.com/hu/gif-letrehozasa
https://solvemymedia.com/id/membuat-gif
https://solvemymedia.com/it/creare-una-gif
https://solvemymedia.com/ja/gifwozuo-cheng
https://solvemymedia.com/ko/gif-mandeulgi
https://solvemymedia.com/ms/buat-gif
https://solvemymedia.com/nl/gif-maken
https://solvemymedia.com/no/lage-gif
https://solvemymedia.com/pl/utworz-gifa
https://solvemymedia.com/pt/criar-gif
https://solvemymedia.com/ro/creati-gif
https://solvemymedia.com/ru/sozdat-gifku
https://solvemymedia.com/sk/vytvorit-gif
https://solvemymedia.com/sv/skapa-gif
https://solvemymedia.com/th/sraangkif
https://solvemymedia.com/tr/gif-olustur
https://solvemymedia.com/uk/stvoriti-gif
https://solvemymedia.com/vi/tao-anh-gif
https://solvemymedia.com/zh/chuang-jian-gif","200
200
200
200
200
200
200
200
200
200
404
200
200
200
200
200
200
200
200
200
200
200
200
200
404
200
200
200
200
200
200","Some pages don't include hreflang links to all the other pages of the group
Some pages are not returning 200 status code",17321000843242609092,26,26
21,https://solvemymedia.com/ro/recorder,"Screen & Audio Recorder - Înregistrare gratuită în studio - SolveMyMedia
SolveMyMedia - Free Online Media Optimization Tools",text/html; charset=utf-8,false,200,0,true,"https://solvemymedia.com/ar/msjl
https://solvemymedia.com/cs/zaznamnik
https://solvemymedia.com/da/optager
https://solvemymedia.com/de/recorder
https://solvemymedia.com/el/mihanima-eggrafis
https://solvemymedia.com/es/grabadora
https://solvemymedia.com/fi/tallennin
https://solvemymedia.com/fr/enregistreur
https://solvemymedia.com/he/maqliyt
https://solvemymedia.com/hi/rikonrddr
https://solvemymedia.com/hu/felvevo
https://solvemymedia.com/id/perekam
https://solvemymedia.com/it/registratore
https://solvemymedia.com/ja/rekoda
https://solvemymedia.com/ko/giroggye
https://solvemymedia.com/ms/perakam
https://solvemymedia.com/nl/opnameapparaat
https://solvemymedia.com/no/opptaker
https://solvemymedia.com/pl/rejestrator
https://solvemymedia.com/pt/gravadora
https://solvemymedia.com/recorder
https://solvemymedia.com/recorder
https://solvemymedia.com/ro/recorder
https://solvemymedia.com/ru/diktofon
https://solvemymedia.com/sk/zaznamnik
https://solvemymedia.com/sv/inspelare
https://solvemymedia.com/th/ekhruuengbanthuek
https://solvemymedia.com/tr/kaydedici
https://solvemymedia.com/uk/diktofon
https://solvemymedia.com/vi/may-ghi-am
https://solvemymedia.com/zh/lu-yin-ji","200
200
200
200
200
200
200
200
404
200
200
200
200
200
200
200
200
200
200
200
200
200
200
200
404
200
200
200
200
200
200","Some pages don't include hreflang links to all the other pages of the group
Some pages are not returning 200 status code",774500295674417905,26,26
21,https://solvemymedia.com/hi/rikonrddr,"स्क्रीन और ऑडियो रिकॉर्डर - निःशुल्क स्टूडियो रिकॉर्डिंग - SolveMyMedia
SolveMyMedia - Free Online Media Optimization Tools",text/html; charset=utf-8,false,200,0,true,"https://solvemymedia.com/ar/msjl
https://solvemymedia.com/cs/zaznamnik
https://solvemymedia.com/da/optager
https://solvemymedia.com/de/recorder
https://solvemymedia.com/el/mihanima-eggrafis
https://solvemymedia.com/es/grabadora
https://solvemymedia.com/fi/tallennin
https://solvemymedia.com/fr/enregistreur
https://solvemymedia.com/he/maqliyt
https://solvemymedia.com/hi/rikonrddr
https://solvemymedia.com/hu/felvevo
https://solvemymedia.com/id/perekam
https://solvemymedia.com/it/registratore
https://solvemymedia.com/ja/rekoda
https://solvemymedia.com/ko/giroggye
https://solvemymedia.com/ms/perakam
https://solvemymedia.com/nl/opnameapparaat
https://solvemymedia.com/no/opptaker
https://solvemymedia.com/pl/rejestrator
https://solvemymedia.com/pt/gravadora
https://solvemymedia.com/recorder
https://solvemymedia.com/recorder
https://solvemymedia.com/ro/recorder
https://solvemymedia.com/ru/diktofon
https://solvemymedia.com/sk/zaznamnik
https://solvemymedia.com/sv/inspelare
https://solvemymedia.com/th/ekhruuengbanthuek
https://solvemymedia.com/tr/kaydedici
https://solvemymedia.com/uk/diktofon
https://solvemymedia.com/vi/may-ghi-am
https://solvemymedia.com/zh/lu-yin-ji","200
200
200
200
200
200
200
200
404
200
200
200
200
200
200
200
200
200
200
200
200
200
200
200
404
200
200
200
200
200
200","Some pages don't include hreflang links to all the other pages of the group
Some pages are not returning 200 status code",774500295674417905,26,26
21,https://solvemymedia.com/ms/menukar-audio,"Tukar Format Audio - Penukar Audio Dalam Talian Percuma - SolveMyMedia
SolveMyMedia - Free Online Media Optimization Tools",text/html; charset=utf-8,false,200,0,true,"https://solvemymedia.com/ar/thwyl-lswt
https://solvemymedia.com/convert-audio
https://solvemymedia.com/convert-audio
https://solvemymedia.com/cs/prevest-zvuk
https://solvemymedia.com/da/konvertere-lyd
https://solvemymedia.com/de/audio-konvertieren
https://solvemymedia.com/el/metatropi-ihoy
https://solvemymedia.com/es/convertir-audio
https://solvemymedia.com/fi/muuntaa-aanta
https://solvemymedia.com/fr/convertir-laudio
https://solvemymedia.com/he/lhmyr-vdyv
https://solvemymedia.com/hi/onddiyo-privrtit-kren
https://solvemymedia.com/hu/hangot-konvertalni
https://solvemymedia.com/id/mengkonversi-audio
https://solvemymedia.com/it/convertire-laudio
https://solvemymedia.com/ja/odeiowobian-huan-suru
https://solvemymedia.com/ko/odio-byeonhwan
https://solvemymedia.com/ms/menukar-audio
https://solvemymedia.com/nl/audio-converteren
https://solvemymedia.com/no/konvertere-lyd
https://solvemymedia.com/pl/konwertowac-dzwiek
https://solvemymedia.com/pt/converter-audio
https://solvemymedia.com/ro/converti-audio
https://solvemymedia.com/ru/konvertirovat-audio
https://solvemymedia.com/sk/konvertovat-zvuk
https://solvemymedia.com/sv/konvertera-ljud
https://solvemymedia.com/th/aeplngesiiyng
https://solvemymedia.com/tr/sesi-donustur
https://solvemymedia.com/uk/konvertuvati-audio
https://solvemymedia.com/vi/chuyen-doi-am-thanh
https://solvemymedia.com/zh/zhuan-huan-yin-pin","200
200
200
200
200
200
200
200
200
200
404
200
200
200
200
200
200
200
200
200
200
200
200
200
404
200
200
200
200
200
200","Some pages don't include hreflang links to all the other pages of the group
Some pages are not returning 200 status code",17243122406961147091,26,26
21,https://solvemymedia.com/nl/video-naar-audio,"Audio uit video extraheren - Video naar MP3-converter - SolveMyMedia
SolveMyMedia - Free Online Media Optimization Tools",text/html; charset=utf-8,false,200,0,true,"https://solvemymedia.com/ar/fidyo-ila-sawt
https://solvemymedia.com/ar/lfydyw-l-lswt
https://solvemymedia.com/cs/video-na-audio
https://solvemymedia.com/cs/video-na-zvuk
https://solvemymedia.com/da/video-til-lyd
https://solvemymedia.com/de/video-zu-audio
https://solvemymedia.com/el/video-se-audio
https://solvemymedia.com/el/vinteo-se-iho
https://solvemymedia.com/es/video-a-audio
https://solvemymedia.com/fi/video-audioksi
https://solvemymedia.com/fi/videosta-aaneksi
https://solvemymedia.com/fr/video-en-audio
https://solvemymedia.com/he/video-leaudio
https://solvemymedia.com/he/vydv-lvdyv
https://solvemymedia.com/hi/video-se-audio
https://solvemymedia.com/hi/viiddiyo-se-onddiyo
https://solvemymedia.com/hu/video-hanggya
https://solvemymedia.com/hu/videorol-hangra
https://solvemymedia.com/id/video-ke-audio
https://solvemymedia.com/it/video-in-audio
https://solvemymedia.com/ja/bideokaraodeiohe
https://solvemymedia.com/ko/bidio-eseo-odio
https://solvemymedia.com/ko/bidioreul-odioro
https://solvemymedia.com/ms/video-ke-audio
https://solvemymedia.com/ms/video-kepada-audio
https://solvemymedia.com/nl/video-naar-audio
https://solvemymedia.com/no/video-til-lyd
https://solvemymedia.com/pl/wideo-do-dzwieku
https://solvemymedia.com/pl/wideo-na-audio
https://solvemymedia.com/pt/video-para-audio
https://solvemymedia.com/ro/video-in-audio
https://solvemymedia.com/ro/video-la-audio
https://solvemymedia.com/ru/video-v-audio
https://solvemymedia.com/sk/video-na-audio
https://solvemymedia.com/sk/video-na-zvuk
https://solvemymedia.com/sv/video-till-ljud
https://solvemymedia.com/th/wideo-phen-siang
https://solvemymedia.com/th/widiioepnesiiyng
https://solvemymedia.com/tr/videodan-ses
https://solvemymedia.com/tr/videodan-sese
https://solvemymedia.com/uk/video-v-audio
https://solvemymedia.com/vi/video-sang-am-thanh
https://solvemymedia.com/vi/video-thanh-am-thanh
https://solvemymedia.com/video-to-audio
https://solvemymedia.com/video-to-audio
https://solvemymedia.com/zh/shi-pin-zhuan-yin-pin","404
200
404
200
200
200
404
200
200
404
200
200
404
404
404
200
404
200
200
200
200
404
200
404
200
200
200
200
404
200
200
404
200
404
404
200
404
200
404
200
200
404
200
200
200
200","More than one page is linked for the same language
Some pages don't include hreflang links to all the other pages of the group
Some pages are not returning 200 status code",2926664764167155975,42,42
21,https://solvemymedia.com/hi/ttaaip-krnaa,"ऑडियो और वीडियो ट्रांस्क्रिप्शन - एआई स्पीच टू टेक्स्ट - SolveMyMedia
SolveMyMedia - Free Online Media Optimization Tools",text/html; charset=utf-8,false,200,0,true,"https://solvemymedia.com/ar/nskh
https://solvemymedia.com/cs/prepsat
https://solvemymedia.com/da/transskribere
https://solvemymedia.com/de/transkribieren
https://solvemymedia.com/el/antigrafo
https://solvemymedia.com/es/transcribir
https://solvemymedia.com/fi/litteroida
https://solvemymedia.com/fr/transcrire
https://solvemymedia.com/he/ltaateq
https://solvemymedia.com/hi/ttaaip-krnaa
https://solvemymedia.com/hu/lemasol
https://solvemymedia.com/id/menuliskan
https://solvemymedia.com/it/trascrivere
https://solvemymedia.com/ja/zhuan-xie-suru
https://solvemymedia.com/ko/gocyeo-sseuda
https://solvemymedia.com/ms/transkripsi
https://solvemymedia.com/nl/transcriberen
https://solvemymedia.com/no/transkribere
https://solvemymedia.com/pl/rozpisac
https://solvemymedia.com/pt/transcrever
https://solvemymedia.com/ro/transcrie
https://solvemymedia.com/ru/perepisyvat
https://solvemymedia.com/sk/prepisovat
https://solvemymedia.com/sv/transkribera
https://solvemymedia.com/th/thdesiiyng
https://solvemymedia.com/tr/uyarlamak
https://solvemymedia.com/transcribe
https://solvemymedia.com/transcribe
https://solvemymedia.com/uk/transkribuvati
https://solvemymedia.com/vi/chep-lai
https://solvemymedia.com/zh/lu-zhi","200
200
200
200
200
200
200
200
404
200
200
200
200
200
200
200
200
200
200
200
200
200
404
200
200
200
200
200
200
200
200","Some pages don't include hreflang links to all the other pages of the group
Some pages are not returning 200 status code",1124245034427686738,26,26
21,https://solvemymedia.com/da/komprimere-video,"Komprimer video online - Gratis sikker videokompressor - SolveMyMedia
SolveMyMedia - Free Online Media Optimization Tools",text/html; charset=utf-8,false,200,0,true,"https://solvemymedia.com/ar/dgt-lfydyw
https://solvemymedia.com/compress-video
https://solvemymedia.com/compress-video
https://solvemymedia.com/cs/komprimovat-video
https://solvemymedia.com/da/komprimere-video
https://solvemymedia.com/de/video-komprimieren
https://solvemymedia.com/el/sympiesi-vinteo
https://solvemymedia.com/es/comprimir-video
https://solvemymedia.com/fi/pakkaa-video
https://solvemymedia.com/fr/compresser-la-video
https://solvemymedia.com/he/ldkhvs-vydv
https://solvemymedia.com/hi/viiddiyo-snpiiddit-kren
https://solvemymedia.com/hu/video-tomoritese
https://solvemymedia.com/id/kompres-video
https://solvemymedia.com/it/comprimere-il-video
https://solvemymedia.com/ja/bideowoya-suo-suru
https://solvemymedia.com/ko/bidio-abcug
https://solvemymedia.com/ms/memampatkan-video
https://solvemymedia.com/nl/video-comprimeren
https://solvemymedia.com/no/komprimere-video
https://solvemymedia.com/pl/kompresowac-wideo
https://solvemymedia.com/pt/compactar-video
https://solvemymedia.com/ro/comprima-video
https://solvemymedia.com/ru/szhimat-video
https://solvemymedia.com/sk/komprimovat-video
https://solvemymedia.com/sv/komprimera-video
https://solvemymedia.com/th/biibadwidiio
https://solvemymedia.com/tr/videoyu-sikistir
https://solvemymedia.com/uk/stiskati-video
https://solvemymedia.com/vi/nen-video
https://solvemymedia.com/zh/ya-suo-shi-pin","200
200
200
200
200
200
200
200
200
200
404
200
200
200
200
200
200
200
200
200
200
200
200
200
404
200
200
200
200
200
200","Some pages don't include hreflang links to all the other pages of the group
Some pages are not returning 200 status code",926993157700666916,26,26
21,https://solvemymedia.com/tr/sesi-donustur,"Ses Formatlarını Dönüştür - Ücretsiz Çevrimiçi Ses Dönüştürücü - SolveMyMedia
SolveMyMedia - Free Online Media Optimization Tools",text/html; charset=utf-8,false,200,0,true,"https://solvemymedia.com/ar/thwyl-lswt
https://solvemymedia.com/convert-audio
https://solvemymedia.com/convert-audio
https://solvemymedia.com/cs/prevest-zvuk
https://solvemymedia.com/da/konvertere-lyd
https://solvemymedia.com/de/audio-konvertieren
https://solvemymedia.com/el/metatropi-ihoy
https://solvemymedia.com/es/convertir-audio
https://solvemymedia.com/fi/muuntaa-aanta
https://solvemymedia.com/fr/convertir-laudio
https://solvemymedia.com/he/lhmyr-vdyv
https://solvemymedia.com/hi/onddiyo-privrtit-kren
https://solvemymedia.com/hu/hangot-konvertalni
https://solvemymedia.com/id/mengkonversi-audio
https://solvemymedia.com/it/convertire-laudio
https://solvemymedia.com/ja/odeiowobian-huan-suru
https://solvemymedia.com/ko/odio-byeonhwan
https://solvemymedia.com/ms/menukar-audio
https://solvemymedia.com/nl/audio-converteren
https://solvemymedia.com/no/konvertere-lyd
https://solvemymedia.com/pl/konwertowac-dzwiek
https://solvemymedia.com/pt/converter-audio
https://solvemymedia.com/ro/converti-audio
https://solvemymedia.com/ru/konvertirovat-audio
https://solvemymedia.com/sk/konvertovat-zvuk
https://solvemymedia.com/sv/konvertera-ljud
https://solvemymedia.com/th/aeplngesiiyng
https://solvemymedia.com/tr/sesi-donustur
https://solvemymedia.com/uk/konvertuvati-audio
https://solvemymedia.com/vi/chuyen-doi-am-thanh
https://solvemymedia.com/zh/zhuan-huan-yin-pin","200
200
200
200
200
200
200
200
200
200
404
200
200
200
200
200
200
200
200
200
200
200
200
200
404
200
200
200
200
200
200","Some pages don't include hreflang links to all the other pages of the group
Some pages are not returning 200 status code",17243122406961147091,26,26
21,https://solvemymedia.com/pl/wideo-do-dzwieku,"Wyodrębnij audio z wideo - konwerter wideo na MP3 - SolveMyMedia
SolveMyMedia - Free Online Media Optimization Tools",text/html; charset=utf-8,false,200,0,true,"https://solvemymedia.com/ar/lfydyw-l-lswt
https://solvemymedia.com/cs/video-na-zvuk
https://solvemymedia.com/da/video-til-lyd
https://solvemymedia.com/de/video-zu-audio
https://solvemymedia.com/el/vinteo-se-iho
https://solvemymedia.com/es/video-a-audio
https://solvemymedia.com/fi/videosta-aaneksi
https://solvemymedia.com/fr/video-en-audio
https://solvemymedia.com/he/vydv-lvdyv
https://solvemymedia.com/hi/viiddiyo-se-onddiyo
https://solvemymedia.com/hu/videorol-hangra
https://solvemymedia.com/id/video-ke-audio
https://solvemymedia.com/it/video-in-audio
https://solvemymedia.com/ja/bideokaraodeiohe
https://solvemymedia.com/ko/bidioreul-odioro
https://solvemymedia.com/ms/video-kepada-audio
https://solvemymedia.com/nl/video-naar-audio
https://solvemymedia.com/no/video-til-lyd
https://solvemymedia.com/pl/wideo-do-dzwieku
https://solvemymedia.com/pt/video-para-audio
https://solvemymedia.com/ro/video-in-audio
https://solvemymedia.com/ru/video-v-audio
https://solvemymedia.com/sk/video-na-zvuk
https://solvemymedia.com/sv/video-till-ljud
https://solvemymedia.com/th/widiioepnesiiyng
https://solvemymedia.com/tr/videodan-sese
https://solvemymedia.com/uk/video-v-audio
https://solvemymedia.com/vi/video-thanh-am-thanh
https://solvemymedia.com/video-to-audio
https://solvemymedia.com/video-to-audio
https://solvemymedia.com/zh/shi-pin-zhuan-yin-pin","200
200
200
200
200
200
200
200
404
200
200
200
200
200
200
200
200
200
200
200
200
200
404
200
200
200
200
200
200
200
200","Some pages don't include hreflang links to all the other pages of the group
Some pages are not returning 200 status code",2926664764167155975,26,26
21,https://solvemymedia.com/ru/konvertirovat-video,"Конвертировать форматы видео — бесплатный онлайн-конвертер видео - SolveMyMedia
SolveMyMedia - Free Online Media Optimization Tools",text/html; charset=utf-8,false,200,0,true,"https://solvemymedia.com/ar/thwyl-alfidyo
https://solvemymedia.com/ar/thwyl-lfydyw
https://solvemymedia.com/convert-video
https://solvemymedia.com/convert-video
https://solvemymedia.com/cs/konvertovat-video
https://solvemymedia.com/cs/prevest-video
https://solvemymedia.com/da/konverter-video
https://solvemymedia.com/da/konvertere-video
https://solvemymedia.com/de/video-konvertieren
https://solvemymedia.com/el/metaporpe-video
https://solvemymedia.com/el/metatropi-vinteo
https://solvemymedia.com/es/convertir-video
https://solvemymedia.com/fi/muunna-video
https://solvemymedia.com/fi/muuntaa-videon
https://solvemymedia.com/fr/convertir-une-video
https://solvemymedia.com/he/hmr-video
https://solvemymedia.com/he/lhmyr-vydv
https://solvemymedia.com/hi/video-convert-kare
https://solvemymedia.com/hi/viiddiyo-privrtit-kren
https://solvemymedia.com/hu/video-konvertalasa
https://solvemymedia.com/id/mengkonversi-video
https://solvemymedia.com/it/converti-video
https://solvemymedia.com/it/convertire-video
https://solvemymedia.com/ja/bideowobian-huan-suru
https://solvemymedia.com/ko/bidio-byeonhwan
https://solvemymedia.com/ms/menukar-video
https://solvemymedia.com/ms/tukar-video
https://solvemymedia.com/nl/video-converteren
https://solvemymedia.com/no/konvertere-video
https://solvemymedia.com/pl/konwertuj-wideo
https://solvemymedia.com/pt/converter-video
https://solvemymedia.com/ro/converteste-video
https://solvemymedia.com/ro/converti-video
https://solvemymedia.com/ru/konvertirovat-video
https://solvemymedia.com/sk/konvertovat-video
https://solvemymedia.com/sv/konvertera-video
https://solvemymedia.com/th/aeplngwidiio
https://solvemymedia.com/th/pli-an-wideo
https://solvemymedia.com/tr/video-donustur
https://solvemymedia.com/tr/videoyu-donustur
https://solvemymedia.com/uk/konvertuvati-video
https://solvemymedia.com/vi/chuyen-doi-video
https://solvemymedia.com/zh/zhuan-huan-shi-pin","404
200
200
200
404
200
404
200
200
404
200
200
404
200
200
404
404
404
200
200
200
404
200
200
200
200
404
200
200
200
200
404
200
200
404
200
200
404
404
200
200
200
200","More than one page is linked for the same language
Some pages don't include hreflang links to all the other pages of the group
Some pages are not returning 200 status code",3718947784658654109,40,40
21,https://solvemymedia.com/hi/viiddiyo-privrtit-kren,"वीडियो प्रारूप परिवर्तित करें - मुफ़्त ऑनलाइन वीडियो कनवर्टर - SolveMyMedia
SolveMyMedia - Free Online Media Optimization Tools",text/html; charset=utf-8,false,200,0,true,"https://solvemymedia.com/ar/thwyl-lfydyw
https://solvemymedia.com/convert-video
https://solvemymedia.com/convert-video
https://solvemymedia.com/cs/prevest-video
https://solvemymedia.com/da/konvertere-video
https://solvemymedia.com/de/video-konvertieren
https://solvemymedia.com/el/metatropi-vinteo
https://solvemymedia.com/es/convertir-video
https://solvemymedia.com/fi/muuntaa-videon
https://solvemymedia.com/fr/convertir-une-video
https://solvemymedia.com/he/lhmyr-vydv
https://solvemymedia.com/hi/viiddiyo-privrtit-kren
https://solvemymedia.com/hu/video-konvertalasa
https://solvemymedia.com/id/mengkonversi-video
https://solvemymedia.com/it/convertire-video
https://solvemymedia.com/ja/bideowobian-huan-suru
https://solvemymedia.com/ko/bidio-byeonhwan
https://solvemymedia.com/ms/menukar-video
https://solvemymedia.com/nl/video-converteren
https://solvemymedia.com/no/konvertere-video
https://solvemymedia.com/pl/konwertuj-wideo
https://solvemymedia.com/pt/converter-video
https://solvemymedia.com/ro/converti-video
https://solvemymedia.com/ru/konvertirovat-video
https://solvemymedia.com/sk/konvertovat-video
https://solvemymedia.com/sv/konvertera-video
https://solvemymedia.com/th/aeplngwidiio
https://solvemymedia.com/tr/videoyu-donustur
https://solvemymedia.com/uk/konvertuvati-video
https://solvemymedia.com/vi/chuyen-doi-video
https://solvemymedia.com/zh/zhuan-huan-shi-pin","200
200
200
200
200
200
200
200
200
200
404
200
200
200
200
200
200
200
200
200
200
200
200
200
404
200
200
200
200
200
200","Some pages don't include hreflang links to all the other pages of the group
Some pages are not returning 200 status code",4827693839827001515,26,26
21,https://solvemymedia.com/id/video-ke-audio,"Ekstrak Audio dari Video - Konverter Video ke MP3 - SolveMyMedia
SolveMyMedia - Free Online Media Optimization Tools",text/html; charset=utf-8,false,200,0,true,"https://solvemymedia.com/ar/fidyo-ila-sawt
https://solvemymedia.com/ar/lfydyw-l-lswt
https://solvemymedia.com/cs/video-na-audio
https://solvemymedia.com/cs/video-na-zvuk
https://solvemymedia.com/da/video-til-lyd
https://solvemymedia.com/de/video-zu-audio
https://solvemymedia.com/el/video-se-audio
https://solvemymedia.com/el/vinteo-se-iho
https://solvemymedia.com/es/video-a-audio
https://solvemymedia.com/fi/video-audioksi
https://solvemymedia.com/fi/videosta-aaneksi
https://solvemymedia.com/fr/video-en-audio
https://solvemymedia.com/he/video-leaudio
https://solvemymedia.com/he/vydv-lvdyv
https://solvemymedia.com/hi/video-se-audio
https://solvemymedia.com/hi/viiddiyo-se-onddiyo
https://solvemymedia.com/hu/video-hanggya
https://solvemymedia.com/hu/videorol-hangra
https://solvemymedia.com/id/video-ke-audio
https://solvemymedia.com/it/video-in-audio
https://solvemymedia.com/ja/bideokaraodeiohe
https://solvemymedia.com/ko/bidio-eseo-odio
https://solvemymedia.com/ko/bidioreul-odioro
https://solvemymedia.com/ms/video-ke-audio
https://solvemymedia.com/ms/video-kepada-audio
https://solvemymedia.com/nl/video-naar-audio
https://solvemymedia.com/no/video-til-lyd
https://solvemymedia.com/pl/wideo-do-dzwieku
https://solvemymedia.com/pl/wideo-na-audio
https://solvemymedia.com/pt/video-para-audio
https://solvemymedia.com/ro/video-in-audio
https://solvemymedia.com/ro/video-la-audio
https://solvemymedia.com/ru/video-v-audio
https://solvemymedia.com/sk/video-na-audio
https://solvemymedia.com/sk/video-na-zvuk
https://solvemymedia.com/sv/video-till-ljud
https://solvemymedia.com/th/wideo-phen-siang
https://solvemymedia.com/th/widiioepnesiiyng
https://solvemymedia.com/tr/videodan-ses
https://solvemymedia.com/tr/videodan-sese
https://solvemymedia.com/uk/video-v-audio
https://solvemymedia.com/vi/video-sang-am-thanh
https://solvemymedia.com/vi/video-thanh-am-thanh
https://solvemymedia.com/video-to-audio
https://solvemymedia.com/video-to-audio
https://solvemymedia.com/zh/shi-pin-zhuan-yin-pin","404
200
404
200
200
200
404
200
200
404
200
200
404
404
404
200
404
200
200
200
200
404
200
404
200
200
200
200
404
200
200
404
200
404
404
200
404
200
404
200
200
404
200
200
200
200","More than one page is linked for the same language
Some pages don't include hreflang links to all the other pages of the group
Some pages are not returning 200 status code",2926664764167155975,42,42
21,https://solvemymedia.com/de/audio-konvertieren,"Konvertieren Sie Audioformate – Kostenloser Online-Audiokonverter - SolveMyMedia
SolveMyMedia - Free Online Media Optimization Tools",text/html; charset=utf-8,false,200,0,true,"https://solvemymedia.com/ar/thwyl-alsawt
https://solvemymedia.com/ar/thwyl-lswt
https://solvemymedia.com/convert-audio
https://solvemymedia.com/convert-audio
https://solvemymedia.com/cs/konvertovat-audio
https://solvemymedia.com/cs/prevest-zvuk
https://solvemymedia.com/da/konverter-lyd
https://solvemymedia.com/da/konvertere-lyd
https://solvemymedia.com/de/audio-konvertieren
https://solvemymedia.com/el/metaporpe-audio
https://solvemymedia.com/el/metatropi-ihoy
https://solvemymedia.com/es/convertir-audio
https://solvemymedia.com/fi/muunna-audio
https://solvemymedia.com/fi/muuntaa-aanta
https://solvemymedia.com/fr/convertir-laudio
https://solvemymedia.com/he/hmr-audio
https://solvemymedia.com/he/lhmyr-vdyv
https://solvemymedia.com/hi/audio-convert-kare
https://solvemymedia.com/hi/onddiyo-privrtit-kren
https://solvemymedia.com/hu/hang-konvertalasa
https://solvemymedia.com/hu/hangot-konvertalni
https://solvemymedia.com/id/mengkonversi-audio
https://solvemymedia.com/it/converti-audio
https://solvemymedia.com/it/convertire-laudio
https://solvemymedia.com/ja/odeiowobian-huan-suru
https://solvemymedia.com/ko/odio-byeonhwan
https://solvemymedia.com/ms/menukar-audio
https://solvemymedia.com/ms/tukar-audio
https://solvemymedia.com/nl/audio-converteren
https://solvemymedia.com/no/konvertere-lyd
https://solvemymedia.com/pl/konwertowac-dzwiek
https://solvemymedia.com/pl/konwertuj-audio
https://solvemymedia.com/pt/converter-audio
https://solvemymedia.com/ro/converteste-audio
https://solvemymedia.com/ro/converti-audio
https://solvemymedia.com/ru/konvertirovat-audio
https://solvemymedia.com/sk/konvertovat-audio
https://solvemymedia.com/sk/konvertovat-zvuk
https://solvemymedia.com/sv/konvertera-ljud
https://solvemymedia.com/th/aeplngesiiyng
https://solvemymedia.com/th/pli-an-audio
https://solvemymedia.com/tr/ses-donustur
https://solvemymedia.com/tr/sesi-donustur
https://solvemymedia.com/uk/konvertuvati-audio
https://solvemymedia.com/vi/chuyen-doi-am-thanh
https://solvemymedia.com/zh/zhuan-huan-yin-pin","404
200
200
200
404
200
404
200
200
404
200
200
404
200
200
404
404
404
200
404
200
200
404
200
200
200
200
404
200
200
200
404
200
404
200
200
404
404
200
200
404
404
200
200
200
200","More than one page is linked for the same language
Some pages don't include hreflang links to all the other pages of the group
Some pages are not returning 200 status code",9570318248645165765,42,42
21,https://solvemymedia.com/th/sraangkif,"Video to GIF Maker - แปลงวิดีโอเป็น GIF แบบเคลื่อนไหว - SolveMyMedia
SolveMyMedia - Free Online Media Optimization Tools",text/html; charset=utf-8,false,200,0,true,"https://solvemymedia.com/ar/nsh-swr-mthrk
https://solvemymedia.com/create-gif
https://solvemymedia.com/create-gif
https://solvemymedia.com/cs/vytvorit-gif
https://solvemymedia.com/da/oprette-gif
https://solvemymedia.com/de/gif-erstellen
https://solvemymedia.com/el/dimioyrgia-gif
https://solvemymedia.com/es/crear-gif
https://solvemymedia.com/fi/luo-gif
https://solvemymedia.com/fr/creer-un-gif
https://solvemymedia.com/he/lytsvr-gif
https://solvemymedia.com/hi/gif-bnaaen
https://solvemymedia.com/hu/gif-letrehozasa
https://solvemymedia.com/id/membuat-gif
https://solvemymedia.com/it/creare-una-gif
https://solvemymedia.com/ja/gifwozuo-cheng
https://solvemymedia.com/ko/gif-mandeulgi
https://solvemymedia.com/ms/buat-gif
https://solvemymedia.com/nl/gif-maken
https://solvemymedia.com/no/lage-gif
https://solvemymedia.com/pl/utworz-gifa
https://solvemymedia.com/pt/criar-gif
https://solvemymedia.com/ro/creati-gif
https://solvemymedia.com/ru/sozdat-gifku
https://solvemymedia.com/sk/vytvorit-gif
https://solvemymedia.com/sv/skapa-gif
https://solvemymedia.com/th/sraangkif
https://solvemymedia.com/tr/gif-olustur
https://solvemymedia.com/uk/stvoriti-gif
https://solvemymedia.com/vi/tao-anh-gif
https://solvemymedia.com/zh/chuang-jian-gif","200
200
200
200
200
200
200
200
200
200
404
200
200
200
200
200
200
200
200
200
200
200
200
200
404
200
200
200
200
200
200","Some pages don't include hreflang links to all the other pages of the group
Some pages are not returning 200 status code",17321000843242609092,26,26
21,https://solvemymedia.com/fr/convertir-laudio,"Convertir les formats audio - Convertisseur audio en ligne gratuit - SolveMyMedia
SolveMyMedia - Free Online Media Optimization Tools",text/html; charset=utf-8,false,200,0,true,"https://solvemymedia.com/ar/thwyl-alsawt
https://solvemymedia.com/ar/thwyl-lswt
https://solvemymedia.com/convert-audio
https://solvemymedia.com/convert-audio
https://solvemymedia.com/cs/konvertovat-audio
https://solvemymedia.com/cs/prevest-zvuk
https://solvemymedia.com/da/konverter-lyd
https://solvemymedia.com/da/konvertere-lyd
https://solvemymedia.com/de/audio-konvertieren
https://solvemymedia.com/el/metaporpe-audio
https://solvemymedia.com/el/metatropi-ihoy
https://solvemymedia.com/es/convertir-audio
https://solvemymedia.com/fi/muunna-audio
https://solvemymedia.com/fi/muuntaa-aanta
https://solvemymedia.com/fr/convertir-laudio
https://solvemymedia.com/he/hmr-audio
https://solvemymedia.com/he/lhmyr-vdyv
https://solvemymedia.com/hi/audio-convert-kare
https://solvemymedia.com/hi/onddiyo-privrtit-kren
https://solvemymedia.com/hu/hang-konvertalasa
https://solvemymedia.com/hu/hangot-konvertalni
https://solvemymedia.com/id/mengkonversi-audio
https://solvemymedia.com/it/converti-audio
https://solvemymedia.com/it/convertire-laudio
https://solvemymedia.com/ja/odeiowobian-huan-suru
https://solvemymedia.com/ko/odio-byeonhwan
https://solvemymedia.com/ms/menukar-audio
https://solvemymedia.com/ms/tukar-audio
https://solvemymedia.com/nl/audio-converteren
https://solvemymedia.com/no/konvertere-lyd
https://solvemymedia.com/pl/konwertowac-dzwiek
https://solvemymedia.com/pl/konwertuj-audio
https://solvemymedia.com/pt/converter-audio
https://solvemymedia.com/ro/converteste-audio
https://solvemymedia.com/ro/converti-audio
https://solvemymedia.com/ru/konvertirovat-audio
https://solvemymedia.com/sk/konvertovat-audio
https://solvemymedia.com/sk/konvertovat-zvuk
https://solvemymedia.com/sv/konvertera-ljud
https://solvemymedia.com/th/aeplngesiiyng
https://solvemymedia.com/th/pli-an-audio
https://solvemymedia.com/tr/ses-donustur
https://solvemymedia.com/tr/sesi-donustur
https://solvemymedia.com/uk/konvertuvati-audio
https://solvemymedia.com/vi/chuyen-doi-am-thanh
https://solvemymedia.com/zh/zhuan-huan-yin-pin","404
200
200
200
404
200
404
200
200
404
200
200
404
200
200
404
404
404
200
404
200
200
404
200
200
200
200
404
200
200
200
404
200
404
200
200
404
404
200
200
404
404
200
200
200
200","More than one page is linked for the same language
Some pages don't include hreflang links to all the other pages of the group
Some pages are not returning 200 status code",9570318248645165765,42,42
21,https://solvemymedia.com/id/mengkonversi-audio,"Konversi Format Audio - Konverter Audio Online Gratis - SolveMyMedia
SolveMyMedia - Free Online Media Optimization Tools",text/html; charset=utf-8,false,200,0,true,"https://solvemymedia.com/ar/thwyl-alsawt
https://solvemymedia.com/ar/thwyl-lswt
https://solvemymedia.com/convert-audio
https://solvemymedia.com/convert-audio
https://solvemymedia.com/cs/konvertovat-audio
https://solvemymedia.com/cs/prevest-zvuk
https://solvemymedia.com/da/konverter-lyd
https://solvemymedia.com/da/konvertere-lyd
https://solvemymedia.com/de/audio-konvertieren
https://solvemymedia.com/el/metaporpe-audio
https://solvemymedia.com/el/metatropi-ihoy
https://solvemymedia.com/es/convertir-audio
https://solvemymedia.com/fi/muunna-audio
https://solvemymedia.com/fi/muuntaa-aanta
https://solvemymedia.com/fr/convertir-laudio
https://solvemymedia.com/he/hmr-audio
https://solvemymedia.com/he/lhmyr-vdyv
https://solvemymedia.com/hi/audio-convert-kare
https://solvemymedia.com/hi/onddiyo-privrtit-kren
https://solvemymedia.com/hu/hang-konvertalasa
https://solvemymedia.com/hu/hangot-konvertalni
https://solvemymedia.com/id/mengkonversi-audio
https://solvemymedia.com/it/converti-audio
https://solvemymedia.com/it/convertire-laudio
https://solvemymedia.com/ja/odeiowobian-huan-suru
https://solvemymedia.com/ko/odio-byeonhwan
https://solvemymedia.com/ms/menukar-audio
https://solvemymedia.com/ms/tukar-audio
https://solvemymedia.com/nl/audio-converteren
https://solvemymedia.com/no/konvertere-lyd
https://solvemymedia.com/pl/konwertowac-dzwiek
https://solvemymedia.com/pl/konwertuj-audio
https://solvemymedia.com/pt/converter-audio
https://solvemymedia.com/ro/converteste-audio
https://solvemymedia.com/ro/converti-audio
https://solvemymedia.com/ru/konvertirovat-audio
https://solvemymedia.com/sk/konvertovat-audio
https://solvemymedia.com/sk/konvertovat-zvuk
https://solvemymedia.com/sv/konvertera-ljud
https://solvemymedia.com/th/aeplngesiiyng
https://solvemymedia.com/th/pli-an-audio
https://solvemymedia.com/tr/ses-donustur
https://solvemymedia.com/tr/sesi-donustur
https://solvemymedia.com/uk/konvertuvati-audio
https://solvemymedia.com/vi/chuyen-doi-am-thanh
https://solvemymedia.com/zh/zhuan-huan-yin-pin","404
200
200
200
404
200
404
200
200
404
200
200
404
200
200
404
404
404
200
404
200
200
404
200
200
200
200
404
200
200
200
404
200
404
200
200
404
404
200
200
404
404
200
200
200
200","More than one page is linked for the same language
Some pages don't include hreflang links to all the other pages of the group
Some pages are not returning 200 status code",9570318248645165765,42,42
21,https://solvemymedia.com/no/opptaker,"Skjerm- og lydopptaker - Gratis studioopptak - SolveMyMedia
SolveMyMedia - Free Online Media Optimization Tools",text/html; charset=utf-8,false,200,0,true,"https://solvemymedia.com/ar/msjl
https://solvemymedia.com/cs/zaznamnik
https://solvemymedia.com/da/optager
https://solvemymedia.com/de/recorder
https://solvemymedia.com/el/mihanima-eggrafis
https://solvemymedia.com/es/grabadora
https://solvemymedia.com/fi/tallennin
https://solvemymedia.com/fr/enregistreur
https://solvemymedia.com/he/maqliyt
https://solvemymedia.com/hi/rikonrddr
https://solvemymedia.com/hu/felvevo
https://solvemymedia.com/id/perekam
https://solvemymedia.com/it/registratore
https://solvemymedia.com/ja/rekoda
https://solvemymedia.com/ko/giroggye
https://solvemymedia.com/ms/perakam
https://solvemymedia.com/nl/opnameapparaat
https://solvemymedia.com/no/opptaker
https://solvemymedia.com/pl/rejestrator
https://solvemymedia.com/pt/gravadora
https://solvemymedia.com/recorder
https://solvemymedia.com/recorder
https://solvemymedia.com/ro/recorder
https://solvemymedia.com/ru/diktofon
https://solvemymedia.com/sk/zaznamnik
https://solvemymedia.com/sv/inspelare
https://solvemymedia.com/th/ekhruuengbanthuek
https://solvemymedia.com/tr/kaydedici
https://solvemymedia.com/uk/diktofon
https://solvemymedia.com/vi/may-ghi-am
https://solvemymedia.com/zh/lu-yin-ji","200
200
200
200
200
200
200
200
404
200
200
200
200
200
200
200
200
200
200
200
200
200
200
200
404
200
200
200
200
200
200","Some pages don't include hreflang links to all the other pages of the group
Some pages are not returning 200 status code",774500295674417905,26,26
21,https://solvemymedia.com/hi/onddiyo-snpiiddit-kren,"ऑडियो ऑनलाइन कंप्रेस करें - मुफ़्त ऑडियो कंप्रेसर - SolveMyMedia
SolveMyMedia - Free Online Media Optimization Tools",text/html; charset=utf-8,false,200,0,true,"https://solvemymedia.com/ar/dgt-lswt
https://solvemymedia.com/compress-audio
https://solvemymedia.com/compress-audio
https://solvemymedia.com/cs/komprimovat-zvuk
https://solvemymedia.com/da/komprimere-lyd
https://solvemymedia.com/de/audio-komprimieren
https://solvemymedia.com/el/sympiesi-ihoy
https://solvemymedia.com/es/comprimir-audio
https://solvemymedia.com/fi/pakkaa-aanta
https://solvemymedia.com/fr/compresser-laudio
https://solvemymedia.com/he/ldkhvs-vdyv
https://solvemymedia.com/hi/onddiyo-snpiiddit-kren
https://solvemymedia.com/hu/tomoriti-a-hangot
https://solvemymedia.com/id/kompres-audio
https://solvemymedia.com/it/comprimere-laudio
https://solvemymedia.com/ja/odeiowoya-suo-suru
https://solvemymedia.com/ko/odio-abcug
https://solvemymedia.com/ms/memampatkan-audio
https://solvemymedia.com/nl/audio-comprimeren
https://solvemymedia.com/no/komprimere-lyd
https://solvemymedia.com/pl/kompresowac-dzwiek
https://solvemymedia.com/pt/comprimir-audio
https://solvemymedia.com/ro/comprima-audio
https://solvemymedia.com/ru/szhimat-audio
https://solvemymedia.com/sk/komprimovat-zvuk
https://solvemymedia.com/sv/komprimera-ljud
https://solvemymedia.com/th/biibadesiiyng
https://solvemymedia.com/tr/sesi-sikistir
https://solvemymedia.com/uk/stiskati-audio
https://solvemymedia.com/vi/nen-am-thanh
https://solvemymedia.com/zh/ya-suo-yin-pin","200
200
200
200
200
200
200
200
200
200
404
200
200
200
200
200
200
200
200
200
200
200
200
200
404
200
200
200
200
200
200","Some pages don't include hreflang links to all the other pages of the group
Some pages are not returning 200 status code",5785178085625259770,26,26
21,https://solvemymedia.com/es/comprimir-video,"Comprimir vídeo en línea: compresor de vídeo seguro gratuito - SolveMyMedia
SolveMyMedia - Free Online Media Optimization Tools",text/html; charset=utf-8,false,200,0,true,"https://solvemymedia.com/ar/dght-alfidyo
https://solvemymedia.com/ar/dgt-lfydyw
https://solvemymedia.com/compress-video
https://solvemymedia.com/compress-video
https://solvemymedia.com/cs/komprimovat-video
https://solvemymedia.com/da/komprimer-video
https://solvemymedia.com/da/komprimere-video
https://solvemymedia.com/de/video-komprimieren
https://solvemymedia.com/el/symnpiesost-video
https://solvemymedia.com/el/sympiesi-vinteo
https://solvemymedia.com/es/comprimir-video
https://solvemymedia.com/fi/pakkaa-video
https://solvemymedia.com/fr/compresser-la-video
https://solvemymedia.com/he/dchisot-video
https://solvemymedia.com/he/ldkhvs-vydv
https://solvemymedia.com/hi/video-compress-kare
https://solvemymedia.com/hi/viiddiyo-snpiiddit-kren
https://solvemymedia.com/hu/video-tomoritese
https://solvemymedia.com/id/kompres-video
https://solvemymedia.com/it/comprimere-il-video
https://solvemymedia.com/it/comprimi-video
https://solvemymedia.com/ja/bideowoya-suo-suru
https://solvemymedia.com/ko/bidio-abcug
https://solvemymedia.com/ko/bidio-apchuk
https://solvemymedia.com/ms/mampat-video
https://solvemymedia.com/ms/memampatkan-video
https://solvemymedia.com/nl/video-comprimeren
https://solvemymedia.com/no/komprimere-video
https://solvemymedia.com/pl/kompresowac-wideo
https://solvemymedia.com/pl/kompresuj-wideo
https://solvemymedia.com/pt/compactar-video
https://solvemymedia.com/pt/comprimir-video
https://solvemymedia.com/ro/comprima-video
https://solvemymedia.com/ru/szhat-video
https://solvemymedia.com/ru/szhimat-video
https://solvemymedia.com/sk/komprimovat-video
https://solvemymedia.com/sv/komprimera-video
https://solvemymedia.com/th/biibadwidiio
https://solvemymedia.com/th/ko-op-wideo
https://solvemymedia.com/tr/video-sikistir
https://solvemymedia.com/tr/videoyu-sikistir
https://solvemymedia.com/uk/stiskati-video
https://solvemymedia.com/uk/sty-snuti-video
https://solvemymedia.com/vi/nen-video
https://solvemymedia.com/zh/ya-suo-shi-pin","404
200
200
200
200
404
200
200
404
200
200
200
200
404
404
404
200
200
200
200
404
200
200
404
404
200
200
200
200
404
200
404
200
404
200
404
200
200
404
404
200
200
404
200
200","More than one page is linked for the same language
Some pages don't include hreflang links to all the other pages of the group
Some pages are not returning 200 status code",926993157700666916,42,42
21,https://solvemymedia.com/ru/konvertirovat-audio,"Конвертировать аудиоформаты — бесплатный онлайн-аудио конвертер - SolveMyMedia
SolveMyMedia - Free Online Media Optimization Tools",text/html; charset=utf-8,false,200,0,true,"https://solvemymedia.com/ar/thwyl-alsawt
https://solvemymedia.com/ar/thwyl-lswt
https://solvemymedia.com/convert-audio
https://solvemymedia.com/convert-audio
https://solvemymedia.com/cs/konvertovat-audio
https://solvemymedia.com/cs/prevest-zvuk
https://solvemymedia.com/da/konverter-lyd
https://solvemymedia.com/da/konvertere-lyd
https://solvemymedia.com/de/audio-konvertieren
https://solvemymedia.com/el/metaporpe-audio
https://solvemymedia.com/el/metatropi-ihoy
https://solvemymedia.com/es/convertir-audio
https://solvemymedia.com/fi/muunna-audio
https://solvemymedia.com/fi/muuntaa-aanta
https://solvemymedia.com/fr/convertir-laudio
https://solvemymedia.com/he/hmr-audio
https://solvemymedia.com/he/lhmyr-vdyv
https://solvemymedia.com/hi/audio-convert-kare
https://solvemymedia.com/hi/onddiyo-privrtit-kren
https://solvemymedia.com/hu/hang-konvertalasa
https://solvemymedia.com/hu/hangot-konvertalni
https://solvemymedia.com/id/mengkonversi-audio
https://solvemymedia.com/it/converti-audio
https://solvemymedia.com/it/convertire-laudio
https://solvemymedia.com/ja/odeiowobian-huan-suru
https://solvemymedia.com/ko/odio-byeonhwan
https://solvemymedia.com/ms/menukar-audio
https://solvemymedia.com/ms/tukar-audio
https://solvemymedia.com/nl/audio-converteren
https://solvemymedia.com/no/konvertere-lyd
https://solvemymedia.com/pl/konwertowac-dzwiek
https://solvemymedia.com/pl/konwertuj-audio
https://solvemymedia.com/pt/converter-audio
https://solvemymedia.com/ro/converteste-audio
https://solvemymedia.com/ro/converti-audio
https://solvemymedia.com/ru/konvertirovat-audio
https://solvemymedia.com/sk/konvertovat-audio
https://solvemymedia.com/sk/konvertovat-zvuk
https://solvemymedia.com/sv/konvertera-ljud
https://solvemymedia.com/th/aeplngesiiyng
https://solvemymedia.com/th/pli-an-audio
https://solvemymedia.com/tr/ses-donustur
https://solvemymedia.com/tr/sesi-donustur
https://solvemymedia.com/uk/konvertuvati-audio
https://solvemymedia.com/vi/chuyen-doi-am-thanh
https://solvemymedia.com/zh/zhuan-huan-yin-pin","404
200
200
200
404
200
404
200
200
404
200
200
404
200
200
404
404
404
200
404
200
200
404
200
200
200
200
404
200
200
200
404
200
404
200
200
404
404
200
200
404
404
200
200
200
200","More than one page is linked for the same language
Some pages don't include hreflang links to all the other pages of the group
Some pages are not returning 200 status code",9570318248645165765,42,42
21,https://solvemymedia.com/hu/felvevo,"Képernyő- és hangrögzítő – Ingyenes stúdiófelvétel - SolveMyMedia
SolveMyMedia - Free Online Media Optimization Tools",text/html; charset=utf-8,false,200,0,true,"https://solvemymedia.com/ar/msjl
https://solvemymedia.com/cs/zaznamnik
https://solvemymedia.com/da/optager
https://solvemymedia.com/de/recorder
https://solvemymedia.com/el/mihanima-eggrafis
https://solvemymedia.com/es/grabadora
https://solvemymedia.com/fi/tallennin
https://solvemymedia.com/fr/enregistreur
https://solvemymedia.com/he/maqliyt
https://solvemymedia.com/hi/rikonrddr
https://solvemymedia.com/hu/felvevo
https://solvemymedia.com/id/perekam
https://solvemymedia.com/it/registratore
https://solvemymedia.com/ja/rekoda
https://solvemymedia.com/ko/giroggye
https://solvemymedia.com/ms/perakam
https://solvemymedia.com/nl/opnameapparaat
https://solvemymedia.com/no/opptaker
https://solvemymedia.com/pl/rejestrator
https://solvemymedia.com/pt/gravadora
https://solvemymedia.com/recorder
https://solvemymedia.com/recorder
https://solvemymedia.com/ro/recorder
https://solvemymedia.com/ru/diktofon
https://solvemymedia.com/sk/zaznamnik
https://solvemymedia.com/sv/inspelare
https://solvemymedia.com/th/ekhruuengbanthuek
https://solvemymedia.com/tr/kaydedici
https://solvemymedia.com/uk/diktofon
https://solvemymedia.com/vi/may-ghi-am
https://solvemymedia.com/zh/lu-yin-ji","200
200
200
200
200
200
200
200
404
200
200
200
200
200
200
200
200
200
200
200
200
200
200
200
404
200
200
200
200
200
200","Some pages don't include hreflang links to all the other pages of the group
Some pages are not returning 200 status code",774500295674417905,26,26
21,https://solvemymedia.com/th/biibadesiiyng,"บีบอัดเสียงออนไลน์ - บีบอัดเสียงฟรี - SolveMyMedia
SolveMyMedia - Free Online Media Optimization Tools",text/html; charset=utf-8,false,200,0,true,"https://solvemymedia.com/ar/dgt-lswt
https://solvemymedia.com/compress-audio
https://solvemymedia.com/compress-audio
https://solvemymedia.com/cs/komprimovat-zvuk
https://solvemymedia.com/da/komprimere-lyd
https://solvemymedia.com/de/audio-komprimieren
https://solvemymedia.com/el/sympiesi-ihoy
https://solvemymedia.com/es/comprimir-audio
https://solvemymedia.com/fi/pakkaa-aanta
https://solvemymedia.com/fr/compresser-laudio
https://solvemymedia.com/he/ldkhvs-vdyv
https://solvemymedia.com/hi/onddiyo-snpiiddit-kren
https://solvemymedia.com/hu/tomoriti-a-hangot
https://solvemymedia.com/id/kompres-audio
https://solvemymedia.com/it/comprimere-laudio
https://solvemymedia.com/ja/odeiowoya-suo-suru
https://solvemymedia.com/ko/odio-abcug
https://solvemymedia.com/ms/memampatkan-audio
https://solvemymedia.com/nl/audio-comprimeren
https://solvemymedia.com/no/komprimere-lyd
https://solvemymedia.com/pl/kompresowac-dzwiek
https://solvemymedia.com/pt/comprimir-audio
https://solvemymedia.com/ro/comprima-audio
https://solvemymedia.com/ru/szhimat-audio
https://solvemymedia.com/sk/komprimovat-zvuk
https://solvemymedia.com/sv/komprimera-ljud
https://solvemymedia.com/th/biibadesiiyng
https://solvemymedia.com/tr/sesi-sikistir
https://solvemymedia.com/uk/stiskati-audio
https://solvemymedia.com/vi/nen-am-thanh
https://solvemymedia.com/zh/ya-suo-yin-pin","200
200
200
200
200
200
200
200
200
200
404
200
200
200
200
200
200
200
200
200
200
200
200
200
404
200
200
200
200
200
200","Some pages don't include hreflang links to all the other pages of the group
Some pages are not returning 200 status code",5785178085625259770,26,26
21,https://solvemymedia.com/sv/inspelare,"Skärm- och ljudinspelare - Gratis studioinspelning - SolveMyMedia
SolveMyMedia - Free Online Media Optimization Tools",text/html; charset=utf-8,false,200,0,true,"https://solvemymedia.com/ar/msjl
https://solvemymedia.com/cs/zaznamnik
https://solvemymedia.com/da/optager
https://solvemymedia.com/de/recorder
https://solvemymedia.com/el/mihanima-eggrafis
https://solvemymedia.com/es/grabadora
https://solvemymedia.com/fi/tallennin
https://solvemymedia.com/fr/enregistreur
https://solvemymedia.com/he/maqliyt
https://solvemymedia.com/hi/rikonrddr
https://solvemymedia.com/hu/felvevo
https://solvemymedia.com/id/perekam
https://solvemymedia.com/it/registratore
https://solvemymedia.com/ja/rekoda
https://solvemymedia.com/ko/giroggye
https://solvemymedia.com/ms/perakam
https://solvemymedia.com/nl/opnameapparaat
https://solvemymedia.com/no/opptaker
https://solvemymedia.com/pl/rejestrator
https://solvemymedia.com/pt/gravadora
https://solvemymedia.com/recorder
https://solvemymedia.com/recorder
https://solvemymedia.com/ro/recorder
https://solvemymedia.com/ru/diktofon
https://solvemymedia.com/sk/zaznamnik
https://solvemymedia.com/sv/inspelare
https://solvemymedia.com/th/ekhruuengbanthuek
https://solvemymedia.com/tr/kaydedici
https://solvemymedia.com/uk/diktofon
https://solvemymedia.com/vi/may-ghi-am
https://solvemymedia.com/zh/lu-yin-ji","200
200
200
200
200
200
200
200
404
200
200
200
200
200
200
200
200
200
200
200
200
200
200
200
404
200
200
200
200
200
200","Some pages don't include hreflang links to all the other pages of the group
Some pages are not returning 200 status code",774500295674417905,26,26
21,https://solvemymedia.com/ru/perepisyvat,"Транскрипция аудио и видео — преобразование речи AI в текст - SolveMyMedia
SolveMyMedia - Free Online Media Optimization Tools",text/html; charset=utf-8,false,200,0,true,"https://solvemymedia.com/ar/nskh
https://solvemymedia.com/cs/prepsat
https://solvemymedia.com/da/transskribere
https://solvemymedia.com/de/transkribieren
https://solvemymedia.com/el/antigrafo
https://solvemymedia.com/es/transcribir
https://solvemymedia.com/fi/litteroida
https://solvemymedia.com/fr/transcrire
https://solvemymedia.com/he/ltaateq
https://solvemymedia.com/hi/ttaaip-krnaa
https://solvemymedia.com/hu/lemasol
https://solvemymedia.com/id/menuliskan
https://solvemymedia.com/it/trascrivere
https://solvemymedia.com/ja/zhuan-xie-suru
https://solvemymedia.com/ko/gocyeo-sseuda
https://solvemymedia.com/ms/transkripsi
https://solvemymedia.com/nl/transcriberen
https://solvemymedia.com/no/transkribere
https://solvemymedia.com/pl/rozpisac
https://solvemymedia.com/pt/transcrever
https://solvemymedia.com/ro/transcrie
https://solvemymedia.com/ru/perepisyvat
https://solvemymedia.com/sk/prepisovat
https://solvemymedia.com/sv/transkribera
https://solvemymedia.com/th/thdesiiyng
https://solvemymedia.com/tr/uyarlamak
https://solvemymedia.com/transcribe
https://solvemymedia.com/transcribe
https://solvemymedia.com/uk/transkribuvati
https://solvemymedia.com/vi/chep-lai
https://solvemymedia.com/zh/lu-zhi","200
200
200
200
200
200
200
200
404
200
200
200
200
200
200
200
200
200
200
200
200
200
404
200
200
200
200
200
200
200
200","Some pages don't include hreflang links to all the other pages of the group
Some pages are not returning 200 status code",1124245034427686738,26,26
21,https://solvemymedia.com/uk/stiskati-audio,"Compress Audio Online - безкоштовний аудіокомпресор - SolveMyMedia
SolveMyMedia - Free Online Media Optimization Tools",text/html; charset=utf-8,false,200,0,true,"https://solvemymedia.com/ar/dgt-lswt
https://solvemymedia.com/compress-audio
https://solvemymedia.com/compress-audio
https://solvemymedia.com/cs/komprimovat-zvuk
https://solvemymedia.com/da/komprimere-lyd
https://solvemymedia.com/de/audio-komprimieren
https://solvemymedia.com/el/sympiesi-ihoy
https://solvemymedia.com/es/comprimir-audio
https://solvemymedia.com/fi/pakkaa-aanta
https://solvemymedia.com/fr/compresser-laudio
https://solvemymedia.com/he/ldkhvs-vdyv
https://solvemymedia.com/hi/onddiyo-snpiiddit-kren
https://solvemymedia.com/hu/tomoriti-a-hangot
https://solvemymedia.com/id/kompres-audio
https://solvemymedia.com/it/comprimere-laudio
https://solvemymedia.com/ja/odeiowoya-suo-suru
https://solvemymedia.com/ko/odio-abcug
https://solvemymedia.com/ms/memampatkan-audio
https://solvemymedia.com/nl/audio-comprimeren
https://solvemymedia.com/no/komprimere-lyd
https://solvemymedia.com/pl/kompresowac-dzwiek
https://solvemymedia.com/pt/comprimir-audio
https://solvemymedia.com/ro/comprima-audio
https://solvemymedia.com/ru/szhimat-audio
https://solvemymedia.com/sk/komprimovat-zvuk
https://solvemymedia.com/sv/komprimera-ljud
https://solvemymedia.com/th/biibadesiiyng
https://solvemymedia.com/tr/sesi-sikistir
https://solvemymedia.com/uk/stiskati-audio
https://solvemymedia.com/vi/nen-am-thanh
https://solvemymedia.com/zh/ya-suo-yin-pin","200
200
200
200
200
200
200
200
200
200
404
200
200
200
200
200
200
200
200
200
200
200
200
200
404
200
200
200
200
200
200","Some pages don't include hreflang links to all the other pages of the group
Some pages are not returning 200 status code",5785178085625259770,26,26
21,https://solvemymedia.com/it/comprimere-laudio,"Comprimi audio online: compressore audio gratuito - SolveMyMedia
SolveMyMedia - Free Online Media Optimization Tools",text/html; charset=utf-8,false,200,0,true,"https://solvemymedia.com/ar/dgt-lswt
https://solvemymedia.com/compress-audio
https://solvemymedia.com/compress-audio
https://solvemymedia.com/cs/komprimovat-zvuk
https://solvemymedia.com/da/komprimere-lyd
https://solvemymedia.com/de/audio-komprimieren
https://solvemymedia.com/el/sympiesi-ihoy
https://solvemymedia.com/es/comprimir-audio
https://solvemymedia.com/fi/pakkaa-aanta
https://solvemymedia.com/fr/compresser-laudio
https://solvemymedia.com/he/ldkhvs-vdyv
https://solvemymedia.com/hi/onddiyo-snpiiddit-kren
https://solvemymedia.com/hu/tomoriti-a-hangot
https://solvemymedia.com/id/kompres-audio
https://solvemymedia.com/it/comprimere-laudio
https://solvemymedia.com/ja/odeiowoya-suo-suru
https://solvemymedia.com/ko/odio-abcug
https://solvemymedia.com/ms/memampatkan-audio
https://solvemymedia.com/nl/audio-comprimeren
https://solvemymedia.com/no/komprimere-lyd
https://solvemymedia.com/pl/kompresowac-dzwiek
https://solvemymedia.com/pt/comprimir-audio
https://solvemymedia.com/ro/comprima-audio
https://solvemymedia.com/ru/szhimat-audio
https://solvemymedia.com/sk/komprimovat-zvuk
https://solvemymedia.com/sv/komprimera-ljud
https://solvemymedia.com/th/biibadesiiyng
https://solvemymedia.com/tr/sesi-sikistir
https://solvemymedia.com/uk/stiskati-audio
https://solvemymedia.com/vi/nen-am-thanh
https://solvemymedia.com/zh/ya-suo-yin-pin","200
200
200
200
200
200
200
200
200
200
404
200
200
200
200
200
200
200
200
200
200
200
200
200
404
200
200
200
200
200
200","Some pages don't include hreflang links to all the other pages of the group
Some pages are not returning 200 status code",5785178085625259770,26,26
21,https://solvemymedia.com/ko/gocyeo-sseuda,"오디오 및 비디오 전사 - AI 음성을 텍스트로 변환 - SolveMyMedia
SolveMyMedia - Free Online Media Optimization Tools",text/html; charset=utf-8,false,200,0,true,"https://solvemymedia.com/ar/nskh
https://solvemymedia.com/cs/prepsat
https://solvemymedia.com/da/transskribere
https://solvemymedia.com/de/transkribieren
https://solvemymedia.com/el/antigrafo
https://solvemymedia.com/es/transcribir
https://solvemymedia.com/fi/litteroida
https://solvemymedia.com/fr/transcrire
https://solvemymedia.com/he/ltaateq
https://solvemymedia.com/hi/ttaaip-krnaa
https://solvemymedia.com/hu/lemasol
https://solvemymedia.com/id/menuliskan
https://solvemymedia.com/it/trascrivere
https://solvemymedia.com/ja/zhuan-xie-suru
https://solvemymedia.com/ko/gocyeo-sseuda
https://solvemymedia.com/ms/transkripsi
https://solvemymedia.com/nl/transcriberen
https://solvemymedia.com/no/transkribere
https://solvemymedia.com/pl/rozpisac
https://solvemymedia.com/pt/transcrever
https://solvemymedia.com/ro/transcrie
https://solvemymedia.com/ru/perepisyvat
https://solvemymedia.com/sk/prepisovat
https://solvemymedia.com/sv/transkribera
https://solvemymedia.com/th/thdesiiyng
https://solvemymedia.com/tr/uyarlamak
https://solvemymedia.com/transcribe
https://solvemymedia.com/transcribe
https://solvemymedia.com/uk/transkribuvati
https://solvemymedia.com/vi/chep-lai
https://solvemymedia.com/zh/lu-zhi","200
200
200
200
200
200
200
200
404
200
200
200
200
200
200
200
200
200
200
200
200
200
404
200
200
200
200
200
200
200
200","Some pages don't include hreflang links to all the other pages of the group
Some pages are not returning 200 status code",1124245034427686738,26,26
21,https://solvemymedia.com/pt/gravadora,"Gravador de tela e áudio - gravação gratuita em estúdio - SolveMyMedia
SolveMyMedia - Free Online Media Optimization Tools",text/html; charset=utf-8,false,200,0,true,"https://solvemymedia.com/ar/msjl
https://solvemymedia.com/cs/zaznamnik
https://solvemymedia.com/da/optager
https://solvemymedia.com/de/recorder
https://solvemymedia.com/el/mihanima-eggrafis
https://solvemymedia.com/es/grabadora
https://solvemymedia.com/fi/tallennin
https://solvemymedia.com/fr/enregistreur
https://solvemymedia.com/he/maqliyt
https://solvemymedia.com/hi/rikonrddr
https://solvemymedia.com/hu/felvevo
https://solvemymedia.com/id/perekam
https://solvemymedia.com/it/registratore
https://solvemymedia.com/ja/rekoda
https://solvemymedia.com/ko/giroggye
https://solvemymedia.com/ms/perakam
https://solvemymedia.com/nl/opnameapparaat
https://solvemymedia.com/no/opptaker
https://solvemymedia.com/pl/rejestrator
https://solvemymedia.com/pt/gravadora
https://solvemymedia.com/recorder
https://solvemymedia.com/recorder
https://solvemymedia.com/ro/recorder
https://solvemymedia.com/ru/diktofon
https://solvemymedia.com/sk/zaznamnik
https://solvemymedia.com/sv/inspelare
https://solvemymedia.com/th/ekhruuengbanthuek
https://solvemymedia.com/tr/kaydedici
https://solvemymedia.com/uk/diktofon
https://solvemymedia.com/vi/may-ghi-am
https://solvemymedia.com/zh/lu-yin-ji","200
200
200
200
200
200
200
200
404
200
200
200
200
200
200
200
200
200
200
200
200
200
200
200
404
200
200
200
200
200
200","Some pages don't include hreflang links to all the other pages of the group
Some pages are not returning 200 status code",774500295674417905,26,26
21,https://solvemymedia.com/th/ekhruuengbanthuek,"เครื่องบันทึกหน้าจอและเสียง - บันทึกสตูดิโอฟรี - SolveMyMedia
SolveMyMedia - Free Online Media Optimization Tools",text/html; charset=utf-8,false,200,0,true,"https://solvemymedia.com/ar/msjl
https://solvemymedia.com/cs/zaznamnik
https://solvemymedia.com/da/optager
https://solvemymedia.com/de/recorder
https://solvemymedia.com/el/mihanima-eggrafis
https://solvemymedia.com/es/grabadora
https://solvemymedia.com/fi/tallennin
https://solvemymedia.com/fr/enregistreur
https://solvemymedia.com/he/maqliyt
https://solvemymedia.com/hi/rikonrddr
https://solvemymedia.com/hu/felvevo
https://solvemymedia.com/id/perekam
https://solvemymedia.com/it/registratore
https://solvemymedia.com/ja/rekoda
https://solvemymedia.com/ko/giroggye
https://solvemymedia.com/ms/perakam
https://solvemymedia.com/nl/opnameapparaat
https://solvemymedia.com/no/opptaker
https://solvemymedia.com/pl/rejestrator
https://solvemymedia.com/pt/gravadora
https://solvemymedia.com/recorder
https://solvemymedia.com/recorder
https://solvemymedia.com/ro/recorder
https://solvemymedia.com/ru/diktofon
https://solvemymedia.com/sk/zaznamnik
https://solvemymedia.com/sv/inspelare
https://solvemymedia.com/th/ekhruuengbanthuek
https://solvemymedia.com/tr/kaydedici
https://solvemymedia.com/uk/diktofon
https://solvemymedia.com/vi/may-ghi-am
https://solvemymedia.com/zh/lu-yin-ji","200
200
200
200
200
200
200
200
404
200
200
200
200
200
200
200
200
200
200
200
200
200
200
200
404
200
200
200
200
200
200","Some pages don't include hreflang links to all the other pages of the group
Some pages are not returning 200 status code",774500295674417905,26,26
21,https://solvemymedia.com/hu/hangot-konvertalni,"Hangformátumok konvertálása - Ingyenes online audio konverter - SolveMyMedia
SolveMyMedia - Free Online Media Optimization Tools",text/html; charset=utf-8,false,200,0,true,"https://solvemymedia.com/ar/thwyl-lswt
https://solvemymedia.com/convert-audio
https://solvemymedia.com/convert-audio
https://solvemymedia.com/cs/prevest-zvuk
https://solvemymedia.com/da/konvertere-lyd
https://solvemymedia.com/de/audio-konvertieren
https://solvemymedia.com/el/metatropi-ihoy
https://solvemymedia.com/es/convertir-audio
https://solvemymedia.com/fi/muuntaa-aanta
https://solvemymedia.com/fr/convertir-laudio
https://solvemymedia.com/he/lhmyr-vdyv
https://solvemymedia.com/hi/onddiyo-privrtit-kren
https://solvemymedia.com/hu/hangot-konvertalni
https://solvemymedia.com/id/mengkonversi-audio
https://solvemymedia.com/it/convertire-laudio
https://solvemymedia.com/ja/odeiowobian-huan-suru
https://solvemymedia.com/ko/odio-byeonhwan
https://solvemymedia.com/ms/menukar-audio
https://solvemymedia.com/nl/audio-converteren
https://solvemymedia.com/no/konvertere-lyd
https://solvemymedia.com/pl/konwertowac-dzwiek
https://solvemymedia.com/pt/converter-audio
https://solvemymedia.com/ro/converti-audio
https://solvemymedia.com/ru/konvertirovat-audio
https://solvemymedia.com/sk/konvertovat-zvuk
https://solvemymedia.com/sv/konvertera-ljud
https://solvemymedia.com/th/aeplngesiiyng
https://solvemymedia.com/tr/sesi-donustur
https://solvemymedia.com/uk/konvertuvati-audio
https://solvemymedia.com/vi/chuyen-doi-am-thanh
https://solvemymedia.com/zh/zhuan-huan-yin-pin","200
200
200
200
200
200
200
200
200
200
404
200
200
200
200
200
200
200
200
200
200
200
200
200
404
200
200
200
200
200
200","Some pages don't include hreflang links to all the other pages of the group
Some pages are not returning 200 status code",17243122406961147091,26,26
21,https://solvemymedia.com/el/vinteo-se-iho,"Εξαγωγή ήχου από βίντεο - Μετατροπέας βίντεο σε MP3 - SolveMyMedia
SolveMyMedia - Free Online Media Optimization Tools",text/html; charset=utf-8,false,200,0,true,"https://solvemymedia.com/ar/lfydyw-l-lswt
https://solvemymedia.com/cs/video-na-zvuk
https://solvemymedia.com/da/video-til-lyd
https://solvemymedia.com/de/video-zu-audio
https://solvemymedia.com/el/vinteo-se-iho
https://solvemymedia.com/es/video-a-audio
https://solvemymedia.com/fi/videosta-aaneksi
https://solvemymedia.com/fr/video-en-audio
https://solvemymedia.com/he/vydv-lvdyv
https://solvemymedia.com/hi/viiddiyo-se-onddiyo
https://solvemymedia.com/hu/videorol-hangra
https://solvemymedia.com/id/video-ke-audio
https://solvemymedia.com/it/video-in-audio
https://solvemymedia.com/ja/bideokaraodeiohe
https://solvemymedia.com/ko/bidioreul-odioro
https://solvemymedia.com/ms/video-kepada-audio
https://solvemymedia.com/nl/video-naar-audio
https://solvemymedia.com/no/video-til-lyd
https://solvemymedia.com/pl/wideo-do-dzwieku
https://solvemymedia.com/pt/video-para-audio
https://solvemymedia.com/ro/video-in-audio
https://solvemymedia.com/ru/video-v-audio
https://solvemymedia.com/sk/video-na-zvuk
https://solvemymedia.com/sv/video-till-ljud
https://solvemymedia.com/th/widiioepnesiiyng
https://solvemymedia.com/tr/videodan-sese
https://solvemymedia.com/uk/video-v-audio
https://solvemymedia.com/vi/video-thanh-am-thanh
https://solvemymedia.com/video-to-audio
https://solvemymedia.com/video-to-audio
https://solvemymedia.com/zh/shi-pin-zhuan-yin-pin","200
200
200
200
200
200
200
200
404
200
200
200
200
200
200
200
200
200
200
200
200
200
404
200
200
200
200
200
200
200
200","Some pages don't include hreflang links to all the other pages of the group
Some pages are not returning 200 status code",2926664764167155975,26,26
21,https://solvemymedia.com/nl/video-comprimeren,"Video online comprimeren - Gratis veilige videocompressor - SolveMyMedia
SolveMyMedia - Free Online Media Optimization Tools",text/html; charset=utf-8,false,200,0,true,"https://solvemymedia.com/ar/dght-alfidyo
https://solvemymedia.com/ar/dgt-lfydyw
https://solvemymedia.com/compress-video
https://solvemymedia.com/compress-video
https://solvemymedia.com/cs/komprimovat-video
https://solvemymedia.com/da/komprimer-video
https://solvemymedia.com/da/komprimere-video
https://solvemymedia.com/de/video-komprimieren
https://solvemymedia.com/el/symnpiesost-video
https://solvemymedia.com/el/sympiesi-vinteo
https://solvemymedia.com/es/comprimir-video
https://solvemymedia.com/fi/pakkaa-video
https://solvemymedia.com/fr/compresser-la-video
https://solvemymedia.com/he/dchisot-video
https://solvemymedia.com/he/ldkhvs-vydv
https://solvemymedia.com/hi/video-compress-kare
https://solvemymedia.com/hi/viiddiyo-snpiiddit-kren
https://solvemymedia.com/hu/video-tomoritese
https://solvemymedia.com/id/kompres-video
https://solvemymedia.com/it/comprimere-il-video
https://solvemymedia.com/it/comprimi-video
https://solvemymedia.com/ja/bideowoya-suo-suru
https://solvemymedia.com/ko/bidio-abcug
https://solvemymedia.com/ko/bidio-apchuk
https://solvemymedia.com/ms/mampat-video
https://solvemymedia.com/ms/memampatkan-video
https://solvemymedia.com/nl/video-comprimeren
https://solvemymedia.com/no/komprimere-video
https://solvemymedia.com/pl/kompresowac-wideo
https://solvemymedia.com/pl/kompresuj-wideo
https://solvemymedia.com/pt/compactar-video
https://solvemymedia.com/pt/comprimir-video
https://solvemymedia.com/ro/comprima-video
https://solvemymedia.com/ru/szhat-video
https://solvemymedia.com/ru/szhimat-video
https://solvemymedia.com/sk/komprimovat-video
https://solvemymedia.com/sv/komprimera-video
https://solvemymedia.com/th/biibadwidiio
https://solvemymedia.com/th/ko-op-wideo
https://solvemymedia.com/tr/video-sikistir
https://solvemymedia.com/tr/videoyu-sikistir
https://solvemymedia.com/uk/stiskati-video
https://solvemymedia.com/uk/sty-snuti-video
https://solvemymedia.com/vi/nen-video
https://solvemymedia.com/zh/ya-suo-shi-pin","404
200
200
200
200
404
200
200
404
200
200
200
200
404
404
404
200
200
200
200
404
200
200
404
404
200
200
200
200
404
200
404
200
404
200
404
200
200
404
404
200
200
404
200
200","More than one page is linked for the same language
Some pages don't include hreflang links to all the other pages of the group
Some pages are not returning 200 status code",926993157700666916,42,42
21,https://solvemymedia.com/hu/videorol-hangra,"Hang kivonása a videóból - Video MP3 konverter - SolveMyMedia
SolveMyMedia - Free Online Media Optimization Tools",text/html; charset=utf-8,false,200,0,true,"https://solvemymedia.com/ar/lfydyw-l-lswt
https://solvemymedia.com/cs/video-na-zvuk
https://solvemymedia.com/da/video-til-lyd
https://solvemymedia.com/de/video-zu-audio
https://solvemymedia.com/el/vinteo-se-iho
https://solvemymedia.com/es/video-a-audio
https://solvemymedia.com/fi/videosta-aaneksi
https://solvemymedia.com/fr/video-en-audio
https://solvemymedia.com/he/vydv-lvdyv
https://solvemymedia.com/hi/viiddiyo-se-onddiyo
https://solvemymedia.com/hu/videorol-hangra
https://solvemymedia.com/id/video-ke-audio
https://solvemymedia.com/it/video-in-audio
https://solvemymedia.com/ja/bideokaraodeiohe
https://solvemymedia.com/ko/bidioreul-odioro
https://solvemymedia.com/ms/video-kepada-audio
https://solvemymedia.com/nl/video-naar-audio
https://solvemymedia.com/no/video-til-lyd
https://solvemymedia.com/pl/wideo-do-dzwieku
https://solvemymedia.com/pt/video-para-audio
https://solvemymedia.com/ro/video-in-audio
https://solvemymedia.com/ru/video-v-audio
https://solvemymedia.com/sk/video-na-zvuk
https://solvemymedia.com/sv/video-till-ljud
https://solvemymedia.com/th/widiioepnesiiyng
https://solvemymedia.com/tr/videodan-sese
https://solvemymedia.com/uk/video-v-audio
https://solvemymedia.com/vi/video-thanh-am-thanh
https://solvemymedia.com/video-to-audio
https://solvemymedia.com/video-to-audio
https://solvemymedia.com/zh/shi-pin-zhuan-yin-pin","200
200
200
200
200
200
200
200
404
200
200
200
200
200
200
200
200
200
200
200
200
200
404
200
200
200
200
200
200
200
200","Some pages don't include hreflang links to all the other pages of the group
Some pages are not returning 200 status code",2926664764167155975,26,26
21,https://solvemymedia.com/ro/converti-audio,"Convertiți formate audio - Convertor audio online gratuit - SolveMyMedia
SolveMyMedia - Free Online Media Optimization Tools",text/html; charset=utf-8,false,200,0,true,"https://solvemymedia.com/ar/thwyl-lswt
https://solvemymedia.com/convert-audio
https://solvemymedia.com/convert-audio
https://solvemymedia.com/cs/prevest-zvuk
https://solvemymedia.com/da/konvertere-lyd
https://solvemymedia.com/de/audio-konvertieren
https://solvemymedia.com/el/metatropi-ihoy
https://solvemymedia.com/es/convertir-audio
https://solvemymedia.com/fi/muuntaa-aanta
https://solvemymedia.com/fr/convertir-laudio
https://solvemymedia.com/he/lhmyr-vdyv
https://solvemymedia.com/hi/onddiyo-privrtit-kren
https://solvemymedia.com/hu/hangot-konvertalni
https://solvemymedia.com/id/mengkonversi-audio
https://solvemymedia.com/it/convertire-laudio
https://solvemymedia.com/ja/odeiowobian-huan-suru
https://solvemymedia.com/ko/odio-byeonhwan
https://solvemymedia.com/ms/menukar-audio
https://solvemymedia.com/nl/audio-converteren
https://solvemymedia.com/no/konvertere-lyd
https://solvemymedia.com/pl/konwertowac-dzwiek
https://solvemymedia.com/pt/converter-audio
https://solvemymedia.com/ro/converti-audio
https://solvemymedia.com/ru/konvertirovat-audio
https://solvemymedia.com/sk/konvertovat-zvuk
https://solvemymedia.com/sv/konvertera-ljud
https://solvemymedia.com/th/aeplngesiiyng
https://solvemymedia.com/tr/sesi-donustur
https://solvemymedia.com/uk/konvertuvati-audio
https://solvemymedia.com/vi/chuyen-doi-am-thanh
https://solvemymedia.com/zh/zhuan-huan-yin-pin","200
200
200
200
200
200
200
200
200
200
404
200
200
200
200
200
200
200
200
200
200
200
200
200
404
200
200
200
200
200
200","Some pages don't include hreflang links to all the other pages of the group
Some pages are not returning 200 status code",17243122406961147091,26,26
21,https://solvemymedia.com/pl/konwertuj-wideo,"Konwertuj formaty wideo — bezpłatny konwerter wideo online - SolveMyMedia
SolveMyMedia - Free Online Media Optimization Tools",text/html; charset=utf-8,false,200,0,true,"https://solvemymedia.com/ar/thwyl-alfidyo
https://solvemymedia.com/ar/thwyl-lfydyw
https://solvemymedia.com/convert-video
https://solvemymedia.com/convert-video
https://solvemymedia.com/cs/konvertovat-video
https://solvemymedia.com/cs/prevest-video
https://solvemymedia.com/da/konverter-video
https://solvemymedia.com/da/konvertere-video
https://solvemymedia.com/de/video-konvertieren
https://solvemymedia.com/el/metaporpe-video
https://solvemymedia.com/el/metatropi-vinteo
https://solvemymedia.com/es/convertir-video
https://solvemymedia.com/fi/muunna-video
https://solvemymedia.com/fi/muuntaa-videon
https://solvemymedia.com/fr/convertir-une-video
https://solvemymedia.com/he/hmr-video
https://solvemymedia.com/he/lhmyr-vydv
https://solvemymedia.com/hi/video-convert-kare
https://solvemymedia.com/hi/viiddiyo-privrtit-kren
https://solvemymedia.com/hu/video-konvertalasa
https://solvemymedia.com/id/mengkonversi-video
https://solvemymedia.com/it/converti-video
https://solvemymedia.com/it/convertire-video
https://solvemymedia.com/ja/bideowobian-huan-suru
https://solvemymedia.com/ko/bidio-byeonhwan
https://solvemymedia.com/ms/menukar-video
https://solvemymedia.com/ms/tukar-video
https://solvemymedia.com/nl/video-converteren
https://solvemymedia.com/no/konvertere-video
https://solvemymedia.com/pl/konwertuj-wideo
https://solvemymedia.com/pt/converter-video
https://solvemymedia.com/ro/converteste-video
https://solvemymedia.com/ro/converti-video
https://solvemymedia.com/ru/konvertirovat-video
https://solvemymedia.com/sk/konvertovat-video
https://solvemymedia.com/sv/konvertera-video
https://solvemymedia.com/th/aeplngwidiio
https://solvemymedia.com/th/pli-an-wideo
https://solvemymedia.com/tr/video-donustur
https://solvemymedia.com/tr/videoyu-donustur
https://solvemymedia.com/uk/konvertuvati-video
https://solvemymedia.com/vi/chuyen-doi-video
https://solvemymedia.com/zh/zhuan-huan-shi-pin","404
200
200
200
404
200
404
200
200
404
200
200
404
200
200
404
404
404
200
200
200
404
200
200
200
200
404
200
200
200
200
404
200
200
404
200
200
404
404
200
200
200
200","More than one page is linked for the same language
Some pages don't include hreflang links to all the other pages of the group
Some pages are not returning 200 status code",3718947784658654109,40,40
21,https://solvemymedia.com/ko/odio-byeonhwan,"오디오 형식 변환 - 무료 온라인 오디오 변환기 - SolveMyMedia
SolveMyMedia - Free Online Media Optimization Tools",text/html; charset=utf-8,false,200,0,true,"https://solvemymedia.com/ar/thwyl-alsawt
https://solvemymedia.com/ar/thwyl-lswt
https://solvemymedia.com/convert-audio
https://solvemymedia.com/convert-audio
https://solvemymedia.com/cs/konvertovat-audio
https://solvemymedia.com/cs/prevest-zvuk
https://solvemymedia.com/da/konverter-lyd
https://solvemymedia.com/da/konvertere-lyd
https://solvemymedia.com/de/audio-konvertieren
https://solvemymedia.com/el/metaporpe-audio
https://solvemymedia.com/el/metatropi-ihoy
https://solvemymedia.com/es/convertir-audio
https://solvemymedia.com/fi/muunna-audio
https://solvemymedia.com/fi/muuntaa-aanta
https://solvemymedia.com/fr/convertir-laudio
https://solvemymedia.com/he/hmr-audio
https://solvemymedia.com/he/lhmyr-vdyv
https://solvemymedia.com/hi/audio-convert-kare
https://solvemymedia.com/hi/onddiyo-privrtit-kren
https://solvemymedia.com/hu/hang-konvertalasa
https://solvemymedia.com/hu/hangot-konvertalni
https://solvemymedia.com/id/mengkonversi-audio
https://solvemymedia.com/it/converti-audio
https://solvemymedia.com/it/convertire-laudio
https://solvemymedia.com/ja/odeiowobian-huan-suru
https://solvemymedia.com/ko/odio-byeonhwan
https://solvemymedia.com/ms/menukar-audio
https://solvemymedia.com/ms/tukar-audio
https://solvemymedia.com/nl/audio-converteren
https://solvemymedia.com/no/konvertere-lyd
https://solvemymedia.com/pl/konwertowac-dzwiek
https://solvemymedia.com/pl/konwertuj-audio
https://solvemymedia.com/pt/converter-audio
https://solvemymedia.com/ro/converteste-audio
https://solvemymedia.com/ro/converti-audio
https://solvemymedia.com/ru/konvertirovat-audio
https://solvemymedia.com/sk/konvertovat-audio
https://solvemymedia.com/sk/konvertovat-zvuk
https://solvemymedia.com/sv/konvertera-ljud
https://solvemymedia.com/th/aeplngesiiyng
https://solvemymedia.com/th/pli-an-audio
https://solvemymedia.com/tr/ses-donustur
https://solvemymedia.com/tr/sesi-donustur
https://solvemymedia.com/uk/konvertuvati-audio
https://solvemymedia.com/vi/chuyen-doi-am-thanh
https://solvemymedia.com/zh/zhuan-huan-yin-pin","404
200
200
200
404
200
404
200
200
404
200
200
404
200
200
404
404
404
200
404
200
200
404
200
200
200
200
404
200
200
200
404
200
404
200
200
404
404
200
200
404
404
200
200
200
200","More than one page is linked for the same language
Some pages don't include hreflang links to all the other pages of the group
Some pages are not returning 200 status code",9570318248645165765,42,42
21,https://solvemymedia.com/cs/komprimovat-zvuk,"Komprese zvuku online – bezplatný zvukový kompresor - SolveMyMedia
SolveMyMedia - Free Online Media Optimization Tools",text/html; charset=utf-8,false,200,0,true,"https://solvemymedia.com/ar/dgt-lswt
https://solvemymedia.com/compress-audio
https://solvemymedia.com/compress-audio
https://solvemymedia.com/cs/komprimovat-zvuk
https://solvemymedia.com/da/komprimere-lyd
https://solvemymedia.com/de/audio-komprimieren
https://solvemymedia.com/el/sympiesi-ihoy
https://solvemymedia.com/es/comprimir-audio
https://solvemymedia.com/fi/pakkaa-aanta
https://solvemymedia.com/fr/compresser-laudio
https://solvemymedia.com/he/ldkhvs-vdyv
https://solvemymedia.com/hi/onddiyo-snpiiddit-kren
https://solvemymedia.com/hu/tomoriti-a-hangot
https://solvemymedia.com/id/kompres-audio
https://solvemymedia.com/it/comprimere-laudio
https://solvemymedia.com/ja/odeiowoya-suo-suru
https://solvemymedia.com/ko/odio-abcug
https://solvemymedia.com/ms/memampatkan-audio
https://solvemymedia.com/nl/audio-comprimeren
https://solvemymedia.com/no/komprimere-lyd
https://solvemymedia.com/pl/kompresowac-dzwiek
https://solvemymedia.com/pt/comprimir-audio
https://solvemymedia.com/ro/comprima-audio
https://solvemymedia.com/ru/szhimat-audio
https://solvemymedia.com/sk/komprimovat-zvuk
https://solvemymedia.com/sv/komprimera-ljud
https://solvemymedia.com/th/biibadesiiyng
https://solvemymedia.com/tr/sesi-sikistir
https://solvemymedia.com/uk/stiskati-audio
https://solvemymedia.com/vi/nen-am-thanh
https://solvemymedia.com/zh/ya-suo-yin-pin","200
200
200
200
200
200
200
200
200
200
404
200
200
200
200
200
200
200
200
200
200
200
200
200
404
200
200
200
200
200
200","Some pages don't include hreflang links to all the other pages of the group
Some pages are not returning 200 status code",5785178085625259770,26,26
21,https://solvemymedia.com/th/thdesiiyng,"การถอดเสียงและวิดีโอ - คำพูด AI เป็นข้อความ - SolveMyMedia
SolveMyMedia - Free Online Media Optimization Tools",text/html; charset=utf-8,false,200,0,true,"https://solvemymedia.com/ar/nskh
https://solvemymedia.com/cs/prepsat
https://solvemymedia.com/da/transskribere
https://solvemymedia.com/de/transkribieren
https://solvemymedia.com/el/antigrafo
https://solvemymedia.com/es/transcribir
https://solvemymedia.com/fi/litteroida
https://solvemymedia.com/fr/transcrire
https://solvemymedia.com/he/ltaateq
https://solvemymedia.com/hi/ttaaip-krnaa
https://solvemymedia.com/hu/lemasol
https://solvemymedia.com/id/menuliskan
https://solvemymedia.com/it/trascrivere
https://solvemymedia.com/ja/zhuan-xie-suru
https://solvemymedia.com/ko/gocyeo-sseuda
https://solvemymedia.com/ms/transkripsi
https://solvemymedia.com/nl/transcriberen
https://solvemymedia.com/no/transkribere
https://solvemymedia.com/pl/rozpisac
https://solvemymedia.com/pt/transcrever
https://solvemymedia.com/ro/transcrie
https://solvemymedia.com/ru/perepisyvat
https://solvemymedia.com/sk/prepisovat
https://solvemymedia.com/sv/transkribera
https://solvemymedia.com/th/thdesiiyng
https://solvemymedia.com/tr/uyarlamak
https://solvemymedia.com/transcribe
https://solvemymedia.com/transcribe
https://solvemymedia.com/uk/transkribuvati
https://solvemymedia.com/vi/chep-lai
https://solvemymedia.com/zh/lu-zhi","200
200
200
200
200
200
200
200
404
200
200
200
200
200
200
200
200
200
200
200
200
200
404
200
200
200
200
200
200
200
200","Some pages don't include hreflang links to all the other pages of the group
Some pages are not returning 200 status code",1124245034427686738,26,26
21,https://solvemymedia.com/pl/kompresowac-dzwiek,"Kompresuj dźwięk online - darmowy kompresor audio - SolveMyMedia
SolveMyMedia - Free Online Media Optimization Tools",text/html; charset=utf-8,false,200,0,true,"https://solvemymedia.com/ar/dgt-lswt
https://solvemymedia.com/compress-audio
https://solvemymedia.com/compress-audio
https://solvemymedia.com/cs/komprimovat-zvuk
https://solvemymedia.com/da/komprimere-lyd
https://solvemymedia.com/de/audio-komprimieren
https://solvemymedia.com/el/sympiesi-ihoy
https://solvemymedia.com/es/comprimir-audio
https://solvemymedia.com/fi/pakkaa-aanta
https://solvemymedia.com/fr/compresser-laudio
https://solvemymedia.com/he/ldkhvs-vdyv
https://solvemymedia.com/hi/onddiyo-snpiiddit-kren
https://solvemymedia.com/hu/tomoriti-a-hangot
https://solvemymedia.com/id/kompres-audio
https://solvemymedia.com/it/comprimere-laudio
https://solvemymedia.com/ja/odeiowoya-suo-suru
https://solvemymedia.com/ko/odio-abcug
https://solvemymedia.com/ms/memampatkan-audio
https://solvemymedia.com/nl/audio-comprimeren
https://solvemymedia.com/no/komprimere-lyd
https://solvemymedia.com/pl/kompresowac-dzwiek
https://solvemymedia.com/pt/comprimir-audio
https://solvemymedia.com/ro/comprima-audio
https://solvemymedia.com/ru/szhimat-audio
https://solvemymedia.com/sk/komprimovat-zvuk
https://solvemymedia.com/sv/komprimera-ljud
https://solvemymedia.com/th/biibadesiiyng
https://solvemymedia.com/tr/sesi-sikistir
https://solvemymedia.com/uk/stiskati-audio
https://solvemymedia.com/vi/nen-am-thanh
https://solvemymedia.com/zh/ya-suo-yin-pin","200
200
200
200
200
200
200
200
200
200
404
200
200
200
200
200
200
200
200
200
200
200
200
200
404
200
200
200
200
200
200","Some pages don't include hreflang links to all the other pages of the group
Some pages are not returning 200 status code",5785178085625259770,26,26
21,https://solvemymedia.com/it/creare-una-gif,"Video to GIF Maker: converti video in GIF animate - SolveMyMedia
SolveMyMedia - Free Online Media Optimization Tools",text/html; charset=utf-8,false,200,0,true,"https://solvemymedia.com/ar/nsh-swr-mthrk
https://solvemymedia.com/create-gif
https://solvemymedia.com/create-gif
https://solvemymedia.com/cs/vytvorit-gif
https://solvemymedia.com/da/oprette-gif
https://solvemymedia.com/de/gif-erstellen
https://solvemymedia.com/el/dimioyrgia-gif
https://solvemymedia.com/es/crear-gif
https://solvemymedia.com/fi/luo-gif
https://solvemymedia.com/fr/creer-un-gif
https://solvemymedia.com/he/lytsvr-gif
https://solvemymedia.com/hi/gif-bnaaen
https://solvemymedia.com/hu/gif-letrehozasa
https://solvemymedia.com/id/membuat-gif
https://solvemymedia.com/it/creare-una-gif
https://solvemymedia.com/ja/gifwozuo-cheng
https://solvemymedia.com/ko/gif-mandeulgi
https://solvemymedia.com/ms/buat-gif
https://solvemymedia.com/nl/gif-maken
https://solvemymedia.com/no/lage-gif
https://solvemymedia.com/pl/utworz-gifa
https://solvemymedia.com/pt/criar-gif
https://solvemymedia.com/ro/creati-gif
https://solvemymedia.com/ru/sozdat-gifku
https://solvemymedia.com/sk/vytvorit-gif
https://solvemymedia.com/sv/skapa-gif
https://solvemymedia.com/th/sraangkif
https://solvemymedia.com/tr/gif-olustur
https://solvemymedia.com/uk/stvoriti-gif
https://solvemymedia.com/vi/tao-anh-gif
https://solvemymedia.com/zh/chuang-jian-gif","200
200
200
200
200
200
200
200
200
200
404
200
200
200
200
200
200
200
200
200
200
200
200
200
404
200
200
200
200
200
200","Some pages don't include hreflang links to all the other pages of the group
Some pages are not returning 200 status code",17321000843242609092,26,26
21,https://solvemymedia.com/fi/muuntaa-aanta,"Muunna ääniformaatteja - ilmainen online-äänimuunnin - SolveMyMedia
SolveMyMedia - Free Online Media Optimization Tools",text/html; charset=utf-8,false,200,0,true,"https://solvemymedia.com/ar/thwyl-lswt
https://solvemymedia.com/convert-audio
https://solvemymedia.com/convert-audio
https://solvemymedia.com/cs/prevest-zvuk
https://solvemymedia.com/da/konvertere-lyd
https://solvemymedia.com/de/audio-konvertieren
https://solvemymedia.com/el/metatropi-ihoy
https://solvemymedia.com/es/convertir-audio
https://solvemymedia.com/fi/muuntaa-aanta
https://solvemymedia.com/fr/convertir-laudio
https://solvemymedia.com/he/lhmyr-vdyv
https://solvemymedia.com/hi/onddiyo-privrtit-kren
https://solvemymedia.com/hu/hangot-konvertalni
https://solvemymedia.com/id/mengkonversi-audio
https://solvemymedia.com/it/convertire-laudio
https://solvemymedia.com/ja/odeiowobian-huan-suru
https://solvemymedia.com/ko/odio-byeonhwan
https://solvemymedia.com/ms/menukar-audio
https://solvemymedia.com/nl/audio-converteren
https://solvemymedia.com/no/konvertere-lyd
https://solvemymedia.com/pl/konwertowac-dzwiek
https://solvemymedia.com/pt/converter-audio
https://solvemymedia.com/ro/converti-audio
https://solvemymedia.com/ru/konvertirovat-audio
https://solvemymedia.com/sk/konvertovat-zvuk
https://solvemymedia.com/sv/konvertera-ljud
https://solvemymedia.com/th/aeplngesiiyng
https://solvemymedia.com/tr/sesi-donustur
https://solvemymedia.com/uk/konvertuvati-audio
https://solvemymedia.com/vi/chuyen-doi-am-thanh
https://solvemymedia.com/zh/zhuan-huan-yin-pin","200
200
200
200
200
200
200
200
200
200
404
200
200
200
200
200
200
200
200
200
200
200
200
200
404
200
200
200
200
200
200","Some pages don't include hreflang links to all the other pages of the group
Some pages are not returning 200 status code",17243122406961147091,26,26
21,https://solvemymedia.com/sv/komprimera-ljud,"Komprimera ljud online - Gratis ljudkompressor - SolveMyMedia
SolveMyMedia - Free Online Media Optimization Tools",text/html; charset=utf-8,false,200,0,true,"https://solvemymedia.com/ar/dght-alsawt
https://solvemymedia.com/ar/dgt-lswt
https://solvemymedia.com/compress-audio
https://solvemymedia.com/compress-audio
https://solvemymedia.com/cs/komprimovat-audio
https://solvemymedia.com/cs/komprimovat-zvuk
https://solvemymedia.com/da/komprimer-lyd
https://solvemymedia.com/da/komprimere-lyd
https://solvemymedia.com/de/audio-komprimieren
https://solvemymedia.com/el/symnpiesost-audio
https://solvemymedia.com/el/sympiesi-ihoy
https://solvemymedia.com/es/comprimir-audio
https://solvemymedia.com/fi/pakkaa-aanta
https://solvemymedia.com/fi/pakkaa-audio
https://solvemymedia.com/fr/compresser-laudio
https://solvemymedia.com/he/dchisot-audio
https://solvemymedia.com/he/ldkhvs-vdyv
https://solvemymedia.com/hi/audio-compress-kare
https://solvemymedia.com/hi/onddiyo-snpiiddit-kren
https://solvemymedia.com/hu/hang-tomoritese
https://solvemymedia.com/hu/tomoriti-a-hangot
https://solvemymedia.com/id/kompres-audio
https://solvemymedia.com/it/comprimere-laudio
https://solvemymedia.com/it/comprimi-audio
https://solvemymedia.com/ja/odeiowoya-suo-suru
https://solvemymedia.com/ko/odio-abcug
https://solvemymedia.com/ko/odio-apchuk
https://solvemymedia.com/ms/mampat-audio
https://solvemymedia.com/ms/memampatkan-audio
https://solvemymedia.com/nl/audio-comprimeren
https://solvemymedia.com/no/komprimere-lyd
https://solvemymedia.com/pl/kompresowac-dzwiek
https://solvemymedia.com/pl/kompresuj-audio
https://solvemymedia.com/pt/comprimir-audio
https://solvemymedia.com/ro/comprima-audio
https://solvemymedia.com/ru/szhat-audio
https://solvemymedia.com/ru/szhimat-audio
https://solvemymedia.com/sk/komprimovat-audio
https://solvemymedia.com/sk/komprimovat-zvuk
https://solvemymedia.com/sv/komprimera-ljud
https://solvemymedia.com/th/biibadesiiyng
https://solvemymedia.com/th/ko-op-audio
https://solvemymedia.com/tr/ses-sikistir
https://solvemymedia.com/tr/sesi-sikistir
https://solvemymedia.com/uk/stiskati-audio
https://solvemymedia.com/uk/sty-snuti-audio
https://solvemymedia.com/vi/nen-am-thanh
https://solvemymedia.com/zh/ya-suo-yin-pin","404
200
200
200
404
200
404
200
200
404
200
200
200
404
200
404
404
404
200
404
200
200
200
404
200
200
404
404
200
200
200
200
404
200
200
404
200
404
404
200
200
404
404
200
200
404
200
200","More than one page is linked for the same language
Some pages don't include hreflang links to all the other pages of the group
Some pages are not returning 200 status code",5785178085625259770,44,44
21,https://solvemymedia.com/id/kompres-video,"Kompres Video Online - Kompresor Video Aman Gratis - SolveMyMedia
SolveMyMedia - Free Online Media Optimization Tools",text/html; charset=utf-8,false,200,0,true,"https://solvemymedia.com/ar/dght-alfidyo
https://solvemymedia.com/ar/dgt-lfydyw
https://solvemymedia.com/compress-video
https://solvemymedia.com/compress-video
https://solvemymedia.com/cs/komprimovat-video
https://solvemymedia.com/da/komprimer-video
https://solvemymedia.com/da/komprimere-video
https://solvemymedia.com/de/video-komprimieren
https://solvemymedia.com/el/symnpiesost-video
https://solvemymedia.com/el/sympiesi-vinteo
https://solvemymedia.com/es/comprimir-video
https://solvemymedia.com/fi/pakkaa-video
https://solvemymedia.com/fr/compresser-la-video
https://solvemymedia.com/he/dchisot-video
https://solvemymedia.com/he/ldkhvs-vydv
https://solvemymedia.com/hi/video-compress-kare
https://solvemymedia.com/hi/viiddiyo-snpiiddit-kren
https://solvemymedia.com/hu/video-tomoritese
https://solvemymedia.com/id/kompres-video
https://solvemymedia.com/it/comprimere-il-video
https://solvemymedia.com/it/comprimi-video
https://solvemymedia.com/ja/bideowoya-suo-suru
https://solvemymedia.com/ko/bidio-abcug
https://solvemymedia.com/ko/bidio-apchuk
https://solvemymedia.com/ms/mampat-video
https://solvemymedia.com/ms/memampatkan-video
https://solvemymedia.com/nl/video-comprimeren
https://solvemymedia.com/no/komprimere-video
https://solvemymedia.com/pl/kompresowac-wideo
https://solvemymedia.com/pl/kompresuj-wideo
https://solvemymedia.com/pt/compactar-video
https://solvemymedia.com/pt/comprimir-video
https://solvemymedia.com/ro/comprima-video
https://solvemymedia.com/ru/szhat-video
https://solvemymedia.com/ru/szhimat-video
https://solvemymedia.com/sk/komprimovat-video
https://solvemymedia.com/sv/komprimera-video
https://solvemymedia.com/th/biibadwidiio
https://solvemymedia.com/th/ko-op-wideo
https://solvemymedia.com/tr/video-sikistir
https://solvemymedia.com/tr/videoyu-sikistir
https://solvemymedia.com/uk/stiskati-video
https://solvemymedia.com/uk/sty-snuti-video
https://solvemymedia.com/vi/nen-video
https://solvemymedia.com/zh/ya-suo-shi-pin","404
200
200
200
200
404
200
200
404
200
200
200
200
404
404
404
200
200
200
200
404
200
200
404
404
200
200
200
200
404
200
404
200
404
200
404
200
200
404
404
200
200
404
200
200","More than one page is linked for the same language
Some pages don't include hreflang links to all the other pages of the group
Some pages are not returning 200 status code",926993157700666916,42,42
21,https://solvemymedia.com/th/biibadwidiio,"บีบอัดวิดีโอออนไลน์ - โปรแกรมบีบอัดวิดีโอที่ปลอดภัยฟรี - SolveMyMedia
SolveMyMedia - Free Online Media Optimization Tools",text/html; charset=utf-8,false,200,0,true,"https://solvemymedia.com/ar/dgt-lfydyw
https://solvemymedia.com/compress-video
https://solvemymedia.com/compress-video
https://solvemymedia.com/cs/komprimovat-video
https://solvemymedia.com/da/komprimere-video
https://solvemymedia.com/de/video-komprimieren
https://solvemymedia.com/el/sympiesi-vinteo
https://solvemymedia.com/es/comprimir-video
https://solvemymedia.com/fi/pakkaa-video
https://solvemymedia.com/fr/compresser-la-video
https://solvemymedia.com/he/ldkhvs-vydv
https://solvemymedia.com/hi/viiddiyo-snpiiddit-kren
https://solvemymedia.com/hu/video-tomoritese
https://solvemymedia.com/id/kompres-video
https://solvemymedia.com/it/comprimere-il-video
https://solvemymedia.com/ja/bideowoya-suo-suru
https://solvemymedia.com/ko/bidio-abcug
https://solvemymedia.com/ms/memampatkan-video
https://solvemymedia.com/nl/video-comprimeren
https://solvemymedia.com/no/komprimere-video
https://solvemymedia.com/pl/kompresowac-wideo
https://solvemymedia.com/pt/compactar-video
https://solvemymedia.com/ro/comprima-video
https://solvemymedia.com/ru/szhimat-video
https://solvemymedia.com/sk/komprimovat-video
https://solvemymedia.com/sv/komprimera-video
https://solvemymedia.com/th/biibadwidiio
https://solvemymedia.com/tr/videoyu-sikistir
https://solvemymedia.com/uk/stiskati-video
https://solvemymedia.com/vi/nen-video
https://solvemymedia.com/zh/ya-suo-shi-pin","200
200
200
200
200
200
200
200
200
200
404
200
200
200
200
200
200
200
200
200
200
200
200
200
404
200
200
200
200
200
200","Some pages don't include hreflang links to all the other pages of the group
Some pages are not returning 200 status code",926993157700666916,26,26
21,https://solvemymedia.com/pl/rozpisac,"Transkrypcja audio i wideo — mowa AI na tekst - SolveMyMedia
SolveMyMedia - Free Online Media Optimization Tools",text/html; charset=utf-8,false,200,0,true,"https://solvemymedia.com/ar/nskh
https://solvemymedia.com/cs/prepsat
https://solvemymedia.com/da/transskribere
https://solvemymedia.com/de/transkribieren
https://solvemymedia.com/el/antigrafo
https://solvemymedia.com/es/transcribir
https://solvemymedia.com/fi/litteroida
https://solvemymedia.com/fr/transcrire
https://solvemymedia.com/he/ltaateq
https://solvemymedia.com/hi/ttaaip-krnaa
https://solvemymedia.com/hu/lemasol
https://solvemymedia.com/id/menuliskan
https://solvemymedia.com/it/trascrivere
https://solvemymedia.com/ja/zhuan-xie-suru
https://solvemymedia.com/ko/gocyeo-sseuda
https://solvemymedia.com/ms/transkripsi
https://solvemymedia.com/nl/transcriberen
https://solvemymedia.com/no/transkribere
https://solvemymedia.com/pl/rozpisac
https://solvemymedia.com/pt/transcrever
https://solvemymedia.com/ro/transcrie
https://solvemymedia.com/ru/perepisyvat
https://solvemymedia.com/sk/prepisovat
https://solvemymedia.com/sv/transkribera
https://solvemymedia.com/th/thdesiiyng
https://solvemymedia.com/tr/uyarlamak
https://solvemymedia.com/transcribe
https://solvemymedia.com/transcribe
https://solvemymedia.com/uk/transkribuvati
https://solvemymedia.com/vi/chep-lai
https://solvemymedia.com/zh/lu-zhi","200
200
200
200
200
200
200
200
404
200
200
200
200
200
200
200
200
200
200
200
200
200
404
200
200
200
200
200
200
200
200","Some pages don't include hreflang links to all the other pages of the group
Some pages are not returning 200 status code",1124245034427686738,26,26
21,https://solvemymedia.com/vi/nen-am-thanh,"Nén âm thanh trực tuyến - Máy nén âm thanh miễn phí - SolveMyMedia
SolveMyMedia - Free Online Media Optimization Tools",text/html; charset=utf-8,false,200,0,true,"https://solvemymedia.com/ar/dght-alsawt
https://solvemymedia.com/ar/dgt-lswt
https://solvemymedia.com/compress-audio
https://solvemymedia.com/compress-audio
https://solvemymedia.com/cs/komprimovat-audio
https://solvemymedia.com/cs/komprimovat-zvuk
https://solvemymedia.com/da/komprimer-lyd
https://solvemymedia.com/da/komprimere-lyd
https://solvemymedia.com/de/audio-komprimieren
https://solvemymedia.com/el/symnpiesost-audio
https://solvemymedia.com/el/sympiesi-ihoy
https://solvemymedia.com/es/comprimir-audio
https://solvemymedia.com/fi/pakkaa-aanta
https://solvemymedia.com/fi/pakkaa-audio
https://solvemymedia.com/fr/compresser-laudio
https://solvemymedia.com/he/dchisot-audio
https://solvemymedia.com/he/ldkhvs-vdyv
https://solvemymedia.com/hi/audio-compress-kare
https://solvemymedia.com/hi/onddiyo-snpiiddit-kren
https://solvemymedia.com/hu/hang-tomoritese
https://solvemymedia.com/hu/tomoriti-a-hangot
https://solvemymedia.com/id/kompres-audio
https://solvemymedia.com/it/comprimere-laudio
https://solvemymedia.com/it/comprimi-audio
https://solvemymedia.com/ja/odeiowoya-suo-suru
https://solvemymedia.com/ko/odio-abcug
https://solvemymedia.com/ko/odio-apchuk
https://solvemymedia.com/ms/mampat-audio
https://solvemymedia.com/ms/memampatkan-audio
https://solvemymedia.com/nl/audio-comprimeren
https://solvemymedia.com/no/komprimere-lyd
https://solvemymedia.com/pl/kompresowac-dzwiek
https://solvemymedia.com/pl/kompresuj-audio
https://solvemymedia.com/pt/comprimir-audio
https://solvemymedia.com/ro/comprima-audio
https://solvemymedia.com/ru/szhat-audio
https://solvemymedia.com/ru/szhimat-audio
https://solvemymedia.com/sk/komprimovat-audio
https://solvemymedia.com/sk/komprimovat-zvuk
https://solvemymedia.com/sv/komprimera-ljud
https://solvemymedia.com/th/biibadesiiyng
https://solvemymedia.com/th/ko-op-audio
https://solvemymedia.com/tr/ses-sikistir
https://solvemymedia.com/tr/sesi-sikistir
https://solvemymedia.com/uk/stiskati-audio
https://solvemymedia.com/uk/sty-snuti-audio
https://solvemymedia.com/vi/nen-am-thanh
https://solvemymedia.com/zh/ya-suo-yin-pin","404
200
200
200
404
200
404
200
200
404
200
200
200
404
200
404
404
404
200
404
200
200
200
404
200
200
404
404
200
200
200
200
404
200
200
404
200
404
404
200
200
404
404
200
200
404
200
200","More than one page is linked for the same language
Some pages don't include hreflang links to all the other pages of the group
Some pages are not returning 200 status code",5785178085625259770,44,44
21,https://solvemymedia.com/hu/video-tomoritese,"Videó tömörítése online - Ingyenes biztonságos videokompresszor - SolveMyMedia
SolveMyMedia - Free Online Media Optimization Tools",text/html; charset=utf-8,false,200,0,true,"https://solvemymedia.com/ar/dght-alfidyo
https://solvemymedia.com/ar/dgt-lfydyw
https://solvemymedia.com/compress-video
https://solvemymedia.com/compress-video
https://solvemymedia.com/cs/komprimovat-video
https://solvemymedia.com/da/komprimer-video
https://solvemymedia.com/da/komprimere-video
https://solvemymedia.com/de/video-komprimieren
https://solvemymedia.com/el/symnpiesost-video
https://solvemymedia.com/el/sympiesi-vinteo
https://solvemymedia.com/es/comprimir-video
https://solvemymedia.com/fi/pakkaa-video
https://solvemymedia.com/fr/compresser-la-video
https://solvemymedia.com/he/dchisot-video
https://solvemymedia.com/he/ldkhvs-vydv
https://solvemymedia.com/hi/video-compress-kare
https://solvemymedia.com/hi/viiddiyo-snpiiddit-kren
https://solvemymedia.com/hu/video-tomoritese
https://solvemymedia.com/id/kompres-video
https://solvemymedia.com/it/comprimere-il-video
https://solvemymedia.com/it/comprimi-video
https://solvemymedia.com/ja/bideowoya-suo-suru
https://solvemymedia.com/ko/bidio-abcug
https://solvemymedia.com/ko/bidio-apchuk
https://solvemymedia.com/ms/mampat-video
https://solvemymedia.com/ms/memampatkan-video
https://solvemymedia.com/nl/video-comprimeren
https://solvemymedia.com/no/komprimere-video
https://solvemymedia.com/pl/kompresowac-wideo
https://solvemymedia.com/pl/kompresuj-wideo
https://solvemymedia.com/pt/compactar-video
https://solvemymedia.com/pt/comprimir-video
https://solvemymedia.com/ro/comprima-video
https://solvemymedia.com/ru/szhat-video
https://solvemymedia.com/ru/szhimat-video
https://solvemymedia.com/sk/komprimovat-video
https://solvemymedia.com/sv/komprimera-video
https://solvemymedia.com/th/biibadwidiio
https://solvemymedia.com/th/ko-op-wideo
https://solvemymedia.com/tr/video-sikistir
https://solvemymedia.com/tr/videoyu-sikistir
https://solvemymedia.com/uk/stiskati-video
https://solvemymedia.com/uk/sty-snuti-video
https://solvemymedia.com/vi/nen-video
https://solvemymedia.com/zh/ya-suo-shi-pin","404
200
200
200
200
404
200
200
404
200
200
200
200
404
404
404
200
200
200
200
404
200
200
404
404
200
200
200
200
404
200
404
200
404
200
404
200
200
404
404
200
200
404
200
200","More than one page is linked for the same language
Some pages don't include hreflang links to all the other pages of the group
Some pages are not returning 200 status code",926993157700666916,42,42
21,https://solvemymedia.com/vi/tao-anh-gif,"Video to GIF Maker - Chuyển đổi video thành GIF động - SolveMyMedia
SolveMyMedia - Free Online Media Optimization Tools",text/html; charset=utf-8,false,200,0,true,"https://solvemymedia.com/ar/nsh-swr-mthrk
https://solvemymedia.com/create-gif
https://solvemymedia.com/create-gif
https://solvemymedia.com/cs/vytvorit-gif
https://solvemymedia.com/da/oprette-gif
https://solvemymedia.com/de/gif-erstellen
https://solvemymedia.com/el/dimioyrgia-gif
https://solvemymedia.com/es/crear-gif
https://solvemymedia.com/fi/luo-gif
https://solvemymedia.com/fr/creer-un-gif
https://solvemymedia.com/he/lytsvr-gif
https://solvemymedia.com/hi/gif-bnaaen
https://solvemymedia.com/hu/gif-letrehozasa
https://solvemymedia.com/id/membuat-gif
https://solvemymedia.com/it/creare-una-gif
https://solvemymedia.com/ja/gifwozuo-cheng
https://solvemymedia.com/ko/gif-mandeulgi
https://solvemymedia.com/ms/buat-gif
https://solvemymedia.com/nl/gif-maken
https://solvemymedia.com/no/lage-gif
https://solvemymedia.com/pl/utworz-gifa
https://solvemymedia.com/pt/criar-gif
https://solvemymedia.com/ro/creati-gif
https://solvemymedia.com/ru/sozdat-gifku
https://solvemymedia.com/sk/vytvorit-gif
https://solvemymedia.com/sv/skapa-gif
https://solvemymedia.com/th/sraangkif
https://solvemymedia.com/tr/gif-olustur
https://solvemymedia.com/uk/stvoriti-gif
https://solvemymedia.com/vi/tao-anh-gif
https://solvemymedia.com/zh/chuang-jian-gif","200
200
200
200
200
200
200
200
200
200
404
200
200
200
200
200
200
200
200
200
200
200
200
200
404
200
200
200
200
200
200","Some pages don't include hreflang links to all the other pages of the group
Some pages are not returning 200 status code",17321000843242609092,26,26
21,https://solvemymedia.com/tr/videodan-sese,"Videodan Sesi Çıkarma - Videodan MP3'e Dönüştürücü - SolveMyMedia
SolveMyMedia - Free Online Media Optimization Tools",text/html; charset=utf-8,false,200,0,true,"https://solvemymedia.com/ar/lfydyw-l-lswt
https://solvemymedia.com/cs/video-na-zvuk
https://solvemymedia.com/da/video-til-lyd
https://solvemymedia.com/de/video-zu-audio
https://solvemymedia.com/el/vinteo-se-iho
https://solvemymedia.com/es/video-a-audio
https://solvemymedia.com/fi/videosta-aaneksi
https://solvemymedia.com/fr/video-en-audio
https://solvemymedia.com/he/vydv-lvdyv
https://solvemymedia.com/hi/viiddiyo-se-onddiyo
https://solvemymedia.com/hu/videorol-hangra
https://solvemymedia.com/id/video-ke-audio
https://solvemymedia.com/it/video-in-audio
https://solvemymedia.com/ja/bideokaraodeiohe
https://solvemymedia.com/ko/bidioreul-odioro
https://solvemymedia.com/ms/video-kepada-audio
https://solvemymedia.com/nl/video-naar-audio
https://solvemymedia.com/no/video-til-lyd
https://solvemymedia.com/pl/wideo-do-dzwieku
https://solvemymedia.com/pt/video-para-audio
https://solvemymedia.com/ro/video-in-audio
https://solvemymedia.com/ru/video-v-audio
https://solvemymedia.com/sk/video-na-zvuk
https://solvemymedia.com/sv/video-till-ljud
https://solvemymedia.com/th/widiioepnesiiyng
https://solvemymedia.com/tr/videodan-sese
https://solvemymedia.com/uk/video-v-audio
https://solvemymedia.com/vi/video-thanh-am-thanh
https://solvemymedia.com/video-to-audio
https://solvemymedia.com/video-to-audio
https://solvemymedia.com/zh/shi-pin-zhuan-yin-pin","200
200
200
200
200
200
200
200
404
200
200
200
200
200
200
200
200
200
200
200
200
200
404
200
200
200
200
200
200
200
200","Some pages don't include hreflang links to all the other pages of the group
Some pages are not returning 200 status code",2926664764167155975,26,26
21,https://solvemymedia.com/pt/comprimir-audio,"Comprimir Áudio Online - Compressor de Áudio Gratuito - SolveMyMedia
SolveMyMedia - Free Online Media Optimization Tools",text/html; charset=utf-8,false,200,0,true,"https://solvemymedia.com/ar/dght-alsawt
https://solvemymedia.com/ar/dgt-lswt
https://solvemymedia.com/compress-audio
https://solvemymedia.com/compress-audio
https://solvemymedia.com/cs/komprimovat-audio
https://solvemymedia.com/cs/komprimovat-zvuk
https://solvemymedia.com/da/komprimer-lyd
https://solvemymedia.com/da/komprimere-lyd
https://solvemymedia.com/de/audio-komprimieren
https://solvemymedia.com/el/symnpiesost-audio
https://solvemymedia.com/el/sympiesi-ihoy
https://solvemymedia.com/es/comprimir-audio
https://solvemymedia.com/fi/pakkaa-aanta
https://solvemymedia.com/fi/pakkaa-audio
https://solvemymedia.com/fr/compresser-laudio
https://solvemymedia.com/he/dchisot-audio
https://solvemymedia.com/he/ldkhvs-vdyv
https://solvemymedia.com/hi/audio-compress-kare
https://solvemymedia.com/hi/onddiyo-snpiiddit-kren
https://solvemymedia.com/hu/hang-tomoritese
https://solvemymedia.com/hu/tomoriti-a-hangot
https://solvemymedia.com/id/kompres-audio
https://solvemymedia.com/it/comprimere-laudio
https://solvemymedia.com/it/comprimi-audio
https://solvemymedia.com/ja/odeiowoya-suo-suru
https://solvemymedia.com/ko/odio-abcug
https://solvemymedia.com/ko/odio-apchuk
https://solvemymedia.com/ms/mampat-audio
https://solvemymedia.com/ms/memampatkan-audio
https://solvemymedia.com/nl/audio-comprimeren
https://solvemymedia.com/no/komprimere-lyd
https://solvemymedia.com/pl/kompresowac-dzwiek
https://solvemymedia.com/pl/kompresuj-audio
https://solvemymedia.com/pt/comprimir-audio
https://solvemymedia.com/ro/comprima-audio
https://solvemymedia.com/ru/szhat-audio
https://solvemymedia.com/ru/szhimat-audio
https://solvemymedia.com/sk/komprimovat-audio
https://solvemymedia.com/sk/komprimovat-zvuk
https://solvemymedia.com/sv/komprimera-ljud
https://solvemymedia.com/th/biibadesiiyng
https://solvemymedia.com/th/ko-op-audio
https://solvemymedia.com/tr/ses-sikistir
https://solvemymedia.com/tr/sesi-sikistir
https://solvemymedia.com/uk/stiskati-audio
https://solvemymedia.com/uk/sty-snuti-audio
https://solvemymedia.com/vi/nen-am-thanh
https://solvemymedia.com/zh/ya-suo-yin-pin","404
200
200
200
404
200
404
200
200
404
200
200
200
404
200
404
404
404
200
404
200
200
200
404
200
200
404
404
200
200
200
200
404
200
200
404
200
404
404
200
200
404
404
200
200
404
200
200","More than one page is linked for the same language
Some pages don't include hreflang links to all the other pages of the group
Some pages are not returning 200 status code",5785178085625259770,44,44
21,https://solvemymedia.com/zh/ya-suo-shi-pin,"在线压缩视频 - 免费安全视频压缩器 - SolveMyMedia
SolveMyMedia - Free Online Media Optimization Tools",text/html; charset=utf-8,false,200,0,true,"https://solvemymedia.com/ar/dght-alfidyo
https://solvemymedia.com/ar/dgt-lfydyw
https://solvemymedia.com/compress-video
https://solvemymedia.com/compress-video
https://solvemymedia.com/cs/komprimovat-video
https://solvemymedia.com/da/komprimer-video
https://solvemymedia.com/da/komprimere-video
https://solvemymedia.com/de/video-komprimieren
https://solvemymedia.com/el/symnpiesost-video
https://solvemymedia.com/el/sympiesi-vinteo
https://solvemymedia.com/es/comprimir-video
https://solvemymedia.com/fi/pakkaa-video
https://solvemymedia.com/fr/compresser-la-video
https://solvemymedia.com/he/dchisot-video
https://solvemymedia.com/he/ldkhvs-vydv
https://solvemymedia.com/hi/video-compress-kare
https://solvemymedia.com/hi/viiddiyo-snpiiddit-kren
https://solvemymedia.com/hu/video-tomoritese
https://solvemymedia.com/id/kompres-video
https://solvemymedia.com/it/comprimere-il-video
https://solvemymedia.com/it/comprimi-video
https://solvemymedia.com/ja/bideowoya-suo-suru
https://solvemymedia.com/ko/bidio-abcug
https://solvemymedia.com/ko/bidio-apchuk
https://solvemymedia.com/ms/mampat-video
https://solvemymedia.com/ms/memampatkan-video
https://solvemymedia.com/nl/video-comprimeren
https://solvemymedia.com/no/komprimere-video
https://solvemymedia.com/pl/kompresowac-wideo
https://solvemymedia.com/pl/kompresuj-wideo
https://solvemymedia.com/pt/compactar-video
https://solvemymedia.com/pt/comprimir-video
https://solvemymedia.com/ro/comprima-video
https://solvemymedia.com/ru/szhat-video
https://solvemymedia.com/ru/szhimat-video
https://solvemymedia.com/sk/komprimovat-video
https://solvemymedia.com/sv/komprimera-video
https://solvemymedia.com/th/biibadwidiio
https://solvemymedia.com/th/ko-op-wideo
https://solvemymedia.com/tr/video-sikistir
https://solvemymedia.com/tr/videoyu-sikistir
https://solvemymedia.com/uk/stiskati-video
https://solvemymedia.com/uk/sty-snuti-video
https://solvemymedia.com/vi/nen-video
https://solvemymedia.com/zh/ya-suo-shi-pin","404
200
200
200
200
404
200
200
404
200
200
200
200
404
404
404
200
200
200
200
404
200
200
404
404
200
200
200
200
404
200
404
200
404
200
404
200
200
404
404
200
200
404
200
200","More than one page is linked for the same language
Some pages don't include hreflang links to all the other pages of the group
Some pages are not returning 200 status code",926993157700666916,42,42
21,https://solvemymedia.com/es/video-a-audio,"Extraer audio de vídeo - Convertidor de vídeo a MP3 - SolveMyMedia
SolveMyMedia - Free Online Media Optimization Tools",text/html; charset=utf-8,false,200,0,true,"https://solvemymedia.com/ar/fidyo-ila-sawt
https://solvemymedia.com/ar/lfydyw-l-lswt
https://solvemymedia.com/cs/video-na-audio
https://solvemymedia.com/cs/video-na-zvuk
https://solvemymedia.com/da/video-til-lyd
https://solvemymedia.com/de/video-zu-audio
https://solvemymedia.com/el/video-se-audio
https://solvemymedia.com/el/vinteo-se-iho
https://solvemymedia.com/es/video-a-audio
https://solvemymedia.com/fi/video-audioksi
https://solvemymedia.com/fi/videosta-aaneksi
https://solvemymedia.com/fr/video-en-audio
https://solvemymedia.com/he/video-leaudio
https://solvemymedia.com/he/vydv-lvdyv
https://solvemymedia.com/hi/video-se-audio
https://solvemymedia.com/hi/viiddiyo-se-onddiyo
https://solvemymedia.com/hu/video-hanggya
https://solvemymedia.com/hu/videorol-hangra
https://solvemymedia.com/id/video-ke-audio
https://solvemymedia.com/it/video-in-audio
https://solvemymedia.com/ja/bideokaraodeiohe
https://solvemymedia.com/ko/bidio-eseo-odio
https://solvemymedia.com/ko/bidioreul-odioro
https://solvemymedia.com/ms/video-ke-audio
https://solvemymedia.com/ms/video-kepada-audio
https://solvemymedia.com/nl/video-naar-audio
https://solvemymedia.com/no/video-til-lyd
https://solvemymedia.com/pl/wideo-do-dzwieku
https://solvemymedia.com/pl/wideo-na-audio
https://solvemymedia.com/pt/video-para-audio
https://solvemymedia.com/ro/video-in-audio
https://solvemymedia.com/ro/video-la-audio
https://solvemymedia.com/ru/video-v-audio
https://solvemymedia.com/sk/video-na-audio
https://solvemymedia.com/sk/video-na-zvuk
https://solvemymedia.com/sv/video-till-ljud
https://solvemymedia.com/th/wideo-phen-siang
https://solvemymedia.com/th/widiioepnesiiyng
https://solvemymedia.com/tr/videodan-ses
https://solvemymedia.com/tr/videodan-sese
https://solvemymedia.com/uk/video-v-audio
https://solvemymedia.com/vi/video-sang-am-thanh
https://solvemymedia.com/vi/video-thanh-am-thanh
https://solvemymedia.com/video-to-audio
https://solvemymedia.com/video-to-audio
https://solvemymedia.com/zh/shi-pin-zhuan-yin-pin","404
200
404
200
200
200
404
200
200
404
200
200
404
404
404
200
404
200
200
200
200
404
200
404
200
200
200
200
404
200
200
404
200
404
404
200
404
200
404
200
200
404
200
200
200
200","More than one page is linked for the same language
Some pages don't include hreflang links to all the other pages of the group
Some pages are not returning 200 status code",2926664764167155975,42,42
21,https://solvemymedia.com/ja/odeiowoya-suo-suru,"オンラインでオーディオを圧縮 - 無料のオーディオ コンプレッサー - SolveMyMedia
SolveMyMedia - Free Online Media Optimization Tools",text/html; charset=utf-8,false,200,0,true,"https://solvemymedia.com/ar/dght-alsawt
https://solvemymedia.com/ar/dgt-lswt
https://solvemymedia.com/compress-audio
https://solvemymedia.com/compress-audio
https://solvemymedia.com/cs/komprimovat-audio
https://solvemymedia.com/cs/komprimovat-zvuk
https://solvemymedia.com/da/komprimer-lyd
https://solvemymedia.com/da/komprimere-lyd
https://solvemymedia.com/de/audio-komprimieren
https://solvemymedia.com/el/symnpiesost-audio
https://solvemymedia.com/el/sympiesi-ihoy
https://solvemymedia.com/es/comprimir-audio
https://solvemymedia.com/fi/pakkaa-aanta
https://solvemymedia.com/fi/pakkaa-audio
https://solvemymedia.com/fr/compresser-laudio
https://solvemymedia.com/he/dchisot-audio
https://solvemymedia.com/he/ldkhvs-vdyv
https://solvemymedia.com/hi/audio-compress-kare
https://solvemymedia.com/hi/onddiyo-snpiiddit-kren
https://solvemymedia.com/hu/hang-tomoritese
https://solvemymedia.com/hu/tomoriti-a-hangot
https://solvemymedia.com/id/kompres-audio
https://solvemymedia.com/it/comprimere-laudio
https://solvemymedia.com/it/comprimi-audio
https://solvemymedia.com/ja/odeiowoya-suo-suru
https://solvemymedia.com/ko/odio-abcug
https://solvemymedia.com/ko/odio-apchuk
https://solvemymedia.com/ms/mampat-audio
https://solvemymedia.com/ms/memampatkan-audio
https://solvemymedia.com/nl/audio-comprimeren
https://solvemymedia.com/no/komprimere-lyd
https://solvemymedia.com/pl/kompresowac-dzwiek
https://solvemymedia.com/pl/kompresuj-audio
https://solvemymedia.com/pt/comprimir-audio
https://solvemymedia.com/ro/comprima-audio
https://solvemymedia.com/ru/szhat-audio
https://solvemymedia.com/ru/szhimat-audio
https://solvemymedia.com/sk/komprimovat-audio
https://solvemymedia.com/sk/komprimovat-zvuk
https://solvemymedia.com/sv/komprimera-ljud
https://solvemymedia.com/th/biibadesiiyng
https://solvemymedia.com/th/ko-op-audio
https://solvemymedia.com/tr/ses-sikistir
https://solvemymedia.com/tr/sesi-sikistir
https://solvemymedia.com/uk/stiskati-audio
https://solvemymedia.com/uk/sty-snuti-audio
https://solvemymedia.com/vi/nen-am-thanh
https://solvemymedia.com/zh/ya-suo-yin-pin","404
200
200
200
404
200
404
200
200
404
200
200
200
404
200
404
404
404
200
404
200
200
200
404
200
200
404
404
200
200
200
200
404
200
200
404
200
404
404
200
200
404
404
200
200
404
200
200","More than one page is linked for the same language
Some pages don't include hreflang links to all the other pages of the group
Some pages are not returning 200 status code",5785178085625259770,44,44
21,https://solvemymedia.com/id/kompres-audio,"Kompres Audio Online - Kompresor Audio Gratis - SolveMyMedia
SolveMyMedia - Free Online Media Optimization Tools",text/html; charset=utf-8,false,200,0,true,"https://solvemymedia.com/ar/dght-alsawt
https://solvemymedia.com/ar/dgt-lswt
https://solvemymedia.com/compress-audio
https://solvemymedia.com/compress-audio
https://solvemymedia.com/cs/komprimovat-audio
https://solvemymedia.com/cs/komprimovat-zvuk
https://solvemymedia.com/da/komprimer-lyd
https://solvemymedia.com/da/komprimere-lyd
https://solvemymedia.com/de/audio-komprimieren
https://solvemymedia.com/el/symnpiesost-audio
https://solvemymedia.com/el/sympiesi-ihoy
https://solvemymedia.com/es/comprimir-audio
https://solvemymedia.com/fi/pakkaa-aanta
https://solvemymedia.com/fi/pakkaa-audio
https://solvemymedia.com/fr/compresser-laudio
https://solvemymedia.com/he/dchisot-audio
https://solvemymedia.com/he/ldkhvs-vdyv
https://solvemymedia.com/hi/audio-compress-kare
https://solvemymedia.com/hi/onddiyo-snpiiddit-kren
https://solvemymedia.com/hu/hang-tomoritese
https://solvemymedia.com/hu/tomoriti-a-hangot
https://solvemymedia.com/id/kompres-audio
https://solvemymedia.com/it/comprimere-laudio
https://solvemymedia.com/it/comprimi-audio
https://solvemymedia.com/ja/odeiowoya-suo-suru
https://solvemymedia.com/ko/odio-abcug
https://solvemymedia.com/ko/odio-apchuk
https://solvemymedia.com/ms/mampat-audio
https://solvemymedia.com/ms/memampatkan-audio
https://solvemymedia.com/nl/audio-comprimeren
https://solvemymedia.com/no/komprimere-lyd
https://solvemymedia.com/pl/kompresowac-dzwiek
https://solvemymedia.com/pl/kompresuj-audio
https://solvemymedia.com/pt/comprimir-audio
https://solvemymedia.com/ro/comprima-audio
https://solvemymedia.com/ru/szhat-audio
https://solvemymedia.com/ru/szhimat-audio
https://solvemymedia.com/sk/komprimovat-audio
https://solvemymedia.com/sk/komprimovat-zvuk
https://solvemymedia.com/sv/komprimera-ljud
https://solvemymedia.com/th/biibadesiiyng
https://solvemymedia.com/th/ko-op-audio
https://solvemymedia.com/tr/ses-sikistir
https://solvemymedia.com/tr/sesi-sikistir
https://solvemymedia.com/uk/stiskati-audio
https://solvemymedia.com/uk/sty-snuti-audio
https://solvemymedia.com/vi/nen-am-thanh
https://solvemymedia.com/zh/ya-suo-yin-pin","404
200
200
200
404
200
404
200
200
404
200
200
200
404
200
404
404
404
200
404
200
200
200
404
200
200
404
404
200
200
200
200
404
200
200
404
200
404
404
200
200
404
404
200
200
404
200
200","More than one page is linked for the same language
Some pages don't include hreflang links to all the other pages of the group
Some pages are not returning 200 status code",5785178085625259770,44,44
21,https://solvemymedia.com/tr/uyarlamak,"Ses ve Video Transkripsiyonu - Yapay Zeka Konuşmasını Metne Dönüştürme - SolveMyMedia
SolveMyMedia - Free Online Media Optimization Tools",text/html; charset=utf-8,false,200,0,true,"https://solvemymedia.com/ar/nskh
https://solvemymedia.com/cs/prepsat
https://solvemymedia.com/da/transskribere
https://solvemymedia.com/de/transkribieren
https://solvemymedia.com/el/antigrafo
https://solvemymedia.com/es/transcribir
https://solvemymedia.com/fi/litteroida
https://solvemymedia.com/fr/transcrire
https://solvemymedia.com/he/ltaateq
https://solvemymedia.com/hi/ttaaip-krnaa
https://solvemymedia.com/hu/lemasol
https://solvemymedia.com/id/menuliskan
https://solvemymedia.com/it/trascrivere
https://solvemymedia.com/ja/zhuan-xie-suru
https://solvemymedia.com/ko/gocyeo-sseuda
https://solvemymedia.com/ms/transkripsi
https://solvemymedia.com/nl/transcriberen
https://solvemymedia.com/no/transkribere
https://solvemymedia.com/pl/rozpisac
https://solvemymedia.com/pt/transcrever
https://solvemymedia.com/ro/transcrie
https://solvemymedia.com/ru/perepisyvat
https://solvemymedia.com/sk/prepisovat
https://solvemymedia.com/sv/transkribera
https://solvemymedia.com/th/thdesiiyng
https://solvemymedia.com/tr/uyarlamak
https://solvemymedia.com/transcribe
https://solvemymedia.com/transcribe
https://solvemymedia.com/uk/transkribuvati
https://solvemymedia.com/vi/chep-lai
https://solvemymedia.com/zh/lu-zhi","200
200
200
200
200
200
200
200
404
200
200
200
200
200
200
200
200
200
200
200
200
200
404
200
200
200
200
200
200
200
200","Some pages don't include hreflang links to all the other pages of the group
Some pages are not returning 200 status code",1124245034427686738,26,26
21,https://solvemymedia.com/ja/gifwozuo-cheng,"ビデオ to GIF メーカー - ビデオをアニメーション GIF に変換 - SolveMyMedia
SolveMyMedia - Free Online Media Optimization Tools",text/html; charset=utf-8,false,200,0,true,"https://solvemymedia.com/ar/anshaaa-gif
https://solvemymedia.com/ar/nsh-swr-mthrk
https://solvemymedia.com/create-gif
https://solvemymedia.com/create-gif
https://solvemymedia.com/cs/vytvorit-gif
https://solvemymedia.com/da/opret-gif
https://solvemymedia.com/da/oprette-gif
https://solvemymedia.com/de/gif-erstellen
https://solvemymedia.com/el/dimioyrgia-gif
https://solvemymedia.com/es/crear-gif
https://solvemymedia.com/fi/luo-gif
https://solvemymedia.com/fr/creer-un-gif
https://solvemymedia.com/he/lytsvr-gif
https://solvemymedia.com/he/tzor-gif
https://solvemymedia.com/hi/gif-banaye
https://solvemymedia.com/hi/gif-bnaaen
https://solvemymedia.com/hu/gif-letrehozasa
https://solvemymedia.com/id/membuat-gif
https://solvemymedia.com/it/crea-gif
https://solvemymedia.com/it/creare-una-gif
https://solvemymedia.com/ja/gifwozuo-cheng
https://solvemymedia.com/ko/gif-mandeulgi
https://solvemymedia.com/ms/buat-gif
https://solvemymedia.com/nl/gif-maken
https://solvemymedia.com/no/lag-gif
https://solvemymedia.com/no/lage-gif
https://solvemymedia.com/pl/stworz-gif
https://solvemymedia.com/pl/utworz-gifa
https://solvemymedia.com/pt/criar-gif
https://solvemymedia.com/ro/creati-gif
https://solvemymedia.com/ro/creeaza-gif
https://solvemymedia.com/ru/sozdat-gif
https://solvemymedia.com/ru/sozdat-gifku
https://solvemymedia.com/sk/vytvorit-gif
https://solvemymedia.com/sv/skapa-gif
https://solvemymedia.com/th/sang-gif
https://solvemymedia.com/th/sraangkif
https://solvemymedia.com/tr/gif-olustur
https://solvemymedia.com/uk/stvoriti-gif
https://solvemymedia.com/vi/tao-anh-gif
https://solvemymedia.com/vi/tao-gif
https://solvemymedia.com/zh/chuang-jian-gif","404
200
200
200
200
404
200
200
200
200
200
200
404
404
404
200
200
200
404
200
200
200
200
200
404
200
404
200
200
200
404
404
200
404
200
404
200
200
200
200
404
200","More than one page is linked for the same language
Some pages don't include hreflang links to all the other pages of the group
Some pages are not returning 200 status code",17321000843242609092,39,39
21,https://solvemymedia.com/th/aeplngwidiio,"แปลงรูปแบบวิดีโอ - แปลงวิดีโอออนไลน์ฟรี - SolveMyMedia
SolveMyMedia - Free Online Media Optimization Tools",text/html; charset=utf-8,false,200,0,true,"https://solvemymedia.com/ar/thwyl-lfydyw
https://solvemymedia.com/convert-video
https://solvemymedia.com/convert-video
https://solvemymedia.com/cs/prevest-video
https://solvemymedia.com/da/konvertere-video
https://solvemymedia.com/de/video-konvertieren
https://solvemymedia.com/el/metatropi-vinteo
https://solvemymedia.com/es/convertir-video
https://solvemymedia.com/fi/muuntaa-videon
https://solvemymedia.com/fr/convertir-une-video
https://solvemymedia.com/he/lhmyr-vydv
https://solvemymedia.com/hi/viiddiyo-privrtit-kren
https://solvemymedia.com/hu/video-konvertalasa
https://solvemymedia.com/id/mengkonversi-video
https://solvemymedia.com/it/convertire-video
https://solvemymedia.com/ja/bideowobian-huan-suru
https://solvemymedia.com/ko/bidio-byeonhwan
https://solvemymedia.com/ms/menukar-video
https://solvemymedia.com/nl/video-converteren
https://solvemymedia.com/no/konvertere-video
https://solvemymedia.com/pl/konwertuj-wideo
https://solvemymedia.com/pt/converter-video
https://solvemymedia.com/ro/converti-video
https://solvemymedia.com/ru/konvertirovat-video
https://solvemymedia.com/sk/konvertovat-video
https://solvemymedia.com/sv/konvertera-video
https://solvemymedia.com/th/aeplngwidiio
https://solvemymedia.com/tr/videoyu-donustur
https://solvemymedia.com/uk/konvertuvati-video
https://solvemymedia.com/vi/chuyen-doi-video
https://solvemymedia.com/zh/zhuan-huan-shi-pin","200
200
200
200
200
200
200
200
200
200
404
200
200
200
200
200
200
200
200
200
200
200
200
200
404
200
200
200
200
200
200","Some pages don't include hreflang links to all the other pages of the group
Some pages are not returning 200 status code",4827693839827001515,26,26
21,https://solvemymedia.com/ro/converti-video,"Convertiți formate video - Convertor video online gratuit - SolveMyMedia
SolveMyMedia - Free Online Media Optimization Tools",text/html; charset=utf-8,false,200,0,true,"https://solvemymedia.com/ar/thwyl-lfydyw
https://solvemymedia.com/convert-video
https://solvemymedia.com/convert-video
https://solvemymedia.com/cs/prevest-video
https://solvemymedia.com/da/konvertere-video
https://solvemymedia.com/de/video-konvertieren
https://solvemymedia.com/el/metatropi-vinteo
https://solvemymedia.com/es/convertir-video
https://solvemymedia.com/fi/muuntaa-videon
https://solvemymedia.com/fr/convertir-une-video
https://solvemymedia.com/he/lhmyr-vydv
https://solvemymedia.com/hi/viiddiyo-privrtit-kren
https://solvemymedia.com/hu/video-konvertalasa
https://solvemymedia.com/id/mengkonversi-video
https://solvemymedia.com/it/convertire-video
https://solvemymedia.com/ja/bideowobian-huan-suru
https://solvemymedia.com/ko/bidio-byeonhwan
https://solvemymedia.com/ms/menukar-video
https://solvemymedia.com/nl/video-converteren
https://solvemymedia.com/no/konvertere-video
https://solvemymedia.com/pl/konwertuj-wideo
https://solvemymedia.com/pt/converter-video
https://solvemymedia.com/ro/converti-video
https://solvemymedia.com/ru/konvertirovat-video
https://solvemymedia.com/sk/konvertovat-video
https://solvemymedia.com/sv/konvertera-video
https://solvemymedia.com/th/aeplngwidiio
https://solvemymedia.com/tr/videoyu-donustur
https://solvemymedia.com/uk/konvertuvati-video
https://solvemymedia.com/vi/chuyen-doi-video
https://solvemymedia.com/zh/zhuan-huan-shi-pin","200
200
200
200
200
200
200
200
200
200
404
200
200
200
200
200
200
200
200
200
200
200
200
200
404
200
200
200
200
200
200","Some pages don't include hreflang links to all the other pages of the group
Some pages are not returning 200 status code",4827693839827001515,26,26
21,https://solvemymedia.com/pl/utworz-gifa,"Kreator wideo do GIF - Konwertuj wideo na animowany GIF - SolveMyMedia
SolveMyMedia - Free Online Media Optimization Tools",text/html; charset=utf-8,false,200,0,true,"https://solvemymedia.com/ar/nsh-swr-mthrk
https://solvemymedia.com/create-gif
https://solvemymedia.com/create-gif
https://solvemymedia.com/cs/vytvorit-gif
https://solvemymedia.com/da/oprette-gif
https://solvemymedia.com/de/gif-erstellen
https://solvemymedia.com/el/dimioyrgia-gif
https://solvemymedia.com/es/crear-gif
https://solvemymedia.com/fi/luo-gif
https://solvemymedia.com/fr/creer-un-gif
https://solvemymedia.com/he/lytsvr-gif
https://solvemymedia.com/hi/gif-bnaaen
https://solvemymedia.com/hu/gif-letrehozasa
https://solvemymedia.com/id/membuat-gif
https://solvemymedia.com/it/creare-una-gif
https://solvemymedia.com/ja/gifwozuo-cheng
https://solvemymedia.com/ko/gif-mandeulgi
https://solvemymedia.com/ms/buat-gif
https://solvemymedia.com/nl/gif-maken
https://solvemymedia.com/no/lage-gif
https://solvemymedia.com/pl/utworz-gifa
https://solvemymedia.com/pt/criar-gif
https://solvemymedia.com/ro/creati-gif
https://solvemymedia.com/ru/sozdat-gifku
https://solvemymedia.com/sk/vytvorit-gif
https://solvemymedia.com/sv/skapa-gif
https://solvemymedia.com/th/sraangkif
https://solvemymedia.com/tr/gif-olustur
https://solvemymedia.com/uk/stvoriti-gif
https://solvemymedia.com/vi/tao-anh-gif
https://solvemymedia.com/zh/chuang-jian-gif","200
200
200
200
200
200
200
200
200
200
404
200
200
200
200
200
200
200
200
200
200
200
200
200
404
200
200
200
200
200
200","Some pages don't include hreflang links to all the other pages of the group
Some pages are not returning 200 status code",17321000843242609092,26,26
21,https://solvemymedia.com/el/sympiesi-ihoy,"Compress Audio Online - Δωρεάν Audio Compressor - SolveMyMedia
SolveMyMedia - Free Online Media Optimization Tools",text/html; charset=utf-8,false,200,0,true,"https://solvemymedia.com/ar/dgt-lswt
https://solvemymedia.com/compress-audio
https://solvemymedia.com/compress-audio
https://solvemymedia.com/cs/komprimovat-zvuk
https://solvemymedia.com/da/komprimere-lyd
https://solvemymedia.com/de/audio-komprimieren
https://solvemymedia.com/el/sympiesi-ihoy
https://solvemymedia.com/es/comprimir-audio
https://solvemymedia.com/fi/pakkaa-aanta
https://solvemymedia.com/fr/compresser-laudio
https://solvemymedia.com/he/ldkhvs-vdyv
https://solvemymedia.com/hi/onddiyo-snpiiddit-kren
https://solvemymedia.com/hu/tomoriti-a-hangot
https://solvemymedia.com/id/kompres-audio
https://solvemymedia.com/it/comprimere-laudio
https://solvemymedia.com/ja/odeiowoya-suo-suru
https://solvemymedia.com/ko/odio-abcug
https://solvemymedia.com/ms/memampatkan-audio
https://solvemymedia.com/nl/audio-comprimeren
https://solvemymedia.com/no/komprimere-lyd
https://solvemymedia.com/pl/kompresowac-dzwiek
https://solvemymedia.com/pt/comprimir-audio
https://solvemymedia.com/ro/comprima-audio
https://solvemymedia.com/ru/szhimat-audio
https://solvemymedia.com/sk/komprimovat-zvuk
https://solvemymedia.com/sv/komprimera-ljud
https://solvemymedia.com/th/biibadesiiyng
https://solvemymedia.com/tr/sesi-sikistir
https://solvemymedia.com/uk/stiskati-audio
https://solvemymedia.com/vi/nen-am-thanh
https://solvemymedia.com/zh/ya-suo-yin-pin","200
200
200
200
200
200
200
200
200
200
404
200
200
200
200
200
200
200
200
200
200
200
200
200
404
200
200
200
200
200
200","Some pages don't include hreflang links to all the other pages of the group
Some pages are not returning 200 status code",5785178085625259770,26,26
21,https://solvemymedia.com/no/konvertere-lyd,"Konverter lydformater - Gratis online lydkonvertering - SolveMyMedia
SolveMyMedia - Free Online Media Optimization Tools",text/html; charset=utf-8,false,200,0,true,"https://solvemymedia.com/ar/thwyl-alsawt
https://solvemymedia.com/ar/thwyl-lswt
https://solvemymedia.com/convert-audio
https://solvemymedia.com/convert-audio
https://solvemymedia.com/cs/konvertovat-audio
https://solvemymedia.com/cs/prevest-zvuk
https://solvemymedia.com/da/konverter-lyd
https://solvemymedia.com/da/konvertere-lyd
https://solvemymedia.com/de/audio-konvertieren
https://solvemymedia.com/el/metaporpe-audio
https://solvemymedia.com/el/metatropi-ihoy
https://solvemymedia.com/es/convertir-audio
https://solvemymedia.com/fi/muunna-audio
https://solvemymedia.com/fi/muuntaa-aanta
https://solvemymedia.com/fr/convertir-laudio
https://solvemymedia.com/he/hmr-audio
https://solvemymedia.com/he/lhmyr-vdyv
https://solvemymedia.com/hi/audio-convert-kare
https://solvemymedia.com/hi/onddiyo-privrtit-kren
https://solvemymedia.com/hu/hang-konvertalasa
https://solvemymedia.com/hu/hangot-konvertalni
https://solvemymedia.com/id/mengkonversi-audio
https://solvemymedia.com/it/converti-audio
https://solvemymedia.com/it/convertire-laudio
https://solvemymedia.com/ja/odeiowobian-huan-suru
https://solvemymedia.com/ko/odio-byeonhwan
https://solvemymedia.com/ms/menukar-audio
https://solvemymedia.com/ms/tukar-audio
https://solvemymedia.com/nl/audio-converteren
https://solvemymedia.com/no/konvertere-lyd
https://solvemymedia.com/pl/konwertowac-dzwiek
https://solvemymedia.com/pl/konwertuj-audio
https://solvemymedia.com/pt/converter-audio
https://solvemymedia.com/ro/converteste-audio
https://solvemymedia.com/ro/converti-audio
https://solvemymedia.com/ru/konvertirovat-audio
https://solvemymedia.com/sk/konvertovat-audio
https://solvemymedia.com/sk/konvertovat-zvuk
https://solvemymedia.com/sv/konvertera-ljud
https://solvemymedia.com/th/aeplngesiiyng
https://solvemymedia.com/th/pli-an-audio
https://solvemymedia.com/tr/ses-donustur
https://solvemymedia.com/tr/sesi-donustur
https://solvemymedia.com/uk/konvertuvati-audio
https://solvemymedia.com/vi/chuyen-doi-am-thanh
https://solvemymedia.com/zh/zhuan-huan-yin-pin","404
200
200
200
404
200
404
200
200
404
200
200
404
200
200
404
404
404
200
404
200
200
404
200
200
200
200
404
200
200
200
404
200
404
200
200
404
404
200
200
404
404
200
200
200
200","More than one page is linked for the same language
Some pages don't include hreflang links to all the other pages of the group
Some pages are not returning 200 status code",9570318248645165765,42,42
21,https://solvemymedia.com/id/membuat-gif,"Pembuat Video ke GIF - Konversi Video ke GIF Animasi - SolveMyMedia
SolveMyMedia - Free Online Media Optimization Tools",text/html; charset=utf-8,false,200,0,true,"https://solvemymedia.com/ar/anshaaa-gif
https://solvemymedia.com/ar/nsh-swr-mthrk
https://solvemymedia.com/create-gif
https://solvemymedia.com/create-gif
https://solvemymedia.com/cs/vytvorit-gif
https://solvemymedia.com/da/opret-gif
https://solvemymedia.com/da/oprette-gif
https://solvemymedia.com/de/gif-erstellen
https://solvemymedia.com/el/dimioyrgia-gif
https://solvemymedia.com/es/crear-gif
https://solvemymedia.com/fi/luo-gif
https://solvemymedia.com/fr/creer-un-gif
https://solvemymedia.com/he/lytsvr-gif
https://solvemymedia.com/he/tzor-gif
https://solvemymedia.com/hi/gif-banaye
https://solvemymedia.com/hi/gif-bnaaen
https://solvemymedia.com/hu/gif-letrehozasa
https://solvemymedia.com/id/membuat-gif
https://solvemymedia.com/it/crea-gif
https://solvemymedia.com/it/creare-una-gif
https://solvemymedia.com/ja/gifwozuo-cheng
https://solvemymedia.com/ko/gif-mandeulgi
https://solvemymedia.com/ms/buat-gif
https://solvemymedia.com/nl/gif-maken
https://solvemymedia.com/no/lag-gif
https://solvemymedia.com/no/lage-gif
https://solvemymedia.com/pl/stworz-gif
https://solvemymedia.com/pl/utworz-gifa
https://solvemymedia.com/pt/criar-gif
https://solvemymedia.com/ro/creati-gif
https://solvemymedia.com/ro/creeaza-gif
https://solvemymedia.com/ru/sozdat-gif
https://solvemymedia.com/ru/sozdat-gifku
https://solvemymedia.com/sk/vytvorit-gif
https://solvemymedia.com/sv/skapa-gif
https://solvemymedia.com/th/sang-gif
https://solvemymedia.com/th/sraangkif
https://solvemymedia.com/tr/gif-olustur
https://solvemymedia.com/uk/stvoriti-gif
https://solvemymedia.com/vi/tao-anh-gif
https://solvemymedia.com/vi/tao-gif
https://solvemymedia.com/zh/chuang-jian-gif","404
200
200
200
200
404
200
200
200
200
200
200
404
404
404
200
200
200
404
200
200
200
200
200
404
200
404
200
200
200
404
404
200
404
200
404
200
200
200
200
404
200","More than one page is linked for the same language
Some pages don't include hreflang links to all the other pages of the group
Some pages are not returning 200 status code",17321000843242609092,39,39
21,https://solvemymedia.com/pt/video-para-audio,"Extraia áudio de vídeo - Conversor de vídeo para MP3 - SolveMyMedia
SolveMyMedia - Free Online Media Optimization Tools",text/html; charset=utf-8,false,200,0,true,"https://solvemymedia.com/ar/fidyo-ila-sawt
https://solvemymedia.com/ar/lfydyw-l-lswt
https://solvemymedia.com/cs/video-na-audio
https://solvemymedia.com/cs/video-na-zvuk
https://solvemymedia.com/da/video-til-lyd
https://solvemymedia.com/de/video-zu-audio
https://solvemymedia.com/el/video-se-audio
https://solvemymedia.com/el/vinteo-se-iho
https://solvemymedia.com/es/video-a-audio
https://solvemymedia.com/fi/video-audioksi
https://solvemymedia.com/fi/videosta-aaneksi
https://solvemymedia.com/fr/video-en-audio
https://solvemymedia.com/he/video-leaudio
https://solvemymedia.com/he/vydv-lvdyv
https://solvemymedia.com/hi/video-se-audio
https://solvemymedia.com/hi/viiddiyo-se-onddiyo
https://solvemymedia.com/hu/video-hanggya
https://solvemymedia.com/hu/videorol-hangra
https://solvemymedia.com/id/video-ke-audio
https://solvemymedia.com/it/video-in-audio
https://solvemymedia.com/ja/bideokaraodeiohe
https://solvemymedia.com/ko/bidio-eseo-odio
https://solvemymedia.com/ko/bidioreul-odioro
https://solvemymedia.com/ms/video-ke-audio
https://solvemymedia.com/ms/video-kepada-audio
https://solvemymedia.com/nl/video-naar-audio
https://solvemymedia.com/no/video-til-lyd
https://solvemymedia.com/pl/wideo-do-dzwieku
https://solvemymedia.com/pl/wideo-na-audio
https://solvemymedia.com/pt/video-para-audio
https://solvemymedia.com/ro/video-in-audio
https://solvemymedia.com/ro/video-la-audio
https://solvemymedia.com/ru/video-v-audio
https://solvemymedia.com/sk/video-na-audio
https://solvemymedia.com/sk/video-na-zvuk
https://solvemymedia.com/sv/video-till-ljud
https://solvemymedia.com/th/wideo-phen-siang
https://solvemymedia.com/th/widiioepnesiiyng
https://solvemymedia.com/tr/videodan-ses
https://solvemymedia.com/tr/videodan-sese
https://solvemymedia.com/uk/video-v-audio
https://solvemymedia.com/vi/video-sang-am-thanh
https://solvemymedia.com/vi/video-thanh-am-thanh
https://solvemymedia.com/video-to-audio
https://solvemymedia.com/video-to-audio
https://solvemymedia.com/zh/shi-pin-zhuan-yin-pin","404
200
404
200
200
200
404
200
200
404
200
200
404
404
404
200
404
200
200
200
200
404
200
404
200
200
200
200
404
200
200
404
200
404
404
200
404
200
404
200
200
404
200
200
200
200","More than one page is linked for the same language
Some pages don't include hreflang links to all the other pages of the group
Some pages are not returning 200 status code",2926664764167155975,42,42
21,https://solvemymedia.com/ja/bideokaraodeiohe,"ビデオからオーディオを抽出 - ビデオから MP3 コンバーター - SolveMyMedia
SolveMyMedia - Free Online Media Optimization Tools",text/html; charset=utf-8,false,200,0,true,"https://solvemymedia.com/ar/fidyo-ila-sawt
https://solvemymedia.com/ar/lfydyw-l-lswt
https://solvemymedia.com/cs/video-na-audio
https://solvemymedia.com/cs/video-na-zvuk
https://solvemymedia.com/da/video-til-lyd
https://solvemymedia.com/de/video-zu-audio
https://solvemymedia.com/el/video-se-audio
https://solvemymedia.com/el/vinteo-se-iho
https://solvemymedia.com/es/video-a-audio
https://solvemymedia.com/fi/video-audioksi
https://solvemymedia.com/fi/videosta-aaneksi
https://solvemymedia.com/fr/video-en-audio
https://solvemymedia.com/he/video-leaudio
https://solvemymedia.com/he/vydv-lvdyv
https://solvemymedia.com/hi/video-se-audio
https://solvemymedia.com/hi/viiddiyo-se-onddiyo
https://solvemymedia.com/hu/video-hanggya
https://solvemymedia.com/hu/videorol-hangra
https://solvemymedia.com/id/video-ke-audio
https://solvemymedia.com/it/video-in-audio
https://solvemymedia.com/ja/bideokaraodeiohe
https://solvemymedia.com/ko/bidio-eseo-odio
https://solvemymedia.com/ko/bidioreul-odioro
https://solvemymedia.com/ms/video-ke-audio
https://solvemymedia.com/ms/video-kepada-audio
https://solvemymedia.com/nl/video-naar-audio
https://solvemymedia.com/no/video-til-lyd
https://solvemymedia.com/pl/wideo-do-dzwieku
https://solvemymedia.com/pl/wideo-na-audio
https://solvemymedia.com/pt/video-para-audio
https://solvemymedia.com/ro/video-in-audio
https://solvemymedia.com/ro/video-la-audio
https://solvemymedia.com/ru/video-v-audio
https://solvemymedia.com/sk/video-na-audio
https://solvemymedia.com/sk/video-na-zvuk
https://solvemymedia.com/sv/video-till-ljud
https://solvemymedia.com/th/wideo-phen-siang
https://solvemymedia.com/th/widiioepnesiiyng
https://solvemymedia.com/tr/videodan-ses
https://solvemymedia.com/tr/videodan-sese
https://solvemymedia.com/uk/video-v-audio
https://solvemymedia.com/vi/video-sang-am-thanh
https://solvemymedia.com/vi/video-thanh-am-thanh
https://solvemymedia.com/video-to-audio
https://solvemymedia.com/video-to-audio
https://solvemymedia.com/zh/shi-pin-zhuan-yin-pin","404
200
404
200
200
200
404
200
200
404
200
200
404
404
404
200
404
200
200
200
200
404
200
404
200
200
200
200
404
200
200
404
200
404
404
200
404
200
404
200
200
404
200
200
200
200","More than one page is linked for the same language
Some pages don't include hreflang links to all the other pages of the group
Some pages are not returning 200 status code",2926664764167155975,42,42
21,https://solvemymedia.com/el/metatropi-ihoy,"Μετατροπή μορφών ήχου - Δωρεάν διαδικτυακός μετατροπέας ήχου - SolveMyMedia
SolveMyMedia - Free Online Media Optimization Tools",text/html; charset=utf-8,false,200,0,true,"https://solvemymedia.com/ar/thwyl-lswt
https://solvemymedia.com/convert-audio
https://solvemymedia.com/convert-audio
https://solvemymedia.com/cs/prevest-zvuk
https://solvemymedia.com/da/konvertere-lyd
https://solvemymedia.com/de/audio-konvertieren
https://solvemymedia.com/el/metatropi-ihoy
https://solvemymedia.com/es/convertir-audio
https://solvemymedia.com/fi/muuntaa-aanta
https://solvemymedia.com/fr/convertir-laudio
https://solvemymedia.com/he/lhmyr-vdyv
https://solvemymedia.com/hi/onddiyo-privrtit-kren
https://solvemymedia.com/hu/hangot-konvertalni
https://solvemymedia.com/id/mengkonversi-audio
https://solvemymedia.com/it/convertire-laudio
https://solvemymedia.com/ja/odeiowobian-huan-suru
https://solvemymedia.com/ko/odio-byeonhwan
https://solvemymedia.com/ms/menukar-audio
https://solvemymedia.com/nl/audio-converteren
https://solvemymedia.com/no/konvertere-lyd
https://solvemymedia.com/pl/konwertowac-dzwiek
https://solvemymedia.com/pt/converter-audio
https://solvemymedia.com/ro/converti-audio
https://solvemymedia.com/ru/konvertirovat-audio
https://solvemymedia.com/sk/konvertovat-zvuk
https://solvemymedia.com/sv/konvertera-ljud
https://solvemymedia.com/th/aeplngesiiyng
https://solvemymedia.com/tr/sesi-donustur
https://solvemymedia.com/uk/konvertuvati-audio
https://solvemymedia.com/vi/chuyen-doi-am-thanh
https://solvemymedia.com/zh/zhuan-huan-yin-pin","200
200
200
200
200
200
200
200
200
200
404
200
200
200
200
200
200
200
200
200
200
200
200
200
404
200
200
200
200
200
200","Some pages don't include hreflang links to all the other pages of the group
Some pages are not returning 200 status code",17243122406961147091,26,26
21,https://solvemymedia.com/nl/video-converteren,"Videoformaten converteren - Gratis online video-omzetter - SolveMyMedia
SolveMyMedia - Free Online Media Optimization Tools",text/html; charset=utf-8,false,200,0,true,"https://solvemymedia.com/ar/thwyl-alfidyo
https://solvemymedia.com/ar/thwyl-lfydyw
https://solvemymedia.com/convert-video
https://solvemymedia.com/convert-video
https://solvemymedia.com/cs/konvertovat-video
https://solvemymedia.com/cs/prevest-video
https://solvemymedia.com/da/konverter-video
https://solvemymedia.com/da/konvertere-video
https://solvemymedia.com/de/video-konvertieren
https://solvemymedia.com/el/metaporpe-video
https://solvemymedia.com/el/metatropi-vinteo
https://solvemymedia.com/es/convertir-video
https://solvemymedia.com/fi/muunna-video
https://solvemymedia.com/fi/muuntaa-videon
https://solvemymedia.com/fr/convertir-une-video
https://solvemymedia.com/he/hmr-video
https://solvemymedia.com/he/lhmyr-vydv
https://solvemymedia.com/hi/video-convert-kare
https://solvemymedia.com/hi/viiddiyo-privrtit-kren
https://solvemymedia.com/hu/video-konvertalasa
https://solvemymedia.com/id/mengkonversi-video
https://solvemymedia.com/it/converti-video
https://solvemymedia.com/it/convertire-video
https://solvemymedia.com/ja/bideowobian-huan-suru
https://solvemymedia.com/ko/bidio-byeonhwan
https://solvemymedia.com/ms/menukar-video
https://solvemymedia.com/ms/tukar-video
https://solvemymedia.com/nl/video-converteren
https://solvemymedia.com/no/konvertere-video
https://solvemymedia.com/pl/konwertuj-wideo
https://solvemymedia.com/pt/converter-video
https://solvemymedia.com/ro/converteste-video
https://solvemymedia.com/ro/converti-video
https://solvemymedia.com/ru/konvertirovat-video
https://solvemymedia.com/sk/konvertovat-video
https://solvemymedia.com/sv/konvertera-video
https://solvemymedia.com/th/aeplngwidiio
https://solvemymedia.com/th/pli-an-wideo
https://solvemymedia.com/tr/video-donustur
https://solvemymedia.com/tr/videoyu-donustur
https://solvemymedia.com/uk/konvertuvati-video
https://solvemymedia.com/vi/chuyen-doi-video
https://solvemymedia.com/zh/zhuan-huan-shi-pin","404
200
200
200
404
200
404
200
200
404
200
200
404
200
200
404
404
404
200
200
200
404
200
200
200
200
404
200
200
200
200
404
200
200
404
200
200
404
404
200
200
200
200","More than one page is linked for the same language
Some pages don't include hreflang links to all the other pages of the group
Some pages are not returning 200 status code",3718947784658654109,40,40
21,https://solvemymedia.com/es/crear-gif,"Creador de vídeo a GIF: convierte vídeo a GIF animado - SolveMyMedia
SolveMyMedia - Free Online Media Optimization Tools",text/html; charset=utf-8,false,200,0,true,"https://solvemymedia.com/ar/anshaaa-gif
https://solvemymedia.com/ar/nsh-swr-mthrk
https://solvemymedia.com/create-gif
https://solvemymedia.com/create-gif
https://solvemymedia.com/cs/vytvorit-gif
https://solvemymedia.com/da/opret-gif
https://solvemymedia.com/da/oprette-gif
https://solvemymedia.com/de/gif-erstellen
https://solvemymedia.com/el/dimioyrgia-gif
https://solvemymedia.com/es/crear-gif
https://solvemymedia.com/fi/luo-gif
https://solvemymedia.com/fr/creer-un-gif
https://solvemymedia.com/he/lytsvr-gif
https://solvemymedia.com/he/tzor-gif
https://solvemymedia.com/hi/gif-banaye
https://solvemymedia.com/hi/gif-bnaaen
https://solvemymedia.com/hu/gif-letrehozasa
https://solvemymedia.com/id/membuat-gif
https://solvemymedia.com/it/crea-gif
https://solvemymedia.com/it/creare-una-gif
https://solvemymedia.com/ja/gifwozuo-cheng
https://solvemymedia.com/ko/gif-mandeulgi
https://solvemymedia.com/ms/buat-gif
https://solvemymedia.com/nl/gif-maken
https://solvemymedia.com/no/lag-gif
https://solvemymedia.com/no/lage-gif
https://solvemymedia.com/pl/stworz-gif
https://solvemymedia.com/pl/utworz-gifa
https://solvemymedia.com/pt/criar-gif
https://solvemymedia.com/ro/creati-gif
https://solvemymedia.com/ro/creeaza-gif
https://solvemymedia.com/ru/sozdat-gif
https://solvemymedia.com/ru/sozdat-gifku
https://solvemymedia.com/sk/vytvorit-gif
https://solvemymedia.com/sv/skapa-gif
https://solvemymedia.com/th/sang-gif
https://solvemymedia.com/th/sraangkif
https://solvemymedia.com/tr/gif-olustur
https://solvemymedia.com/uk/stvoriti-gif
https://solvemymedia.com/vi/tao-anh-gif
https://solvemymedia.com/vi/tao-gif
https://solvemymedia.com/zh/chuang-jian-gif","404
200
200
200
200
404
200
200
200
200
200
200
404
404
404
200
200
200
404
200
200
200
200
200
404
200
404
200
200
200
404
404
200
404
200
404
200
200
200
200
404
200","More than one page is linked for the same language
Some pages don't include hreflang links to all the other pages of the group
Some pages are not returning 200 status code",17321000843242609092,39,39
21,https://solvemymedia.com/uk/transkribuvati,"Транскрипція аудіо та відео - ШІ-мовлення в текст - SolveMyMedia
SolveMyMedia - Free Online Media Optimization Tools",text/html; charset=utf-8,false,200,0,true,"https://solvemymedia.com/ar/nskh
https://solvemymedia.com/cs/prepsat
https://solvemymedia.com/da/transskribere
https://solvemymedia.com/de/transkribieren
https://solvemymedia.com/el/antigrafo
https://solvemymedia.com/es/transcribir
https://solvemymedia.com/fi/litteroida
https://solvemymedia.com/fr/transcrire
https://solvemymedia.com/he/ltaateq
https://solvemymedia.com/hi/ttaaip-krnaa
https://solvemymedia.com/hu/lemasol
https://solvemymedia.com/id/menuliskan
https://solvemymedia.com/it/trascrivere
https://solvemymedia.com/ja/zhuan-xie-suru
https://solvemymedia.com/ko/gocyeo-sseuda
https://solvemymedia.com/ms/transkripsi
https://solvemymedia.com/nl/transcriberen
https://solvemymedia.com/no/transkribere
https://solvemymedia.com/pl/rozpisac
https://solvemymedia.com/pt/transcrever
https://solvemymedia.com/ro/transcrie
https://solvemymedia.com/ru/perepisyvat
https://solvemymedia.com/sk/prepisovat
https://solvemymedia.com/sv/transkribera
https://solvemymedia.com/th/thdesiiyng
https://solvemymedia.com/tr/uyarlamak
https://solvemymedia.com/transcribe
https://solvemymedia.com/transcribe
https://solvemymedia.com/uk/transkribuvati
https://solvemymedia.com/vi/chep-lai
https://solvemymedia.com/zh/lu-zhi","200
200
200
200
200
200
200
200
404
200
200
200
200
200
200
200
200
200
200
200
200
200
404
200
200
200
200
200
200
200
200","Some pages don't include hreflang links to all the other pages of the group
Some pages are not returning 200 status code",1124245034427686738,26,26
21,https://solvemymedia.com/fr/convertir-une-video,"Convertir les formats vidéo - Convertisseur vidéo en ligne gratuit - SolveMyMedia
SolveMyMedia - Free Online Media Optimization Tools",text/html; charset=utf-8,false,200,0,true,"https://solvemymedia.com/ar/thwyl-alfidyo
https://solvemymedia.com/ar/thwyl-lfydyw
https://solvemymedia.com/convert-video
https://solvemymedia.com/convert-video
https://solvemymedia.com/cs/konvertovat-video
https://solvemymedia.com/cs/prevest-video
https://solvemymedia.com/da/konverter-video
https://solvemymedia.com/da/konvertere-video
https://solvemymedia.com/de/video-konvertieren
https://solvemymedia.com/el/metaporpe-video
https://solvemymedia.com/el/metatropi-vinteo
https://solvemymedia.com/es/convertir-video
https://solvemymedia.com/fi/muunna-video
https://solvemymedia.com/fi/muuntaa-videon
https://solvemymedia.com/fr/convertir-une-video
https://solvemymedia.com/he/hmr-video
https://solvemymedia.com/he/lhmyr-vydv
https://solvemymedia.com/hi/video-convert-kare
https://solvemymedia.com/hi/viiddiyo-privrtit-kren
https://solvemymedia.com/hu/video-konvertalasa
https://solvemymedia.com/id/mengkonversi-video
https://solvemymedia.com/it/converti-video
https://solvemymedia.com/it/convertire-video
https://solvemymedia.com/ja/bideowobian-huan-suru
https://solvemymedia.com/ko/bidio-byeonhwan
https://solvemymedia.com/ms/menukar-video
https://solvemymedia.com/ms/tukar-video
https://solvemymedia.com/nl/video-converteren
https://solvemymedia.com/no/konvertere-video
https://solvemymedia.com/pl/konwertuj-wideo
https://solvemymedia.com/pt/converter-video
https://solvemymedia.com/ro/converteste-video
https://solvemymedia.com/ro/converti-video
https://solvemymedia.com/ru/konvertirovat-video
https://solvemymedia.com/sk/konvertovat-video
https://solvemymedia.com/sv/konvertera-video
https://solvemymedia.com/th/aeplngwidiio
https://solvemymedia.com/th/pli-an-wideo
https://solvemymedia.com/tr/video-donustur
https://solvemymedia.com/tr/videoyu-donustur
https://solvemymedia.com/uk/konvertuvati-video
https://solvemymedia.com/vi/chuyen-doi-video
https://solvemymedia.com/zh/zhuan-huan-shi-pin","404
200
200
200
404
200
404
200
200
404
200
200
404
200
200
404
404
404
200
200
200
404
200
200
200
200
404
200
200
200
200
404
200
200
404
200
200
404
404
200
200
200
200","More than one page is linked for the same language
Some pages don't include hreflang links to all the other pages of the group
Some pages are not returning 200 status code",3718947784658654109,40,40
21,https://solvemymedia.com/es/convertir-audio,"Convertir formatos de audio - Convertidor de audio en línea gratuito - SolveMyMedia
SolveMyMedia - Free Online Media Optimization Tools",text/html; charset=utf-8,false,200,0,true,"https://solvemymedia.com/ar/thwyl-alsawt
https://solvemymedia.com/ar/thwyl-lswt
https://solvemymedia.com/convert-audio
https://solvemymedia.com/convert-audio
https://solvemymedia.com/cs/konvertovat-audio
https://solvemymedia.com/cs/prevest-zvuk
https://solvemymedia.com/da/konverter-lyd
https://solvemymedia.com/da/konvertere-lyd
https://solvemymedia.com/de/audio-konvertieren
https://solvemymedia.com/el/metaporpe-audio
https://solvemymedia.com/el/metatropi-ihoy
https://solvemymedia.com/es/convertir-audio
https://solvemymedia.com/fi/muunna-audio
https://solvemymedia.com/fi/muuntaa-aanta
https://solvemymedia.com/fr/convertir-laudio
https://solvemymedia.com/he/hmr-audio
https://solvemymedia.com/he/lhmyr-vdyv
https://solvemymedia.com/hi/audio-convert-kare
https://solvemymedia.com/hi/onddiyo-privrtit-kren
https://solvemymedia.com/hu/hang-konvertalasa
https://solvemymedia.com/hu/hangot-konvertalni
https://solvemymedia.com/id/mengkonversi-audio
https://solvemymedia.com/it/converti-audio
https://solvemymedia.com/it/convertire-laudio
https://solvemymedia.com/ja/odeiowobian-huan-suru
https://solvemymedia.com/ko/odio-byeonhwan
https://solvemymedia.com/ms/menukar-audio
https://solvemymedia.com/ms/tukar-audio
https://solvemymedia.com/nl/audio-converteren
https://solvemymedia.com/no/konvertere-lyd
https://solvemymedia.com/pl/konwertowac-dzwiek
https://solvemymedia.com/pl/konwertuj-audio
https://solvemymedia.com/pt/converter-audio
https://solvemymedia.com/ro/converteste-audio
https://solvemymedia.com/ro/converti-audio
https://solvemymedia.com/ru/konvertirovat-audio
https://solvemymedia.com/sk/konvertovat-audio
https://solvemymedia.com/sk/konvertovat-zvuk
https://solvemymedia.com/sv/konvertera-ljud
https://solvemymedia.com/th/aeplngesiiyng
https://solvemymedia.com/th/pli-an-audio
https://solvemymedia.com/tr/ses-donustur
https://solvemymedia.com/tr/sesi-donustur
https://solvemymedia.com/uk/konvertuvati-audio
https://solvemymedia.com/vi/chuyen-doi-am-thanh
https://solvemymedia.com/zh/zhuan-huan-yin-pin","404
200
200
200
404
200
404
200
200
404
200
200
404
200
200
404
404
404
200
404
200
200
404
200
200
200
200
404
200
200
200
404
200
404
200
200
404
404
200
200
404
404
200
200
200
200","More than one page is linked for the same language
Some pages don't include hreflang links to all the other pages of the group
Some pages are not returning 200 status code",9570318248645165765,42,42
21,https://solvemymedia.com/no/video-til-lyd,"Trekk ut lyd fra video - Video til MP3 Converter - SolveMyMedia
SolveMyMedia - Free Online Media Optimization Tools",text/html; charset=utf-8,false,200,0,true,"https://solvemymedia.com/ar/fidyo-ila-sawt
https://solvemymedia.com/ar/lfydyw-l-lswt
https://solvemymedia.com/cs/video-na-audio
https://solvemymedia.com/cs/video-na-zvuk
https://solvemymedia.com/da/video-til-lyd
https://solvemymedia.com/de/video-zu-audio
https://solvemymedia.com/el/video-se-audio
https://solvemymedia.com/el/vinteo-se-iho
https://solvemymedia.com/es/video-a-audio
https://solvemymedia.com/fi/video-audioksi
https://solvemymedia.com/fi/videosta-aaneksi
https://solvemymedia.com/fr/video-en-audio
https://solvemymedia.com/he/video-leaudio
https://solvemymedia.com/he/vydv-lvdyv
https://solvemymedia.com/hi/video-se-audio
https://solvemymedia.com/hi/viiddiyo-se-onddiyo
https://solvemymedia.com/hu/video-hanggya
https://solvemymedia.com/hu/videorol-hangra
https://solvemymedia.com/id/video-ke-audio
https://solvemymedia.com/it/video-in-audio
https://solvemymedia.com/ja/bideokaraodeiohe
https://solvemymedia.com/ko/bidio-eseo-odio
https://solvemymedia.com/ko/bidioreul-odioro
https://solvemymedia.com/ms/video-ke-audio
https://solvemymedia.com/ms/video-kepada-audio
https://solvemymedia.com/nl/video-naar-audio
https://solvemymedia.com/no/video-til-lyd
https://solvemymedia.com/pl/wideo-do-dzwieku
https://solvemymedia.com/pl/wideo-na-audio
https://solvemymedia.com/pt/video-para-audio
https://solvemymedia.com/ro/video-in-audio
https://solvemymedia.com/ro/video-la-audio
https://solvemymedia.com/ru/video-v-audio
https://solvemymedia.com/sk/video-na-audio
https://solvemymedia.com/sk/video-na-zvuk
https://solvemymedia.com/sv/video-till-ljud
https://solvemymedia.com/th/wideo-phen-siang
https://solvemymedia.com/th/widiioepnesiiyng
https://solvemymedia.com/tr/videodan-ses
https://solvemymedia.com/tr/videodan-sese
https://solvemymedia.com/uk/video-v-audio
https://solvemymedia.com/vi/video-sang-am-thanh
https://solvemymedia.com/vi/video-thanh-am-thanh
https://solvemymedia.com/video-to-audio
https://solvemymedia.com/video-to-audio
https://solvemymedia.com/zh/shi-pin-zhuan-yin-pin","404
200
404
200
200
200
404
200
200
404
200
200
404
404
404
200
404
200
200
200
200
404
200
404
200
200
200
200
404
200
200
404
200
404
404
200
404
200
404
200
200
404
200
200
200
200","More than one page is linked for the same language
Some pages don't include hreflang links to all the other pages of the group
Some pages are not returning 200 status code",2926664764167155975,42,42
21,https://solvemymedia.com/es/comprimir-audio,"Comprimir audio en línea - Compresor de audio gratuito - SolveMyMedia
SolveMyMedia - Free Online Media Optimization Tools",text/html; charset=utf-8,false,200,0,true,"https://solvemymedia.com/ar/dght-alsawt
https://solvemymedia.com/ar/dgt-lswt
https://solvemymedia.com/compress-audio
https://solvemymedia.com/compress-audio
https://solvemymedia.com/cs/komprimovat-audio
https://solvemymedia.com/cs/komprimovat-zvuk
https://solvemymedia.com/da/komprimer-lyd
https://solvemymedia.com/da/komprimere-lyd
https://solvemymedia.com/de/audio-komprimieren
https://solvemymedia.com/el/symnpiesost-audio
https://solvemymedia.com/el/sympiesi-ihoy
https://solvemymedia.com/es/comprimir-audio
https://solvemymedia.com/fi/pakkaa-aanta
https://solvemymedia.com/fi/pakkaa-audio
https://solvemymedia.com/fr/compresser-laudio
https://solvemymedia.com/he/dchisot-audio
https://solvemymedia.com/he/ldkhvs-vdyv
https://solvemymedia.com/hi/audio-compress-kare
https://solvemymedia.com/hi/onddiyo-snpiiddit-kren
https://solvemymedia.com/hu/hang-tomoritese
https://solvemymedia.com/hu/tomoriti-a-hangot
https://solvemymedia.com/id/kompres-audio
https://solvemymedia.com/it/comprimere-laudio
https://solvemymedia.com/it/comprimi-audio
https://solvemymedia.com/ja/odeiowoya-suo-suru
https://solvemymedia.com/ko/odio-abcug
https://solvemymedia.com/ko/odio-apchuk
https://solvemymedia.com/ms/mampat-audio
https://solvemymedia.com/ms/memampatkan-audio
https://solvemymedia.com/nl/audio-comprimeren
https://solvemymedia.com/no/komprimere-lyd
https://solvemymedia.com/pl/kompresowac-dzwiek
https://solvemymedia.com/pl/kompresuj-audio
https://solvemymedia.com/pt/comprimir-audio
https://solvemymedia.com/ro/comprima-audio
https://solvemymedia.com/ru/szhat-audio
https://solvemymedia.com/ru/szhimat-audio
https://solvemymedia.com/sk/komprimovat-audio
https://solvemymedia.com/sk/komprimovat-zvuk
https://solvemymedia.com/sv/komprimera-ljud
https://solvemymedia.com/th/biibadesiiyng
https://solvemymedia.com/th/ko-op-audio
https://solvemymedia.com/tr/ses-sikistir
https://solvemymedia.com/tr/sesi-sikistir
https://solvemymedia.com/uk/stiskati-audio
https://solvemymedia.com/uk/sty-snuti-audio
https://solvemymedia.com/vi/nen-am-thanh
https://solvemymedia.com/zh/ya-suo-yin-pin","404
200
200
200
404
200
404
200
200
404
200
200
200
404
200
404
404
404
200
404
200
200
200
404
200
200
404
404
200
200
200
200
404
200
200
404
200
404
404
200
200
404
404
200
200
404
200
200","More than one page is linked for the same language
Some pages don't include hreflang links to all the other pages of the group
Some pages are not returning 200 status code",5785178085625259770,44,44
21,https://solvemymedia.com/it/video-in-audio,"Estrai audio da video - Convertitore da video a MP3 - SolveMyMedia
SolveMyMedia - Free Online Media Optimization Tools",text/html; charset=utf-8,false,200,0,true,"https://solvemymedia.com/ar/fidyo-ila-sawt
https://solvemymedia.com/ar/lfydyw-l-lswt
https://solvemymedia.com/cs/video-na-audio
https://solvemymedia.com/cs/video-na-zvuk
https://solvemymedia.com/da/video-til-lyd
https://solvemymedia.com/de/video-zu-audio
https://solvemymedia.com/el/video-se-audio
https://solvemymedia.com/el/vinteo-se-iho
https://solvemymedia.com/es/video-a-audio
https://solvemymedia.com/fi/video-audioksi
https://solvemymedia.com/fi/videosta-aaneksi
https://solvemymedia.com/fr/video-en-audio
https://solvemymedia.com/he/video-leaudio
https://solvemymedia.com/he/vydv-lvdyv
https://solvemymedia.com/hi/video-se-audio
https://solvemymedia.com/hi/viiddiyo-se-onddiyo
https://solvemymedia.com/hu/video-hanggya
https://solvemymedia.com/hu/videorol-hangra
https://solvemymedia.com/id/video-ke-audio
https://solvemymedia.com/it/video-in-audio
https://solvemymedia.com/ja/bideokaraodeiohe
https://solvemymedia.com/ko/bidio-eseo-odio
https://solvemymedia.com/ko/bidioreul-odioro
https://solvemymedia.com/ms/video-ke-audio
https://solvemymedia.com/ms/video-kepada-audio
https://solvemymedia.com/nl/video-naar-audio
https://solvemymedia.com/no/video-til-lyd
https://solvemymedia.com/pl/wideo-do-dzwieku
https://solvemymedia.com/pl/wideo-na-audio
https://solvemymedia.com/pt/video-para-audio
https://solvemymedia.com/ro/video-in-audio
https://solvemymedia.com/ro/video-la-audio
https://solvemymedia.com/ru/video-v-audio
https://solvemymedia.com/sk/video-na-audio
https://solvemymedia.com/sk/video-na-zvuk
https://solvemymedia.com/sv/video-till-ljud
https://solvemymedia.com/th/wideo-phen-siang
https://solvemymedia.com/th/widiioepnesiiyng
https://solvemymedia.com/tr/videodan-ses
https://solvemymedia.com/tr/videodan-sese
https://solvemymedia.com/uk/video-v-audio
https://solvemymedia.com/vi/video-sang-am-thanh
https://solvemymedia.com/vi/video-thanh-am-thanh
https://solvemymedia.com/video-to-audio
https://solvemymedia.com/video-to-audio
https://solvemymedia.com/zh/shi-pin-zhuan-yin-pin","404
200
404
200
200
200
404
200
200
404
200
200
404
404
404
200
404
200
200
200
200
404
200
404
200
200
200
200
404
200
200
404
200
404
404
200
404
200
404
200
200
404
200
200
200
200","More than one page is linked for the same language
Some pages don't include hreflang links to all the other pages of the group
Some pages are not returning 200 status code",2926664764167155975,42,42
21,https://solvemymedia.com/hu/tomoriti-a-hangot,"Audio tömörítése online - Ingyenes hangkompresszor - SolveMyMedia
SolveMyMedia - Free Online Media Optimization Tools",text/html; charset=utf-8,false,200,0,true,"https://solvemymedia.com/ar/dgt-lswt
https://solvemymedia.com/compress-audio
https://solvemymedia.com/compress-audio
https://solvemymedia.com/cs/komprimovat-zvuk
https://solvemymedia.com/da/komprimere-lyd
https://solvemymedia.com/de/audio-komprimieren
https://solvemymedia.com/el/sympiesi-ihoy
https://solvemymedia.com/es/comprimir-audio
https://solvemymedia.com/fi/pakkaa-aanta
https://solvemymedia.com/fr/compresser-laudio
https://solvemymedia.com/he/ldkhvs-vdyv
https://solvemymedia.com/hi/onddiyo-snpiiddit-kren
https://solvemymedia.com/hu/tomoriti-a-hangot
https://solvemymedia.com/id/kompres-audio
https://solvemymedia.com/it/comprimere-laudio
https://solvemymedia.com/ja/odeiowoya-suo-suru
https://solvemymedia.com/ko/odio-abcug
https://solvemymedia.com/ms/memampatkan-audio
https://solvemymedia.com/nl/audio-comprimeren
https://solvemymedia.com/no/komprimere-lyd
https://solvemymedia.com/pl/kompresowac-dzwiek
https://solvemymedia.com/pt/comprimir-audio
https://solvemymedia.com/ro/comprima-audio
https://solvemymedia.com/ru/szhimat-audio
https://solvemymedia.com/sk/komprimovat-zvuk
https://solvemymedia.com/sv/komprimera-ljud
https://solvemymedia.com/th/biibadesiiyng
https://solvemymedia.com/tr/sesi-sikistir
https://solvemymedia.com/uk/stiskati-audio
https://solvemymedia.com/vi/nen-am-thanh
https://solvemymedia.com/zh/ya-suo-yin-pin","200
200
200
200
200
200
200
200
200
200
404
200
200
200
200
200
200
200
200
200
200
200
200
200
404
200
200
200
200
200
200","Some pages don't include hreflang links to all the other pages of the group
Some pages are not returning 200 status code",5785178085625259770,26,26
21,https://solvemymedia.com/el/antigrafo,"Μεταγραφή ήχου και βίντεο - AI Ομιλία σε κείμενο - SolveMyMedia
SolveMyMedia - Free Online Media Optimization Tools",text/html; charset=utf-8,false,200,0,true,"https://solvemymedia.com/ar/nskh
https://solvemymedia.com/cs/prepsat
https://solvemymedia.com/da/transskribere
https://solvemymedia.com/de/transkribieren
https://solvemymedia.com/el/antigrafo
https://solvemymedia.com/es/transcribir
https://solvemymedia.com/fi/litteroida
https://solvemymedia.com/fr/transcrire
https://solvemymedia.com/he/ltaateq
https://solvemymedia.com/hi/ttaaip-krnaa
https://solvemymedia.com/hu/lemasol
https://solvemymedia.com/id/menuliskan
https://solvemymedia.com/it/trascrivere
https://solvemymedia.com/ja/zhuan-xie-suru
https://solvemymedia.com/ko/gocyeo-sseuda
https://solvemymedia.com/ms/transkripsi
https://solvemymedia.com/nl/transcriberen
https://solvemymedia.com/no/transkribere
https://solvemymedia.com/pl/rozpisac
https://solvemymedia.com/pt/transcrever
https://solvemymedia.com/ro/transcrie
https://solvemymedia.com/ru/perepisyvat
https://solvemymedia.com/sk/prepisovat
https://solvemymedia.com/sv/transkribera
https://solvemymedia.com/th/thdesiiyng
https://solvemymedia.com/tr/uyarlamak
https://solvemymedia.com/transcribe
https://solvemymedia.com/transcribe
https://solvemymedia.com/uk/transkribuvati
https://solvemymedia.com/vi/chep-lai
https://solvemymedia.com/zh/lu-zhi","200
200
200
200
200
200
200
200
404
200
200
200
200
200
200
200
200
200
200
200
200
200
404
200
200
200
200
200
200
200
200","Some pages don't include hreflang links to all the other pages of the group
Some pages are not returning 200 status code",1124245034427686738,26,26
21,https://solvemymedia.com/fr/compresser-la-video,"Compresser une vidéo en ligne - Compresseur vidéo sécurisé gratuit - SolveMyMedia
SolveMyMedia - Free Online Media Optimization Tools",text/html; charset=utf-8,false,200,0,true,"https://solvemymedia.com/ar/dght-alfidyo
https://solvemymedia.com/ar/dgt-lfydyw
https://solvemymedia.com/compress-video
https://solvemymedia.com/compress-video
https://solvemymedia.com/cs/komprimovat-video
https://solvemymedia.com/da/komprimer-video
https://solvemymedia.com/da/komprimere-video
https://solvemymedia.com/de/video-komprimieren
https://solvemymedia.com/el/symnpiesost-video
https://solvemymedia.com/el/sympiesi-vinteo
https://solvemymedia.com/es/comprimir-video
https://solvemymedia.com/fi/pakkaa-video
https://solvemymedia.com/fr/compresser-la-video
https://solvemymedia.com/he/dchisot-video
https://solvemymedia.com/he/ldkhvs-vydv
https://solvemymedia.com/hi/video-compress-kare
https://solvemymedia.com/hi/viiddiyo-snpiiddit-kren
https://solvemymedia.com/hu/video-tomoritese
https://solvemymedia.com/id/kompres-video
https://solvemymedia.com/it/comprimere-il-video
https://solvemymedia.com/it/comprimi-video
https://solvemymedia.com/ja/bideowoya-suo-suru
https://solvemymedia.com/ko/bidio-abcug
https://solvemymedia.com/ko/bidio-apchuk
https://solvemymedia.com/ms/mampat-video
https://solvemymedia.com/ms/memampatkan-video
https://solvemymedia.com/nl/video-comprimeren
https://solvemymedia.com/no/komprimere-video
https://solvemymedia.com/pl/kompresowac-wideo
https://solvemymedia.com/pl/kompresuj-wideo
https://solvemymedia.com/pt/compactar-video
https://solvemymedia.com/pt/comprimir-video
https://solvemymedia.com/ro/comprima-video
https://solvemymedia.com/ru/szhat-video
https://solvemymedia.com/ru/szhimat-video
https://solvemymedia.com/sk/komprimovat-video
https://solvemymedia.com/sv/komprimera-video
https://solvemymedia.com/th/biibadwidiio
https://solvemymedia.com/th/ko-op-wideo
https://solvemymedia.com/tr/video-sikistir
https://solvemymedia.com/tr/videoyu-sikistir
https://solvemymedia.com/uk/stiskati-video
https://solvemymedia.com/uk/sty-snuti-video
https://solvemymedia.com/vi/nen-video
https://solvemymedia.com/zh/ya-suo-shi-pin","404
200
200
200
200
404
200
200
404
200
200
200
200
404
404
404
200
200
200
200
404
200
200
404
404
200
200
200
200
404
200
404
200
404
200
404
200
200
404
404
200
200
404
200
200","More than one page is linked for the same language
Some pages don't include hreflang links to all the other pages of the group
Some pages are not returning 200 status code",926993157700666916,42,42
21,https://solvemymedia.com/sv/komprimera-video,"Komprimera video online - Gratis säker videokompressor - SolveMyMedia
SolveMyMedia - Free Online Media Optimization Tools",text/html; charset=utf-8,false,200,0,true,"https://solvemymedia.com/ar/dght-alfidyo
https://solvemymedia.com/ar/dgt-lfydyw
https://solvemymedia.com/compress-video
https://solvemymedia.com/compress-video
https://solvemymedia.com/cs/komprimovat-video
https://solvemymedia.com/da/komprimer-video
https://solvemymedia.com/da/komprimere-video
https://solvemymedia.com/de/video-komprimieren
https://solvemymedia.com/el/symnpiesost-video
https://solvemymedia.com/el/sympiesi-vinteo
https://solvemymedia.com/es/comprimir-video
https://solvemymedia.com/fi/pakkaa-video
https://solvemymedia.com/fr/compresser-la-video
https://solvemymedia.com/he/dchisot-video
https://solvemymedia.com/he/ldkhvs-vydv
https://solvemymedia.com/hi/video-compress-kare
https://solvemymedia.com/hi/viiddiyo-snpiiddit-kren
https://solvemymedia.com/hu/video-tomoritese
https://solvemymedia.com/id/kompres-video
https://solvemymedia.com/it/comprimere-il-video
https://solvemymedia.com/it/comprimi-video
https://solvemymedia.com/ja/bideowoya-suo-suru
https://solvemymedia.com/ko/bidio-abcug
https://solvemymedia.com/ko/bidio-apchuk
https://solvemymedia.com/ms/mampat-video
https://solvemymedia.com/ms/memampatkan-video
https://solvemymedia.com/nl/video-comprimeren
https://solvemymedia.com/no/komprimere-video
https://solvemymedia.com/pl/kompresowac-wideo
https://solvemymedia.com/pl/kompresuj-wideo
https://solvemymedia.com/pt/compactar-video
https://solvemymedia.com/pt/comprimir-video
https://solvemymedia.com/ro/comprima-video
https://solvemymedia.com/ru/szhat-video
https://solvemymedia.com/ru/szhimat-video
https://solvemymedia.com/sk/komprimovat-video
https://solvemymedia.com/sv/komprimera-video
https://solvemymedia.com/th/biibadwidiio
https://solvemymedia.com/th/ko-op-wideo
https://solvemymedia.com/tr/video-sikistir
https://solvemymedia.com/tr/videoyu-sikistir
https://solvemymedia.com/uk/stiskati-video
https://solvemymedia.com/uk/sty-snuti-video
https://solvemymedia.com/vi/nen-video
https://solvemymedia.com/zh/ya-suo-shi-pin","404
200
200
200
200
404
200
200
404
200
200
200
200
404
404
404
200
200
200
200
404
200
200
404
404
200
200
200
200
404
200
404
200
404
200
404
200
200
404
404
200
200
404
200
200","More than one page is linked for the same language
Some pages don't include hreflang links to all the other pages of the group
Some pages are not returning 200 status code",926993157700666916,42,42
21,https://solvemymedia.com/pl/kompresowac-wideo,"Kompresuj wideo online — bezpłatny, bezpieczny kompresor wideo - SolveMyMedia
SolveMyMedia - Free Online Media Optimization Tools",text/html; charset=utf-8,false,200,0,true,"https://solvemymedia.com/ar/dgt-lfydyw
https://solvemymedia.com/compress-video
https://solvemymedia.com/compress-video
https://solvemymedia.com/cs/komprimovat-video
https://solvemymedia.com/da/komprimere-video
https://solvemymedia.com/de/video-komprimieren
https://solvemymedia.com/el/sympiesi-vinteo
https://solvemymedia.com/es/comprimir-video
https://solvemymedia.com/fi/pakkaa-video
https://solvemymedia.com/fr/compresser-la-video
https://solvemymedia.com/he/ldkhvs-vydv
https://solvemymedia.com/hi/viiddiyo-snpiiddit-kren
https://solvemymedia.com/hu/video-tomoritese
https://solvemymedia.com/id/kompres-video
https://solvemymedia.com/it/comprimere-il-video
https://solvemymedia.com/ja/bideowoya-suo-suru
https://solvemymedia.com/ko/bidio-abcug
https://solvemymedia.com/ms/memampatkan-video
https://solvemymedia.com/nl/video-comprimeren
https://solvemymedia.com/no/komprimere-video
https://solvemymedia.com/pl/kompresowac-wideo
https://solvemymedia.com/pt/compactar-video
https://solvemymedia.com/ro/comprima-video
https://solvemymedia.com/ru/szhimat-video
https://solvemymedia.com/sk/komprimovat-video
https://solvemymedia.com/sv/komprimera-video
https://solvemymedia.com/th/biibadwidiio
https://solvemymedia.com/tr/videoyu-sikistir
https://solvemymedia.com/uk/stiskati-video
https://solvemymedia.com/vi/nen-video
https://solvemymedia.com/zh/ya-suo-shi-pin","200
200
200
200
200
200
200
200
200
200
404
200
200
200
200
200
200
200
200
200
200
200
200
200
404
200
200
200
200
200
200","Some pages don't include hreflang links to all the other pages of the group
Some pages are not returning 200 status code",926993157700666916,26,26
21,https://solvemymedia.com/no/komprimere-video,"Komprimer video på nett - Gratis sikker videokompressor - SolveMyMedia
SolveMyMedia - Free Online Media Optimization Tools",text/html; charset=utf-8,false,200,0,true,"https://solvemymedia.com/ar/dght-alfidyo
https://solvemymedia.com/ar/dgt-lfydyw
https://solvemymedia.com/compress-video
https://solvemymedia.com/compress-video
https://solvemymedia.com/cs/komprimovat-video
https://solvemymedia.com/da/komprimer-video
https://solvemymedia.com/da/komprimere-video
https://solvemymedia.com/de/video-komprimieren
https://solvemymedia.com/el/symnpiesost-video
https://solvemymedia.com/el/sympiesi-vinteo
https://solvemymedia.com/es/comprimir-video
https://solvemymedia.com/fi/pakkaa-video
https://solvemymedia.com/fr/compresser-la-video
https://solvemymedia.com/he/dchisot-video
https://solvemymedia.com/he/ldkhvs-vydv
https://solvemymedia.com/hi/video-compress-kare
https://solvemymedia.com/hi/viiddiyo-snpiiddit-kren
https://solvemymedia.com/hu/video-tomoritese
https://solvemymedia.com/id/kompres-video
https://solvemymedia.com/it/comprimere-il-video
https://solvemymedia.com/it/comprimi-video
https://solvemymedia.com/ja/bideowoya-suo-suru
https://solvemymedia.com/ko/bidio-abcug
https://solvemymedia.com/ko/bidio-apchuk
https://solvemymedia.com/ms/mampat-video
https://solvemymedia.com/ms/memampatkan-video
https://solvemymedia.com/nl/video-comprimeren
https://solvemymedia.com/no/komprimere-video
https://solvemymedia.com/pl/kompresowac-wideo
https://solvemymedia.com/pl/kompresuj-wideo
https://solvemymedia.com/pt/compactar-video
https://solvemymedia.com/pt/comprimir-video
https://solvemymedia.com/ro/comprima-video
https://solvemymedia.com/ru/szhat-video
https://solvemymedia.com/ru/szhimat-video
https://solvemymedia.com/sk/komprimovat-video
https://solvemymedia.com/sv/komprimera-video
https://solvemymedia.com/th/biibadwidiio
https://solvemymedia.com/th/ko-op-wideo
https://solvemymedia.com/tr/video-sikistir
https://solvemymedia.com/tr/videoyu-sikistir
https://solvemymedia.com/uk/stiskati-video
https://solvemymedia.com/uk/sty-snuti-video
https://solvemymedia.com/vi/nen-video
https://solvemymedia.com/zh/ya-suo-shi-pin","404
200
200
200
200
404
200
200
404
200
200
200
200
404
404
404
200
200
200
200
404
200
200
404
404
200
200
200
200
404
200
404
200
404
200
404
200
200
404
404
200
200
404
200
200","More than one page is linked for the same language
Some pages don't include hreflang links to all the other pages of the group
Some pages are not returning 200 status code",926993157700666916,42,42
21,https://solvemymedia.com/ar/thwyl-lfydyw,"تحويل صيغ الفيديو - محول الفيديو المجاني على الإنترنت - SolveMyMedia
SolveMyMedia - Free Online Media Optimization Tools",text/html; charset=utf-8,false,200,0,true,"https://solvemymedia.com/ar/thwyl-lfydyw
https://solvemymedia.com/convert-video
https://solvemymedia.com/convert-video
https://solvemymedia.com/cs/prevest-video
https://solvemymedia.com/da/konvertere-video
https://solvemymedia.com/de/video-konvertieren
https://solvemymedia.com/el/metatropi-vinteo
https://solvemymedia.com/es/convertir-video
https://solvemymedia.com/fi/muuntaa-videon
https://solvemymedia.com/fr/convertir-une-video
https://solvemymedia.com/he/lhmyr-vydv
https://solvemymedia.com/hi/viiddiyo-privrtit-kren
https://solvemymedia.com/hu/video-konvertalasa
https://solvemymedia.com/id/mengkonversi-video
https://solvemymedia.com/it/convertire-video
https://solvemymedia.com/ja/bideowobian-huan-suru
https://solvemymedia.com/ko/bidio-byeonhwan
https://solvemymedia.com/ms/menukar-video
https://solvemymedia.com/nl/video-converteren
https://solvemymedia.com/no/konvertere-video
https://solvemymedia.com/pl/konwertuj-wideo
https://solvemymedia.com/pt/converter-video
https://solvemymedia.com/ro/converti-video
https://solvemymedia.com/ru/konvertirovat-video
https://solvemymedia.com/sk/konvertovat-video
https://solvemymedia.com/sv/konvertera-video
https://solvemymedia.com/th/aeplngwidiio
https://solvemymedia.com/tr/videoyu-donustur
https://solvemymedia.com/uk/konvertuvati-video
https://solvemymedia.com/vi/chuyen-doi-video
https://solvemymedia.com/zh/zhuan-huan-shi-pin","200
200
200
200
200
200
200
200
200
200
404
200
200
200
200
200
200
200
200
200
200
200
200
200
404
200
200
200
200
200
200","Some pages don't include hreflang links to all the other pages of the group
Some pages are not returning 200 status code",4827693839827001515,26,26
21,https://solvemymedia.com/el/dimioyrgia-gif,"Βίντεο σε Δημιουργός GIF - Μετατροπή βίντεο σε κινούμενο GIF - SolveMyMedia
SolveMyMedia - Free Online Media Optimization Tools",text/html; charset=utf-8,false,200,0,true,"https://solvemymedia.com/ar/anshaaa-gif
https://solvemymedia.com/ar/nsh-swr-mthrk
https://solvemymedia.com/create-gif
https://solvemymedia.com/create-gif
https://solvemymedia.com/cs/vytvorit-gif
https://solvemymedia.com/da/opret-gif
https://solvemymedia.com/da/oprette-gif
https://solvemymedia.com/de/gif-erstellen
https://solvemymedia.com/el/dimioyrgia-gif
https://solvemymedia.com/es/crear-gif
https://solvemymedia.com/fi/luo-gif
https://solvemymedia.com/fr/creer-un-gif
https://solvemymedia.com/he/lytsvr-gif
https://solvemymedia.com/he/tzor-gif
https://solvemymedia.com/hi/gif-banaye
https://solvemymedia.com/hi/gif-bnaaen
https://solvemymedia.com/hu/gif-letrehozasa
https://solvemymedia.com/id/membuat-gif
https://solvemymedia.com/it/crea-gif
https://solvemymedia.com/it/creare-una-gif
https://solvemymedia.com/ja/gifwozuo-cheng
https://solvemymedia.com/ko/gif-mandeulgi
https://solvemymedia.com/ms/buat-gif
https://solvemymedia.com/nl/gif-maken
https://solvemymedia.com/no/lag-gif
https://solvemymedia.com/no/lage-gif
https://solvemymedia.com/pl/stworz-gif
https://solvemymedia.com/pl/utworz-gifa
https://solvemymedia.com/pt/criar-gif
https://solvemymedia.com/ro/creati-gif
https://solvemymedia.com/ro/creeaza-gif
https://solvemymedia.com/ru/sozdat-gif
https://solvemymedia.com/ru/sozdat-gifku
https://solvemymedia.com/sk/vytvorit-gif
https://solvemymedia.com/sv/skapa-gif
https://solvemymedia.com/th/sang-gif
https://solvemymedia.com/th/sraangkif
https://solvemymedia.com/tr/gif-olustur
https://solvemymedia.com/uk/stvoriti-gif
https://solvemymedia.com/vi/tao-anh-gif
https://solvemymedia.com/vi/tao-gif
https://solvemymedia.com/zh/chuang-jian-gif","404
200
200
200
200
404
200
200
200
200
200
200
404
404
404
200
200
200
404
200
200
200
200
200
404
200
404
200
200
200
404
404
200
404
200
404
200
200
200
200
404
200","More than one page is linked for the same language
Some pages don't include hreflang links to all the other pages of the group
Some pages are not returning 200 status code",17321000843242609092,39,39
21,https://solvemymedia.com/de/audio-komprimieren,"Audio online komprimieren – kostenloser Audiokompressor - SolveMyMedia
SolveMyMedia - Free Online Media Optimization Tools",text/html; charset=utf-8,false,200,0,true,"https://solvemymedia.com/ar/dght-alsawt
https://solvemymedia.com/ar/dgt-lswt
https://solvemymedia.com/compress-audio
https://solvemymedia.com/compress-audio
https://solvemymedia.com/cs/komprimovat-audio
https://solvemymedia.com/cs/komprimovat-zvuk
https://solvemymedia.com/da/komprimer-lyd
https://solvemymedia.com/da/komprimere-lyd
https://solvemymedia.com/de/audio-komprimieren
https://solvemymedia.com/el/symnpiesost-audio
https://solvemymedia.com/el/sympiesi-ihoy
https://solvemymedia.com/es/comprimir-audio
https://solvemymedia.com/fi/pakkaa-aanta
https://solvemymedia.com/fi/pakkaa-audio
https://solvemymedia.com/fr/compresser-laudio
https://solvemymedia.com/he/dchisot-audio
https://solvemymedia.com/he/ldkhvs-vdyv
https://solvemymedia.com/hi/audio-compress-kare
https://solvemymedia.com/hi/onddiyo-snpiiddit-kren
https://solvemymedia.com/hu/hang-tomoritese
https://solvemymedia.com/hu/tomoriti-a-hangot
https://solvemymedia.com/id/kompres-audio
https://solvemymedia.com/it/comprimere-laudio
https://solvemymedia.com/it/comprimi-audio
https://solvemymedia.com/ja/odeiowoya-suo-suru
https://solvemymedia.com/ko/odio-abcug
https://solvemymedia.com/ko/odio-apchuk
https://solvemymedia.com/ms/mampat-audio
https://solvemymedia.com/ms/memampatkan-audio
https://solvemymedia.com/nl/audio-comprimeren
https://solvemymedia.com/no/komprimere-lyd
https://solvemymedia.com/pl/kompresowac-dzwiek
https://solvemymedia.com/pl/kompresuj-audio
https://solvemymedia.com/pt/comprimir-audio
https://solvemymedia.com/ro/comprima-audio
https://solvemymedia.com/ru/szhat-audio
https://solvemymedia.com/ru/szhimat-audio
https://solvemymedia.com/sk/komprimovat-audio
https://solvemymedia.com/sk/komprimovat-zvuk
https://solvemymedia.com/sv/komprimera-ljud
https://solvemymedia.com/th/biibadesiiyng
https://solvemymedia.com/th/ko-op-audio
https://solvemymedia.com/tr/ses-sikistir
https://solvemymedia.com/tr/sesi-sikistir
https://solvemymedia.com/uk/stiskati-audio
https://solvemymedia.com/uk/sty-snuti-audio
https://solvemymedia.com/vi/nen-am-thanh
https://solvemymedia.com/zh/ya-suo-yin-pin","404
200
200
200
404
200
404
200
200
404
200
200
200
404
200
404
404
404
200
404
200
200
200
404
200
200
404
404
200
200
200
200
404
200
200
404
200
404
404
200
200
404
404
200
200
404
200
200","More than one page is linked for the same language
Some pages don't include hreflang links to all the other pages of the group
Some pages are not returning 200 status code",5785178085625259770,44,44
21,https://solvemymedia.com/vi/chep-lai,"Phiên âm âm thanh & video - AI chuyển lời nói thành văn bản - SolveMyMedia
SolveMyMedia - Free Online Media Optimization Tools",text/html; charset=utf-8,false,200,0,true,"https://solvemymedia.com/ar/nskh
https://solvemymedia.com/cs/prepsat
https://solvemymedia.com/da/transskribere
https://solvemymedia.com/de/transkribieren
https://solvemymedia.com/el/antigrafo
https://solvemymedia.com/es/transcribir
https://solvemymedia.com/fi/litteroida
https://solvemymedia.com/fr/transcrire
https://solvemymedia.com/he/ltaateq
https://solvemymedia.com/hi/ttaaip-krnaa
https://solvemymedia.com/hu/lemasol
https://solvemymedia.com/id/menuliskan
https://solvemymedia.com/it/trascrivere
https://solvemymedia.com/ja/zhuan-xie-suru
https://solvemymedia.com/ko/gocyeo-sseuda
https://solvemymedia.com/ms/transkripsi
https://solvemymedia.com/nl/transcriberen
https://solvemymedia.com/no/transkribere
https://solvemymedia.com/pl/rozpisac
https://solvemymedia.com/pt/transcrever
https://solvemymedia.com/ro/transcrie
https://solvemymedia.com/ru/perepisyvat
https://solvemymedia.com/sk/prepisovat
https://solvemymedia.com/sv/transkribera
https://solvemymedia.com/th/thdesiiyng
https://solvemymedia.com/tr/uyarlamak
https://solvemymedia.com/transcribe
https://solvemymedia.com/transcribe
https://solvemymedia.com/uk/transkribuvati
https://solvemymedia.com/vi/chep-lai
https://solvemymedia.com/zh/lu-zhi","200
200
200
200
200
200
200
200
404
200
200
200
200
200
200
200
200
200
200
200
200
200
404
200
200
200
200
200
200
200
200","Some pages don't include hreflang links to all the other pages of the group
Some pages are not returning 200 status code",1124245034427686738,26,26
21,https://solvemymedia.com/hi/gif-bnaaen,"वीडियो से GIF मेकर - वीडियो को एनिमेटेड GIF में बदलें - SolveMyMedia
SolveMyMedia - Free Online Media Optimization Tools",text/html; charset=utf-8,false,200,0,true,"https://solvemymedia.com/ar/nsh-swr-mthrk
https://solvemymedia.com/create-gif
https://solvemymedia.com/create-gif
https://solvemymedia.com/cs/vytvorit-gif
https://solvemymedia.com/da/oprette-gif
https://solvemymedia.com/de/gif-erstellen
https://solvemymedia.com/el/dimioyrgia-gif
https://solvemymedia.com/es/crear-gif
https://solvemymedia.com/fi/luo-gif
https://solvemymedia.com/fr/creer-un-gif
https://solvemymedia.com/he/lytsvr-gif
https://solvemymedia.com/hi/gif-bnaaen
https://solvemymedia.com/hu/gif-letrehozasa
https://solvemymedia.com/id/membuat-gif
https://solvemymedia.com/it/creare-una-gif
https://solvemymedia.com/ja/gifwozuo-cheng
https://solvemymedia.com/ko/gif-mandeulgi
https://solvemymedia.com/ms/buat-gif
https://solvemymedia.com/nl/gif-maken
https://solvemymedia.com/no/lage-gif
https://solvemymedia.com/pl/utworz-gifa
https://solvemymedia.com/pt/criar-gif
https://solvemymedia.com/ro/creati-gif
https://solvemymedia.com/ru/sozdat-gifku
https://solvemymedia.com/sk/vytvorit-gif
https://solvemymedia.com/sv/skapa-gif
https://solvemymedia.com/th/sraangkif
https://solvemymedia.com/tr/gif-olustur
https://solvemymedia.com/uk/stvoriti-gif
https://solvemymedia.com/vi/tao-anh-gif
https://solvemymedia.com/zh/chuang-jian-gif","200
200
200
200
200
200
200
200
200
200
404
200
200
200
200
200
200
200
200
200
200
200
200
200
404
200
200
200
200
200
200","Some pages don't include hreflang links to all the other pages of the group
Some pages are not returning 200 status code",17321000843242609092,26,26
21,https://solvemymedia.com/es/convertir-video,"Convertir formatos de vídeo - Convertidor de vídeo en línea gratuito - SolveMyMedia
SolveMyMedia - Free Online Media Optimization Tools",text/html; charset=utf-8,false,200,0,true,"https://solvemymedia.com/ar/thwyl-alfidyo
https://solvemymedia.com/ar/thwyl-lfydyw
https://solvemymedia.com/convert-video
https://solvemymedia.com/convert-video
https://solvemymedia.com/cs/konvertovat-video
https://solvemymedia.com/cs/prevest-video
https://solvemymedia.com/da/konverter-video
https://solvemymedia.com/da/konvertere-video
https://solvemymedia.com/de/video-konvertieren
https://solvemymedia.com/el/metaporpe-video
https://solvemymedia.com/el/metatropi-vinteo
https://solvemymedia.com/es/convertir-video
https://solvemymedia.com/fi/muunna-video
https://solvemymedia.com/fi/muuntaa-videon
https://solvemymedia.com/fr/convertir-une-video
https://solvemymedia.com/he/hmr-video
https://solvemymedia.com/he/lhmyr-vydv
https://solvemymedia.com/hi/video-convert-kare
https://solvemymedia.com/hi/viiddiyo-privrtit-kren
https://solvemymedia.com/hu/video-konvertalasa
https://solvemymedia.com/id/mengkonversi-video
https://solvemymedia.com/it/converti-video
https://solvemymedia.com/it/convertire-video
https://solvemymedia.com/ja/bideowobian-huan-suru
https://solvemymedia.com/ko/bidio-byeonhwan
https://solvemymedia.com/ms/menukar-video
https://solvemymedia.com/ms/tukar-video
https://solvemymedia.com/nl/video-converteren
https://solvemymedia.com/no/konvertere-video
https://solvemymedia.com/pl/konwertuj-wideo
https://solvemymedia.com/pt/converter-video
https://solvemymedia.com/ro/converteste-video
https://solvemymedia.com/ro/converti-video
https://solvemymedia.com/ru/konvertirovat-video
https://solvemymedia.com/sk/konvertovat-video
https://solvemymedia.com/sv/konvertera-video
https://solvemymedia.com/th/aeplngwidiio
https://solvemymedia.com/th/pli-an-wideo
https://solvemymedia.com/tr/video-donustur
https://solvemymedia.com/tr/videoyu-donustur
https://solvemymedia.com/uk/konvertuvati-video
https://solvemymedia.com/vi/chuyen-doi-video
https://solvemymedia.com/zh/zhuan-huan-shi-pin","404
200
200
200
404
200
404
200
200
404
200
200
404
200
200
404
404
404
200
200
200
404
200
200
200
200
404
200
200
200
200
404
200
200
404
200
200
404
404
200
200
200
200","More than one page is linked for the same language
Some pages don't include hreflang links to all the other pages of the group
Some pages are not returning 200 status code",3718947784658654109,40,40
21,https://solvemymedia.com/ar/lfydyw-l-lswt,"استخراج الصوت من الفيديو - فيديو لتحويل MP3 - SolveMyMedia
SolveMyMedia - Free Online Media Optimization Tools",text/html; charset=utf-8,false,200,0,true,"https://solvemymedia.com/ar/lfydyw-l-lswt
https://solvemymedia.com/cs/video-na-zvuk
https://solvemymedia.com/da/video-til-lyd
https://solvemymedia.com/de/video-zu-audio
https://solvemymedia.com/el/vinteo-se-iho
https://solvemymedia.com/es/video-a-audio
https://solvemymedia.com/fi/videosta-aaneksi
https://solvemymedia.com/fr/video-en-audio
https://solvemymedia.com/he/vydv-lvdyv
https://solvemymedia.com/hi/viiddiyo-se-onddiyo
https://solvemymedia.com/hu/videorol-hangra
https://solvemymedia.com/id/video-ke-audio
https://solvemymedia.com/it/video-in-audio
https://solvemymedia.com/ja/bideokaraodeiohe
https://solvemymedia.com/ko/bidioreul-odioro
https://solvemymedia.com/ms/video-kepada-audio
https://solvemymedia.com/nl/video-naar-audio
https://solvemymedia.com/no/video-til-lyd
https://solvemymedia.com/pl/wideo-do-dzwieku
https://solvemymedia.com/pt/video-para-audio
https://solvemymedia.com/ro/video-in-audio
https://solvemymedia.com/ru/video-v-audio
https://solvemymedia.com/sk/video-na-zvuk
https://solvemymedia.com/sv/video-till-ljud
https://solvemymedia.com/th/widiioepnesiiyng
https://solvemymedia.com/tr/videodan-sese
https://solvemymedia.com/uk/video-v-audio
https://solvemymedia.com/vi/video-thanh-am-thanh
https://solvemymedia.com/video-to-audio
https://solvemymedia.com/video-to-audio
https://solvemymedia.com/zh/shi-pin-zhuan-yin-pin","200
200
200
200
200
200
200
200
404
200
200
200
200
200
200
200
200
200
200
200
200
200
404
200
200
200
200
200
200
200
200","Some pages don't include hreflang links to all the other pages of the group
Some pages are not returning 200 status code",2926664764167155975,26,26
21,https://solvemymedia.com/ru/szhimat-audio,"Сжатие аудио онлайн — бесплатный аудиокомпрессор - SolveMyMedia
SolveMyMedia - Free Online Media Optimization Tools",text/html; charset=utf-8,false,200,0,true,"https://solvemymedia.com/ar/dgt-lswt
https://solvemymedia.com/compress-audio
https://solvemymedia.com/compress-audio
https://solvemymedia.com/cs/komprimovat-zvuk
https://solvemymedia.com/da/komprimere-lyd
https://solvemymedia.com/de/audio-komprimieren
https://solvemymedia.com/el/sympiesi-ihoy
https://solvemymedia.com/es/comprimir-audio
https://solvemymedia.com/fi/pakkaa-aanta
https://solvemymedia.com/fr/compresser-laudio
https://solvemymedia.com/he/ldkhvs-vdyv
https://solvemymedia.com/hi/onddiyo-snpiiddit-kren
https://solvemymedia.com/hu/tomoriti-a-hangot
https://solvemymedia.com/id/kompres-audio
https://solvemymedia.com/it/comprimere-laudio
https://solvemymedia.com/ja/odeiowoya-suo-suru
https://solvemymedia.com/ko/odio-abcug
https://solvemymedia.com/ms/memampatkan-audio
https://solvemymedia.com/nl/audio-comprimeren
https://solvemymedia.com/no/komprimere-lyd
https://solvemymedia.com/pl/kompresowac-dzwiek
https://solvemymedia.com/pt/comprimir-audio
https://solvemymedia.com/ro/comprima-audio
https://solvemymedia.com/ru/szhimat-audio
https://solvemymedia.com/sk/komprimovat-zvuk
https://solvemymedia.com/sv/komprimera-ljud
https://solvemymedia.com/th/biibadesiiyng
https://solvemymedia.com/tr/sesi-sikistir
https://solvemymedia.com/uk/stiskati-audio
https://solvemymedia.com/vi/nen-am-thanh
https://solvemymedia.com/zh/ya-suo-yin-pin","200
200
200
200
200
200
200
200
200
200
404
200
200
200
200
200
200
200
200
200
200
200
200
200
404
200
200
200
200
200
200","Some pages don't include hreflang links to all the other pages of the group
Some pages are not returning 200 status code",5785178085625259770,26,26
21,https://solvemymedia.com/it/convertire-video,"Converti formati video: convertitore video online gratuito - SolveMyMedia
SolveMyMedia - Free Online Media Optimization Tools",text/html; charset=utf-8,false,200,0,true,"https://solvemymedia.com/ar/thwyl-lfydyw
https://solvemymedia.com/convert-video
https://solvemymedia.com/convert-video
https://solvemymedia.com/cs/prevest-video
https://solvemymedia.com/da/konvertere-video
https://solvemymedia.com/de/video-konvertieren
https://solvemymedia.com/el/metatropi-vinteo
https://solvemymedia.com/es/convertir-video
https://solvemymedia.com/fi/muuntaa-videon
https://solvemymedia.com/fr/convertir-une-video
https://solvemymedia.com/he/lhmyr-vydv
https://solvemymedia.com/hi/viiddiyo-privrtit-kren
https://solvemymedia.com/hu/video-konvertalasa
https://solvemymedia.com/id/mengkonversi-video
https://solvemymedia.com/it/convertire-video
https://solvemymedia.com/ja/bideowobian-huan-suru
https://solvemymedia.com/ko/bidio-byeonhwan
https://solvemymedia.com/ms/menukar-video
https://solvemymedia.com/nl/video-converteren
https://solvemymedia.com/no/konvertere-video
https://solvemymedia.com/pl/konwertuj-wideo
https://solvemymedia.com/pt/converter-video
https://solvemymedia.com/ro/converti-video
https://solvemymedia.com/ru/konvertirovat-video
https://solvemymedia.com/sk/konvertovat-video
https://solvemymedia.com/sv/konvertera-video
https://solvemymedia.com/th/aeplngwidiio
https://solvemymedia.com/tr/videoyu-donustur
https://solvemymedia.com/uk/konvertuvati-video
https://solvemymedia.com/vi/chuyen-doi-video
https://solvemymedia.com/zh/zhuan-huan-shi-pin","200
200
200
200
200
200
200
200
200
200
404
200
200
200
200
200
200
200
200
200
200
200
200
200
404
200
200
200
200
200
200","Some pages don't include hreflang links to all the other pages of the group
Some pages are not returning 200 status code",4827693839827001515,26,26
21,https://solvemymedia.com/el/mihanima-eggrafis,"Screen & Audio Recorder - Δωρεάν εγγραφή στο Studio - SolveMyMedia
SolveMyMedia - Free Online Media Optimization Tools",text/html; charset=utf-8,false,200,0,true,"https://solvemymedia.com/ar/msjl
https://solvemymedia.com/cs/zaznamnik
https://solvemymedia.com/da/optager
https://solvemymedia.com/de/recorder
https://solvemymedia.com/el/mihanima-eggrafis
https://solvemymedia.com/es/grabadora
https://solvemymedia.com/fi/tallennin
https://solvemymedia.com/fr/enregistreur
https://solvemymedia.com/he/maqliyt
https://solvemymedia.com/hi/rikonrddr
https://solvemymedia.com/hu/felvevo
https://solvemymedia.com/id/perekam
https://solvemymedia.com/it/registratore
https://solvemymedia.com/ja/rekoda
https://solvemymedia.com/ko/giroggye
https://solvemymedia.com/ms/perakam
https://solvemymedia.com/nl/opnameapparaat
https://solvemymedia.com/no/opptaker
https://solvemymedia.com/pl/rejestrator
https://solvemymedia.com/pt/gravadora
https://solvemymedia.com/recorder
https://solvemymedia.com/recorder
https://solvemymedia.com/ro/recorder
https://solvemymedia.com/ru/diktofon
https://solvemymedia.com/sk/zaznamnik
https://solvemymedia.com/sv/inspelare
https://solvemymedia.com/th/ekhruuengbanthuek
https://solvemymedia.com/tr/kaydedici
https://solvemymedia.com/uk/diktofon
https://solvemymedia.com/vi/may-ghi-am
https://solvemymedia.com/zh/lu-yin-ji","200
200
200
200
200
200
200
200
404
200
200
200
200
200
200
200
200
200
200
200
200
200
200
200
404
200
200
200
200
200
200","Some pages don't include hreflang links to all the other pages of the group
Some pages are not returning 200 status code",774500295674417905,26,26
21,https://solvemymedia.com/da/konvertere-video,"Konverter videoformater - Gratis online videokonverter - SolveMyMedia
SolveMyMedia - Free Online Media Optimization Tools",text/html; charset=utf-8,false,200,0,true,"https://solvemymedia.com/ar/thwyl-lfydyw
https://solvemymedia.com/convert-video
https://solvemymedia.com/convert-video
https://solvemymedia.com/cs/prevest-video
https://solvemymedia.com/da/konvertere-video
https://solvemymedia.com/de/video-konvertieren
https://solvemymedia.com/el/metatropi-vinteo
https://solvemymedia.com/es/convertir-video
https://solvemymedia.com/fi/muuntaa-videon
https://solvemymedia.com/fr/convertir-une-video
https://solvemymedia.com/he/lhmyr-vydv
https://solvemymedia.com/hi/viiddiyo-privrtit-kren
https://solvemymedia.com/hu/video-konvertalasa
https://solvemymedia.com/id/mengkonversi-video
https://solvemymedia.com/it/convertire-video
https://solvemymedia.com/ja/bideowobian-huan-suru
https://solvemymedia.com/ko/bidio-byeonhwan
https://solvemymedia.com/ms/menukar-video
https://solvemymedia.com/nl/video-converteren
https://solvemymedia.com/no/konvertere-video
https://solvemymedia.com/pl/konwertuj-wideo
https://solvemymedia.com/pt/converter-video
https://solvemymedia.com/ro/converti-video
https://solvemymedia.com/ru/konvertirovat-video
https://solvemymedia.com/sk/konvertovat-video
https://solvemymedia.com/sv/konvertera-video
https://solvemymedia.com/th/aeplngwidiio
https://solvemymedia.com/tr/videoyu-donustur
https://solvemymedia.com/uk/konvertuvati-video
https://solvemymedia.com/vi/chuyen-doi-video
https://solvemymedia.com/zh/zhuan-huan-shi-pin","200
200
200
200
200
200
200
200
200
200
404
200
200
200
200
200
200
200
200
200
200
200
200
200
404
200
200
200
200
200
200","Some pages don't include hreflang links to all the other pages of the group
Some pages are not returning 200 status code",4827693839827001515,26,26
21,https://solvemymedia.com/el/metatropi-vinteo,"Μετατροπή μορφών βίντεο - Δωρεάν διαδικτυακός μετατροπέας βίντεο - SolveMyMedia
SolveMyMedia - Free Online Media Optimization Tools",text/html; charset=utf-8,false,200,0,true,"https://solvemymedia.com/ar/thwyl-lfydyw
https://solvemymedia.com/convert-video
https://solvemymedia.com/convert-video
https://solvemymedia.com/cs/prevest-video
https://solvemymedia.com/da/konvertere-video
https://solvemymedia.com/de/video-konvertieren
https://solvemymedia.com/el/metatropi-vinteo
https://solvemymedia.com/es/convertir-video
https://solvemymedia.com/fi/muuntaa-videon
https://solvemymedia.com/fr/convertir-une-video
https://solvemymedia.com/he/lhmyr-vydv
https://solvemymedia.com/hi/viiddiyo-privrtit-kren
https://solvemymedia.com/hu/video-konvertalasa
https://solvemymedia.com/id/mengkonversi-video
https://solvemymedia.com/it/convertire-video
https://solvemymedia.com/ja/bideowobian-huan-suru
https://solvemymedia.com/ko/bidio-byeonhwan
https://solvemymedia.com/ms/menukar-video
https://solvemymedia.com/nl/video-converteren
https://solvemymedia.com/no/konvertere-video
https://solvemymedia.com/pl/konwertuj-wideo
https://solvemymedia.com/pt/converter-video
https://solvemymedia.com/ro/converti-video
https://solvemymedia.com/ru/konvertirovat-video
https://solvemymedia.com/sk/konvertovat-video
https://solvemymedia.com/sv/konvertera-video
https://solvemymedia.com/th/aeplngwidiio
https://solvemymedia.com/tr/videoyu-donustur
https://solvemymedia.com/uk/konvertuvati-video
https://solvemymedia.com/vi/chuyen-doi-video
https://solvemymedia.com/zh/zhuan-huan-shi-pin","200
200
200
200
200
200
200
200
200
200
404
200
200
200
200
200
200
200
200
200
200
200
200
200
404
200
200
200
200
200
200","Some pages don't include hreflang links to all the other pages of the group
Some pages are not returning 200 status code",4827693839827001515,26,26
21,https://solvemymedia.com/hi/viiddiyo-snpiiddit-kren,"ऑनलाइन वीडियो कंप्रेस करें - निःशुल्क सुरक्षित वीडियो कंप्रेसर - SolveMyMedia
SolveMyMedia - Free Online Media Optimization Tools",text/html; charset=utf-8,false,200,0,true,"https://solvemymedia.com/ar/dgt-lfydyw
https://solvemymedia.com/compress-video
https://solvemymedia.com/compress-video
https://solvemymedia.com/cs/komprimovat-video
https://solvemymedia.com/da/komprimere-video
https://solvemymedia.com/de/video-komprimieren
https://solvemymedia.com/el/sympiesi-vinteo
https://solvemymedia.com/es/comprimir-video
https://solvemymedia.com/fi/pakkaa-video
https://solvemymedia.com/fr/compresser-la-video
https://solvemymedia.com/he/ldkhvs-vydv
https://solvemymedia.com/hi/viiddiyo-snpiiddit-kren
https://solvemymedia.com/hu/video-tomoritese
https://solvemymedia.com/id/kompres-video
https://solvemymedia.com/it/comprimere-il-video
https://solvemymedia.com/ja/bideowoya-suo-suru
https://solvemymedia.com/ko/bidio-abcug
https://solvemymedia.com/ms/memampatkan-video
https://solvemymedia.com/nl/video-comprimeren
https://solvemymedia.com/no/komprimere-video
https://solvemymedia.com/pl/kompresowac-wideo
https://solvemymedia.com/pt/compactar-video
https://solvemymedia.com/ro/comprima-video
https://solvemymedia.com/ru/szhimat-video
https://solvemymedia.com/sk/komprimovat-video
https://solvemymedia.com/sv/komprimera-video
https://solvemymedia.com/th/biibadwidiio
https://solvemymedia.com/tr/videoyu-sikistir
https://solvemymedia.com/uk/stiskati-video
https://solvemymedia.com/vi/nen-video
https://solvemymedia.com/zh/ya-suo-shi-pin","200
200
200
200
200
200
200
200
200
200
404
200
200
200
200
200
200
200
200
200
200
200
200
200
404
200
200
200
200
200
200","Some pages don't include hreflang links to all the other pages of the group
Some pages are not returning 200 status code",926993157700666916,26,26
21,https://solvemymedia.com/de/video-konvertieren,"Videoformate konvertieren – Kostenloser Online-Videokonverter - SolveMyMedia
SolveMyMedia - Free Online Media Optimization Tools",text/html; charset=utf-8,false,200,0,true,"https://solvemymedia.com/ar/thwyl-alfidyo
https://solvemymedia.com/ar/thwyl-lfydyw
https://solvemymedia.com/convert-video
https://solvemymedia.com/convert-video
https://solvemymedia.com/cs/konvertovat-video
https://solvemymedia.com/cs/prevest-video
https://solvemymedia.com/da/konverter-video
https://solvemymedia.com/da/konvertere-video
https://solvemymedia.com/de/video-konvertieren
https://solvemymedia.com/el/metaporpe-video
https://solvemymedia.com/el/metatropi-vinteo
https://solvemymedia.com/es/convertir-video
https://solvemymedia.com/fi/muunna-video
https://solvemymedia.com/fi/muuntaa-videon
https://solvemymedia.com/fr/convertir-une-video
https://solvemymedia.com/he/hmr-video
https://solvemymedia.com/he/lhmyr-vydv
https://solvemymedia.com/hi/video-convert-kare
https://solvemymedia.com/hi/viiddiyo-privrtit-kren
https://solvemymedia.com/hu/video-konvertalasa
https://solvemymedia.com/id/mengkonversi-video
https://solvemymedia.com/it/converti-video
https://solvemymedia.com/it/convertire-video
https://solvemymedia.com/ja/bideowobian-huan-suru
https://solvemymedia.com/ko/bidio-byeonhwan
https://solvemymedia.com/ms/menukar-video
https://solvemymedia.com/ms/tukar-video
https://solvemymedia.com/nl/video-converteren
https://solvemymedia.com/no/konvertere-video
https://solvemymedia.com/pl/konwertuj-wideo
https://solvemymedia.com/pt/converter-video
https://solvemymedia.com/ro/converteste-video
https://solvemymedia.com/ro/converti-video
https://solvemymedia.com/ru/konvertirovat-video
https://solvemymedia.com/sk/konvertovat-video
https://solvemymedia.com/sv/konvertera-video
https://solvemymedia.com/th/aeplngwidiio
https://solvemymedia.com/th/pli-an-wideo
https://solvemymedia.com/tr/video-donustur
https://solvemymedia.com/tr/videoyu-donustur
https://solvemymedia.com/uk/konvertuvati-video
https://solvemymedia.com/vi/chuyen-doi-video
https://solvemymedia.com/zh/zhuan-huan-shi-pin","404
200
200
200
404
200
404
200
200
404
200
200
404
200
200
404
404
404
200
200
200
404
200
200
200
200
404
200
200
200
200
404
200
200
404
200
200
404
404
200
200
200
200","More than one page is linked for the same language
Some pages don't include hreflang links to all the other pages of the group
Some pages are not returning 200 status code",3718947784658654109,40,40
21,https://solvemymedia.com/sv/konvertera-ljud,"Konvertera ljudformat - Gratis Online Audio Converter - SolveMyMedia
SolveMyMedia - Free Online Media Optimization Tools",text/html; charset=utf-8,false,200,0,true,"https://solvemymedia.com/ar/thwyl-alsawt
https://solvemymedia.com/ar/thwyl-lswt
https://solvemymedia.com/convert-audio
https://solvemymedia.com/convert-audio
https://solvemymedia.com/cs/konvertovat-audio
https://solvemymedia.com/cs/prevest-zvuk
https://solvemymedia.com/da/konverter-lyd
https://solvemymedia.com/da/konvertere-lyd
https://solvemymedia.com/de/audio-konvertieren
https://solvemymedia.com/el/metaporpe-audio
https://solvemymedia.com/el/metatropi-ihoy
https://solvemymedia.com/es/convertir-audio
https://solvemymedia.com/fi/muunna-audio
https://solvemymedia.com/fi/muuntaa-aanta
https://solvemymedia.com/fr/convertir-laudio
https://solvemymedia.com/he/hmr-audio
https://solvemymedia.com/he/lhmyr-vdyv
https://solvemymedia.com/hi/audio-convert-kare
https://solvemymedia.com/hi/onddiyo-privrtit-kren
https://solvemymedia.com/hu/hang-konvertalasa
https://solvemymedia.com/hu/hangot-konvertalni
https://solvemymedia.com/id/mengkonversi-audio
https://solvemymedia.com/it/converti-audio
https://solvemymedia.com/it/convertire-laudio
https://solvemymedia.com/ja/odeiowobian-huan-suru
https://solvemymedia.com/ko/odio-byeonhwan
https://solvemymedia.com/ms/menukar-audio
https://solvemymedia.com/ms/tukar-audio
https://solvemymedia.com/nl/audio-converteren
https://solvemymedia.com/no/konvertere-lyd
https://solvemymedia.com/pl/konwertowac-dzwiek
https://solvemymedia.com/pl/konwertuj-audio
https://solvemymedia.com/pt/converter-audio
https://solvemymedia.com/ro/converteste-audio
https://solvemymedia.com/ro/converti-audio
https://solvemymedia.com/ru/konvertirovat-audio
https://solvemymedia.com/sk/konvertovat-audio
https://solvemymedia.com/sk/konvertovat-zvuk
https://solvemymedia.com/sv/konvertera-ljud
https://solvemymedia.com/th/aeplngesiiyng
https://solvemymedia.com/th/pli-an-audio
https://solvemymedia.com/tr/ses-donustur
https://solvemymedia.com/tr/sesi-donustur
https://solvemymedia.com/uk/konvertuvati-audio
https://solvemymedia.com/vi/chuyen-doi-am-thanh
https://solvemymedia.com/zh/zhuan-huan-yin-pin","404
200
200
200
404
200
404
200
200
404
200
200
404
200
200
404
404
404
200
404
200
200
404
200
200
200
200
404
200
200
200
404
200
404
200
200
404
404
200
200
404
404
200
200
200
200","More than one page is linked for the same language
Some pages don't include hreflang links to all the other pages of the group
Some pages are not returning 200 status code",9570318248645165765,42,42
21,https://solvemymedia.com/nl/opnameapparaat,"Scherm- en audiorecorder - Gratis studio-opname - SolveMyMedia
SolveMyMedia - Free Online Media Optimization Tools",text/html; charset=utf-8,false,200,0,true,"https://solvemymedia.com/ar/msjl
https://solvemymedia.com/cs/zaznamnik
https://solvemymedia.com/da/optager
https://solvemymedia.com/de/recorder
https://solvemymedia.com/el/mihanima-eggrafis
https://solvemymedia.com/es/grabadora
https://solvemymedia.com/fi/tallennin
https://solvemymedia.com/fr/enregistreur
https://solvemymedia.com/he/maqliyt
https://solvemymedia.com/hi/rikonrddr
https://solvemymedia.com/hu/felvevo
https://solvemymedia.com/id/perekam
https://solvemymedia.com/it/registratore
https://solvemymedia.com/ja/rekoda
https://solvemymedia.com/ko/giroggye
https://solvemymedia.com/ms/perakam
https://solvemymedia.com/nl/opnameapparaat
https://solvemymedia.com/no/opptaker
https://solvemymedia.com/pl/rejestrator
https://solvemymedia.com/pt/gravadora
https://solvemymedia.com/recorder
https://solvemymedia.com/recorder
https://solvemymedia.com/ro/recorder
https://solvemymedia.com/ru/diktofon
https://solvemymedia.com/sk/zaznamnik
https://solvemymedia.com/sv/inspelare
https://solvemymedia.com/th/ekhruuengbanthuek
https://solvemymedia.com/tr/kaydedici
https://solvemymedia.com/uk/diktofon
https://solvemymedia.com/vi/may-ghi-am
https://solvemymedia.com/zh/lu-yin-ji","200
200
200
200
200
200
200
200
404
200
200
200
200
200
200
200
200
200
200
200
200
200
200
200
404
200
200
200
200
200
200","Some pages don't include hreflang links to all the other pages of the group
Some pages are not returning 200 status code",774500295674417905,26,26
21,https://solvemymedia.com/fi/luo-gif,"Video GIF Maker -muunna video animoiduksi GIF-muotoon - SolveMyMedia
SolveMyMedia - Free Online Media Optimization Tools",text/html; charset=utf-8,false,200,0,true,"https://solvemymedia.com/ar/anshaaa-gif
https://solvemymedia.com/ar/nsh-swr-mthrk
https://solvemymedia.com/create-gif
https://solvemymedia.com/create-gif
https://solvemymedia.com/cs/vytvorit-gif
https://solvemymedia.com/da/opret-gif
https://solvemymedia.com/da/oprette-gif
https://solvemymedia.com/de/gif-erstellen
https://solvemymedia.com/el/dimioyrgia-gif
https://solvemymedia.com/es/crear-gif
https://solvemymedia.com/fi/luo-gif
https://solvemymedia.com/fr/creer-un-gif
https://solvemymedia.com/he/lytsvr-gif
https://solvemymedia.com/he/tzor-gif
https://solvemymedia.com/hi/gif-banaye
https://solvemymedia.com/hi/gif-bnaaen
https://solvemymedia.com/hu/gif-letrehozasa
https://solvemymedia.com/id/membuat-gif
https://solvemymedia.com/it/crea-gif
https://solvemymedia.com/it/creare-una-gif
https://solvemymedia.com/ja/gifwozuo-cheng
https://solvemymedia.com/ko/gif-mandeulgi
https://solvemymedia.com/ms/buat-gif
https://solvemymedia.com/nl/gif-maken
https://solvemymedia.com/no/lag-gif
https://solvemymedia.com/no/lage-gif
https://solvemymedia.com/pl/stworz-gif
https://solvemymedia.com/pl/utworz-gifa
https://solvemymedia.com/pt/criar-gif
https://solvemymedia.com/ro/creati-gif
https://solvemymedia.com/ro/creeaza-gif
https://solvemymedia.com/ru/sozdat-gif
https://solvemymedia.com/ru/sozdat-gifku
https://solvemymedia.com/sk/vytvorit-gif
https://solvemymedia.com/sv/skapa-gif
https://solvemymedia.com/th/sang-gif
https://solvemymedia.com/th/sraangkif
https://solvemymedia.com/tr/gif-olustur
https://solvemymedia.com/uk/stvoriti-gif
https://solvemymedia.com/vi/tao-anh-gif
https://solvemymedia.com/vi/tao-gif
https://solvemymedia.com/zh/chuang-jian-gif","404
200
200
200
200
404
200
200
200
200
200
200
404
404
404
200
200
200
404
200
200
200
200
200
404
200
404
200
200
200
404
404
200
404
200
404
200
200
200
200
404
200","More than one page is linked for the same language
Some pages don't include hreflang links to all the other pages of the group
Some pages are not returning 200 status code",17321000843242609092,39,39
21,https://solvemymedia.com/vi/video-thanh-am-thanh,"Trích xuất âm thanh từ video - Chuyển đổi video sang MP3 - SolveMyMedia
SolveMyMedia - Free Online Media Optimization Tools",text/html; charset=utf-8,false,200,0,true,"https://solvemymedia.com/ar/lfydyw-l-lswt
https://solvemymedia.com/cs/video-na-zvuk
https://solvemymedia.com/da/video-til-lyd
https://solvemymedia.com/de/video-zu-audio
https://solvemymedia.com/el/vinteo-se-iho
https://solvemymedia.com/es/video-a-audio
https://solvemymedia.com/fi/videosta-aaneksi
https://solvemymedia.com/fr/video-en-audio
https://solvemymedia.com/he/vydv-lvdyv
https://solvemymedia.com/hi/viiddiyo-se-onddiyo
https://solvemymedia.com/hu/videorol-hangra
https://solvemymedia.com/id/video-ke-audio
https://solvemymedia.com/it/video-in-audio
https://solvemymedia.com/ja/bideokaraodeiohe
https://solvemymedia.com/ko/bidioreul-odioro
https://solvemymedia.com/ms/video-kepada-audio
https://solvemymedia.com/nl/video-naar-audio
https://solvemymedia.com/no/video-til-lyd
https://solvemymedia.com/pl/wideo-do-dzwieku
https://solvemymedia.com/pt/video-para-audio
https://solvemymedia.com/ro/video-in-audio
https://solvemymedia.com/ru/video-v-audio
https://solvemymedia.com/sk/video-na-zvuk
https://solvemymedia.com/sv/video-till-ljud
https://solvemymedia.com/th/widiioepnesiiyng
https://solvemymedia.com/tr/videodan-sese
https://solvemymedia.com/uk/video-v-audio
https://solvemymedia.com/vi/video-thanh-am-thanh
https://solvemymedia.com/video-to-audio
https://solvemymedia.com/video-to-audio
https://solvemymedia.com/zh/shi-pin-zhuan-yin-pin","200
200
200
200
200
200
200
200
404
200
200
200
200
200
200
200
200
200
200
200
200
200
404
200
200
200
200
200
200
200
200","Some pages don't include hreflang links to all the other pages of the group
Some pages are not returning 200 status code",2926664764167155975,26,26
21,https://solvemymedia.com/cs/prevest-zvuk,"Převod audio formátů – bezplatný online audio převodník - SolveMyMedia
SolveMyMedia - Free Online Media Optimization Tools",text/html; charset=utf-8,false,200,0,true,"https://solvemymedia.com/ar/thwyl-lswt
https://solvemymedia.com/convert-audio
https://solvemymedia.com/convert-audio
https://solvemymedia.com/cs/prevest-zvuk
https://solvemymedia.com/da/konvertere-lyd
https://solvemymedia.com/de/audio-konvertieren
https://solvemymedia.com/el/metatropi-ihoy
https://solvemymedia.com/es/convertir-audio
https://solvemymedia.com/fi/muuntaa-aanta
https://solvemymedia.com/fr/convertir-laudio
https://solvemymedia.com/he/lhmyr-vdyv
https://solvemymedia.com/hi/onddiyo-privrtit-kren
https://solvemymedia.com/hu/hangot-konvertalni
https://solvemymedia.com/id/mengkonversi-audio
https://solvemymedia.com/it/convertire-laudio
https://solvemymedia.com/ja/odeiowobian-huan-suru
https://solvemymedia.com/ko/odio-byeonhwan
https://solvemymedia.com/ms/menukar-audio
https://solvemymedia.com/nl/audio-converteren
https://solvemymedia.com/no/konvertere-lyd
https://solvemymedia.com/pl/konwertowac-dzwiek
https://solvemymedia.com/pt/converter-audio
https://solvemymedia.com/ro/converti-audio
https://solvemymedia.com/ru/konvertirovat-audio
https://solvemymedia.com/sk/konvertovat-zvuk
https://solvemymedia.com/sv/konvertera-ljud
https://solvemymedia.com/th/aeplngesiiyng
https://solvemymedia.com/tr/sesi-donustur
https://solvemymedia.com/uk/konvertuvati-audio
https://solvemymedia.com/vi/chuyen-doi-am-thanh
https://solvemymedia.com/zh/zhuan-huan-yin-pin","200
200
200
200
200
200
200
200
200
200
404
200
200
200
200
200
200
200
200
200
200
200
200
200
404
200
200
200
200
200
200","Some pages don't include hreflang links to all the other pages of the group
Some pages are not returning 200 status code",17243122406961147091,26,26
21,https://solvemymedia.com/de/video-zu-audio,"Audio aus Video extrahieren – Video-zu-MP3-Konverter - SolveMyMedia
SolveMyMedia - Free Online Media Optimization Tools",text/html; charset=utf-8,false,200,0,true,"https://solvemymedia.com/ar/fidyo-ila-sawt
https://solvemymedia.com/ar/lfydyw-l-lswt
https://solvemymedia.com/cs/video-na-audio
https://solvemymedia.com/cs/video-na-zvuk
https://solvemymedia.com/da/video-til-lyd
https://solvemymedia.com/de/video-zu-audio
https://solvemymedia.com/el/video-se-audio
https://solvemymedia.com/el/vinteo-se-iho
https://solvemymedia.com/es/video-a-audio
https://solvemymedia.com/fi/video-audioksi
https://solvemymedia.com/fi/videosta-aaneksi
https://solvemymedia.com/fr/video-en-audio
https://solvemymedia.com/he/video-leaudio
https://solvemymedia.com/he/vydv-lvdyv
https://solvemymedia.com/hi/video-se-audio
https://solvemymedia.com/hi/viiddiyo-se-onddiyo
https://solvemymedia.com/hu/video-hanggya
https://solvemymedia.com/hu/videorol-hangra
https://solvemymedia.com/id/video-ke-audio
https://solvemymedia.com/it/video-in-audio
https://solvemymedia.com/ja/bideokaraodeiohe
https://solvemymedia.com/ko/bidio-eseo-odio
https://solvemymedia.com/ko/bidioreul-odioro
https://solvemymedia.com/ms/video-ke-audio
https://solvemymedia.com/ms/video-kepada-audio
https://solvemymedia.com/nl/video-naar-audio
https://solvemymedia.com/no/video-til-lyd
https://solvemymedia.com/pl/wideo-do-dzwieku
https://solvemymedia.com/pl/wideo-na-audio
https://solvemymedia.com/pt/video-para-audio
https://solvemymedia.com/ro/video-in-audio
https://solvemymedia.com/ro/video-la-audio
https://solvemymedia.com/ru/video-v-audio
https://solvemymedia.com/sk/video-na-audio
https://solvemymedia.com/sk/video-na-zvuk
https://solvemymedia.com/sv/video-till-ljud
https://solvemymedia.com/th/wideo-phen-siang
https://solvemymedia.com/th/widiioepnesiiyng
https://solvemymedia.com/tr/videodan-ses
https://solvemymedia.com/tr/videodan-sese
https://solvemymedia.com/uk/video-v-audio
https://solvemymedia.com/vi/video-sang-am-thanh
https://solvemymedia.com/vi/video-thanh-am-thanh
https://solvemymedia.com/video-to-audio
https://solvemymedia.com/video-to-audio
https://solvemymedia.com/zh/shi-pin-zhuan-yin-pin","404
200
404
200
200
200
404
200
200
404
200
200
404
404
404
200
404
200
200
200
200
404
200
404
200
200
200
200
404
200
200
404
200
404
404
200
404
200
404
200
200
404
200
200
200
200","More than one page is linked for the same language
Some pages don't include hreflang links to all the other pages of the group
Some pages are not returning 200 status code",2926664764167155975,42,42
21,https://solvemymedia.com/sv/skapa-gif,"Video to GIF Maker - Konvertera video till animerad GIF - SolveMyMedia
SolveMyMedia - Free Online Media Optimization Tools",text/html; charset=utf-8,false,200,0,true,"https://solvemymedia.com/ar/anshaaa-gif
https://solvemymedia.com/ar/nsh-swr-mthrk
https://solvemymedia.com/create-gif
https://solvemymedia.com/create-gif
https://solvemymedia.com/cs/vytvorit-gif
https://solvemymedia.com/da/opret-gif
https://solvemymedia.com/da/oprette-gif
https://solvemymedia.com/de/gif-erstellen
https://solvemymedia.com/el/dimioyrgia-gif
https://solvemymedia.com/es/crear-gif
https://solvemymedia.com/fi/luo-gif
https://solvemymedia.com/fr/creer-un-gif
https://solvemymedia.com/he/lytsvr-gif
https://solvemymedia.com/he/tzor-gif
https://solvemymedia.com/hi/gif-banaye
https://solvemymedia.com/hi/gif-bnaaen
https://solvemymedia.com/hu/gif-letrehozasa
https://solvemymedia.com/id/membuat-gif
https://solvemymedia.com/it/crea-gif
https://solvemymedia.com/it/creare-una-gif
https://solvemymedia.com/ja/gifwozuo-cheng
https://solvemymedia.com/ko/gif-mandeulgi
https://solvemymedia.com/ms/buat-gif
https://solvemymedia.com/nl/gif-maken
https://solvemymedia.com/no/lag-gif
https://solvemymedia.com/no/lage-gif
https://solvemymedia.com/pl/stworz-gif
https://solvemymedia.com/pl/utworz-gifa
https://solvemymedia.com/pt/criar-gif
https://solvemymedia.com/ro/creati-gif
https://solvemymedia.com/ro/creeaza-gif
https://solvemymedia.com/ru/sozdat-gif
https://solvemymedia.com/ru/sozdat-gifku
https://solvemymedia.com/sk/vytvorit-gif
https://solvemymedia.com/sv/skapa-gif
https://solvemymedia.com/th/sang-gif
https://solvemymedia.com/th/sraangkif
https://solvemymedia.com/tr/gif-olustur
https://solvemymedia.com/uk/stvoriti-gif
https://solvemymedia.com/vi/tao-anh-gif
https://solvemymedia.com/vi/tao-gif
https://solvemymedia.com/zh/chuang-jian-gif","404
200
200
200
200
404
200
200
200
200
200
200
404
404
404
200
200
200
404
200
200
200
200
200
404
200
404
200
200
200
404
404
200
404
200
404
200
200
200
200
404
200","More than one page is linked for the same language
Some pages don't include hreflang links to all the other pages of the group
Some pages are not returning 200 status code",17321000843242609092,39,39
21,https://solvemymedia.com/da/konvertere-lyd,"Konverter lydformater - Gratis online lydkonverter - SolveMyMedia
SolveMyMedia - Free Online Media Optimization Tools",text/html; charset=utf-8,false,200,0,true,"https://solvemymedia.com/ar/thwyl-lswt
https://solvemymedia.com/convert-audio
https://solvemymedia.com/convert-audio
https://solvemymedia.com/cs/prevest-zvuk
https://solvemymedia.com/da/konvertere-lyd
https://solvemymedia.com/de/audio-konvertieren
https://solvemymedia.com/el/metatropi-ihoy
https://solvemymedia.com/es/convertir-audio
https://solvemymedia.com/fi/muuntaa-aanta
https://solvemymedia.com/fr/convertir-laudio
https://solvemymedia.com/he/lhmyr-vdyv
https://solvemymedia.com/hi/onddiyo-privrtit-kren
https://solvemymedia.com/hu/hangot-konvertalni
https://solvemymedia.com/id/mengkonversi-audio
https://solvemymedia.com/it/convertire-laudio
https://solvemymedia.com/ja/odeiowobian-huan-suru
https://solvemymedia.com/ko/odio-byeonhwan
https://solvemymedia.com/ms/menukar-audio
https://solvemymedia.com/nl/audio-converteren
https://solvemymedia.com/no/konvertere-lyd
https://solvemymedia.com/pl/konwertowac-dzwiek
https://solvemymedia.com/pt/converter-audio
https://solvemymedia.com/ro/converti-audio
https://solvemymedia.com/ru/konvertirovat-audio
https://solvemymedia.com/sk/konvertovat-zvuk
https://solvemymedia.com/sv/konvertera-ljud
https://solvemymedia.com/th/aeplngesiiyng
https://solvemymedia.com/tr/sesi-donustur
https://solvemymedia.com/uk/konvertuvati-audio
https://solvemymedia.com/vi/chuyen-doi-am-thanh
https://solvemymedia.com/zh/zhuan-huan-yin-pin","200
200
200
200
200
200
200
200
200
200
404
200
200
200
200
200
200
200
200
200
200
200
200
200
404
200
200
200
200
200
200","Some pages don't include hreflang links to all the other pages of the group
Some pages are not returning 200 status code",17243122406961147091,26,26
21,https://solvemymedia.com/uk/stvoriti-gif,"Video to GIF Maker - конвертуйте відео в анімований GIF - SolveMyMedia
SolveMyMedia - Free Online Media Optimization Tools",text/html; charset=utf-8,false,200,0,true,"https://solvemymedia.com/ar/anshaaa-gif
https://solvemymedia.com/ar/nsh-swr-mthrk
https://solvemymedia.com/create-gif
https://solvemymedia.com/create-gif
https://solvemymedia.com/cs/vytvorit-gif
https://solvemymedia.com/da/opret-gif
https://solvemymedia.com/da/oprette-gif
https://solvemymedia.com/de/gif-erstellen
https://solvemymedia.com/el/dimioyrgia-gif
https://solvemymedia.com/es/crear-gif
https://solvemymedia.com/fi/luo-gif
https://solvemymedia.com/fr/creer-un-gif
https://solvemymedia.com/he/lytsvr-gif
https://solvemymedia.com/he/tzor-gif
https://solvemymedia.com/hi/gif-banaye
https://solvemymedia.com/hi/gif-bnaaen
https://solvemymedia.com/hu/gif-letrehozasa
https://solvemymedia.com/id/membuat-gif
https://solvemymedia.com/it/crea-gif
https://solvemymedia.com/it/creare-una-gif
https://solvemymedia.com/ja/gifwozuo-cheng
https://solvemymedia.com/ko/gif-mandeulgi
https://solvemymedia.com/ms/buat-gif
https://solvemymedia.com/nl/gif-maken
https://solvemymedia.com/no/lag-gif
https://solvemymedia.com/no/lage-gif
https://solvemymedia.com/pl/stworz-gif
https://solvemymedia.com/pl/utworz-gifa
https://solvemymedia.com/pt/criar-gif
https://solvemymedia.com/ro/creati-gif
https://solvemymedia.com/ro/creeaza-gif
https://solvemymedia.com/ru/sozdat-gif
https://solvemymedia.com/ru/sozdat-gifku
https://solvemymedia.com/sk/vytvorit-gif
https://solvemymedia.com/sv/skapa-gif
https://solvemymedia.com/th/sang-gif
https://solvemymedia.com/th/sraangkif
https://solvemymedia.com/tr/gif-olustur
https://solvemymedia.com/uk/stvoriti-gif
https://solvemymedia.com/vi/tao-anh-gif
https://solvemymedia.com/vi/tao-gif
https://solvemymedia.com/zh/chuang-jian-gif","404
200
200
200
200
404
200
200
200
200
200
200
404
404
404
200
200
200
404
200
200
200
200
200
404
200
404
200
200
200
404
404
200
404
200
404
200
200
200
200
404
200","More than one page is linked for the same language
Some pages don't include hreflang links to all the other pages of the group
Some pages are not returning 200 status code",17321000843242609092,39,39
21,https://solvemymedia.com/fi/videosta-aaneksi,"Pura ääni videosta - Video MP3 Converter - SolveMyMedia
SolveMyMedia - Free Online Media Optimization Tools",text/html; charset=utf-8,false,200,0,true,"https://solvemymedia.com/ar/lfydyw-l-lswt
https://solvemymedia.com/cs/video-na-zvuk
https://solvemymedia.com/da/video-til-lyd
https://solvemymedia.com/de/video-zu-audio
https://solvemymedia.com/el/vinteo-se-iho
https://solvemymedia.com/es/video-a-audio
https://solvemymedia.com/fi/videosta-aaneksi
https://solvemymedia.com/fr/video-en-audio
https://solvemymedia.com/he/vydv-lvdyv
https://solvemymedia.com/hi/viiddiyo-se-onddiyo
https://solvemymedia.com/hu/videorol-hangra
https://solvemymedia.com/id/video-ke-audio
https://solvemymedia.com/it/video-in-audio
https://solvemymedia.com/ja/bideokaraodeiohe
https://solvemymedia.com/ko/bidioreul-odioro
https://solvemymedia.com/ms/video-kepada-audio
https://solvemymedia.com/nl/video-naar-audio
https://solvemymedia.com/no/video-til-lyd
https://solvemymedia.com/pl/wideo-do-dzwieku
https://solvemymedia.com/pt/video-para-audio
https://solvemymedia.com/ro/video-in-audio
https://solvemymedia.com/ru/video-v-audio
https://solvemymedia.com/sk/video-na-zvuk
https://solvemymedia.com/sv/video-till-ljud
https://solvemymedia.com/th/widiioepnesiiyng
https://solvemymedia.com/tr/videodan-sese
https://solvemymedia.com/uk/video-v-audio
https://solvemymedia.com/vi/video-thanh-am-thanh
https://solvemymedia.com/video-to-audio
https://solvemymedia.com/video-to-audio
https://solvemymedia.com/zh/shi-pin-zhuan-yin-pin","200
200
200
200
200
200
200
200
404
200
200
200
200
200
200
200
200
200
200
200
200
200
404
200
200
200
200
200
200
200
200","Some pages don't include hreflang links to all the other pages of the group
Some pages are not returning 200 status code",2926664764167155975,26,26
21,https://solvemymedia.com/ro/video-in-audio,"Extrage audio din video - Convertor video în MP3 - SolveMyMedia
SolveMyMedia - Free Online Media Optimization Tools",text/html; charset=utf-8,false,200,0,true,"https://solvemymedia.com/ar/lfydyw-l-lswt
https://solvemymedia.com/cs/video-na-zvuk
https://solvemymedia.com/da/video-til-lyd
https://solvemymedia.com/de/video-zu-audio
https://solvemymedia.com/el/vinteo-se-iho
https://solvemymedia.com/es/video-a-audio
https://solvemymedia.com/fi/videosta-aaneksi
https://solvemymedia.com/fr/video-en-audio
https://solvemymedia.com/he/vydv-lvdyv
https://solvemymedia.com/hi/viiddiyo-se-onddiyo
https://solvemymedia.com/hu/videorol-hangra
https://solvemymedia.com/id/video-ke-audio
https://solvemymedia.com/it/video-in-audio
https://solvemymedia.com/ja/bideokaraodeiohe
https://solvemymedia.com/ko/bidioreul-odioro
https://solvemymedia.com/ms/video-kepada-audio
https://solvemymedia.com/nl/video-naar-audio
https://solvemymedia.com/no/video-til-lyd
https://solvemymedia.com/pl/wideo-do-dzwieku
https://solvemymedia.com/pt/video-para-audio
https://solvemymedia.com/ro/video-in-audio
https://solvemymedia.com/ru/video-v-audio
https://solvemymedia.com/sk/video-na-zvuk
https://solvemymedia.com/sv/video-till-ljud
https://solvemymedia.com/th/widiioepnesiiyng
https://solvemymedia.com/tr/videodan-sese
https://solvemymedia.com/uk/video-v-audio
https://solvemymedia.com/vi/video-thanh-am-thanh
https://solvemymedia.com/video-to-audio
https://solvemymedia.com/video-to-audio
https://solvemymedia.com/zh/shi-pin-zhuan-yin-pin","200
200
200
200
200
200
200
200
404
200
200
200
200
200
200
200
200
200
200
200
200
200
404
200
200
200
200
200
200
200
200","Some pages don't include hreflang links to all the other pages of the group
Some pages are not returning 200 status code",2926664764167155975,26,26
21,https://solvemymedia.com/nl/audio-comprimeren,"Audio online comprimeren - Gratis audiocompressor - SolveMyMedia
SolveMyMedia - Free Online Media Optimization Tools",text/html; charset=utf-8,false,200,0,true,"https://solvemymedia.com/ar/dght-alsawt
https://solvemymedia.com/ar/dgt-lswt
https://solvemymedia.com/compress-audio
https://solvemymedia.com/compress-audio
https://solvemymedia.com/cs/komprimovat-audio
https://solvemymedia.com/cs/komprimovat-zvuk
https://solvemymedia.com/da/komprimer-lyd
https://solvemymedia.com/da/komprimere-lyd
https://solvemymedia.com/de/audio-komprimieren
https://solvemymedia.com/el/symnpiesost-audio
https://solvemymedia.com/el/sympiesi-ihoy
https://solvemymedia.com/es/comprimir-audio
https://solvemymedia.com/fi/pakkaa-aanta
https://solvemymedia.com/fi/pakkaa-audio
https://solvemymedia.com/fr/compresser-laudio
https://solvemymedia.com/he/dchisot-audio
https://solvemymedia.com/he/ldkhvs-vdyv
https://solvemymedia.com/hi/audio-compress-kare
https://solvemymedia.com/hi/onddiyo-snpiiddit-kren
https://solvemymedia.com/hu/hang-tomoritese
https://solvemymedia.com/hu/tomoriti-a-hangot
https://solvemymedia.com/id/kompres-audio
https://solvemymedia.com/it/comprimere-laudio
https://solvemymedia.com/it/comprimi-audio
https://solvemymedia.com/ja/odeiowoya-suo-suru
https://solvemymedia.com/ko/odio-abcug
https://solvemymedia.com/ko/odio-apchuk
https://solvemymedia.com/ms/mampat-audio
https://solvemymedia.com/ms/memampatkan-audio
https://solvemymedia.com/nl/audio-comprimeren
https://solvemymedia.com/no/komprimere-lyd
https://solvemymedia.com/pl/kompresowac-dzwiek
https://solvemymedia.com/pl/kompresuj-audio
https://solvemymedia.com/pt/comprimir-audio
https://solvemymedia.com/ro/comprima-audio
https://solvemymedia.com/ru/szhat-audio
https://solvemymedia.com/ru/szhimat-audio
https://solvemymedia.com/sk/komprimovat-audio
https://solvemymedia.com/sk/komprimovat-zvuk
https://solvemymedia.com/sv/komprimera-ljud
https://solvemymedia.com/th/biibadesiiyng
https://solvemymedia.com/th/ko-op-audio
https://solvemymedia.com/tr/ses-sikistir
https://solvemymedia.com/tr/sesi-sikistir
https://solvemymedia.com/uk/stiskati-audio
https://solvemymedia.com/uk/sty-snuti-audio
https://solvemymedia.com/vi/nen-am-thanh
https://solvemymedia.com/zh/ya-suo-yin-pin","404
200
200
200
404
200
404
200
200
404
200
200
200
404
200
404
404
404
200
404
200
200
200
404
200
200
404
404
200
200
200
200
404
200
200
404
200
404
404
200
200
404
404
200
200
404
200
200","More than one page is linked for the same language
Some pages don't include hreflang links to all the other pages of the group
Some pages are not returning 200 status code",5785178085625259770,44,44
21,https://solvemymedia.com/sv/video-till-ljud,"Extrahera ljud från video - Video till MP3 Converter - SolveMyMedia
SolveMyMedia - Free Online Media Optimization Tools",text/html; charset=utf-8,false,200,0,true,"https://solvemymedia.com/ar/fidyo-ila-sawt
https://solvemymedia.com/ar/lfydyw-l-lswt
https://solvemymedia.com/cs/video-na-audio
https://solvemymedia.com/cs/video-na-zvuk
https://solvemymedia.com/da/video-til-lyd
https://solvemymedia.com/de/video-zu-audio
https://solvemymedia.com/el/video-se-audio
https://solvemymedia.com/el/vinteo-se-iho
https://solvemymedia.com/es/video-a-audio
https://solvemymedia.com/fi/video-audioksi
https://solvemymedia.com/fi/videosta-aaneksi
https://solvemymedia.com/fr/video-en-audio
https://solvemymedia.com/he/video-leaudio
https://solvemymedia.com/he/vydv-lvdyv
https://solvemymedia.com/hi/video-se-audio
https://solvemymedia.com/hi/viiddiyo-se-onddiyo
https://solvemymedia.com/hu/video-hanggya
https://solvemymedia.com/hu/videorol-hangra
https://solvemymedia.com/id/video-ke-audio
https://solvemymedia.com/it/video-in-audio
https://solvemymedia.com/ja/bideokaraodeiohe
https://solvemymedia.com/ko/bidio-eseo-odio
https://solvemymedia.com/ko/bidioreul-odioro
https://solvemymedia.com/ms/video-ke-audio
https://solvemymedia.com/ms/video-kepada-audio
https://solvemymedia.com/nl/video-naar-audio
https://solvemymedia.com/no/video-til-lyd
https://solvemymedia.com/pl/wideo-do-dzwieku
https://solvemymedia.com/pl/wideo-na-audio
https://solvemymedia.com/pt/video-para-audio
https://solvemymedia.com/ro/video-in-audio
https://solvemymedia.com/ro/video-la-audio
https://solvemymedia.com/ru/video-v-audio
https://solvemymedia.com/sk/video-na-audio
https://solvemymedia.com/sk/video-na-zvuk
https://solvemymedia.com/sv/video-till-ljud
https://solvemymedia.com/th/wideo-phen-siang
https://solvemymedia.com/th/widiioepnesiiyng
https://solvemymedia.com/tr/videodan-ses
https://solvemymedia.com/tr/videodan-sese
https://solvemymedia.com/uk/video-v-audio
https://solvemymedia.com/vi/video-sang-am-thanh
https://solvemymedia.com/vi/video-thanh-am-thanh
https://solvemymedia.com/video-to-audio
https://solvemymedia.com/video-to-audio
https://solvemymedia.com/zh/shi-pin-zhuan-yin-pin","404
200
404
200
200
200
404
200
200
404
200
200
404
404
404
200
404
200
200
200
200
404
200
404
200
200
200
200
404
200
200
404
200
404
404
200
404
200
404
200
200
404
200
200
200
200","More than one page is linked for the same language
Some pages don't include hreflang links to all the other pages of the group
Some pages are not returning 200 status code",2926664764167155975,42,42
21,https://solvemymedia.com/fi/tallennin,"Näytön ja äänen tallennin - ilmainen studiotallennus - SolveMyMedia
SolveMyMedia - Free Online Media Optimization Tools",text/html; charset=utf-8,false,200,0,true,"https://solvemymedia.com/ar/msjl
https://solvemymedia.com/cs/zaznamnik
https://solvemymedia.com/da/optager
https://solvemymedia.com/de/recorder
https://solvemymedia.com/el/mihanima-eggrafis
https://solvemymedia.com/es/grabadora
https://solvemymedia.com/fi/tallennin
https://solvemymedia.com/fr/enregistreur
https://solvemymedia.com/he/maqliyt
https://solvemymedia.com/hi/rikonrddr
https://solvemymedia.com/hu/felvevo
https://solvemymedia.com/id/perekam
https://solvemymedia.com/it/registratore
https://solvemymedia.com/ja/rekoda
https://solvemymedia.com/ko/giroggye
https://solvemymedia.com/ms/perakam
https://solvemymedia.com/nl/opnameapparaat
https://solvemymedia.com/no/opptaker
https://solvemymedia.com/pl/rejestrator
https://solvemymedia.com/pt/gravadora
https://solvemymedia.com/recorder
https://solvemymedia.com/recorder
https://solvemymedia.com/ro/recorder
https://solvemymedia.com/ru/diktofon
https://solvemymedia.com/sk/zaznamnik
https://solvemymedia.com/sv/inspelare
https://solvemymedia.com/th/ekhruuengbanthuek
https://solvemymedia.com/tr/kaydedici
https://solvemymedia.com/uk/diktofon
https://solvemymedia.com/vi/may-ghi-am
https://solvemymedia.com/zh/lu-yin-ji","200
200
200
200
200
200
200
200
404
200
200
200
200
200
200
200
200
200
200
200
200
200
200
200
404
200
200
200
200
200
200","Some pages don't include hreflang links to all the other pages of the group
Some pages are not returning 200 status code",774500295674417905,26,26
21,https://solvemymedia.com/no/transkribere,"Lyd- og videotranskripsjon - AI tale til tekst - SolveMyMedia
SolveMyMedia - Free Online Media Optimization Tools",text/html; charset=utf-8,false,200,0,true,"https://solvemymedia.com/ar/nskh
https://solvemymedia.com/cs/prepsat
https://solvemymedia.com/da/transskribere
https://solvemymedia.com/de/transkribieren
https://solvemymedia.com/el/antigrafo
https://solvemymedia.com/es/transcribir
https://solvemymedia.com/fi/litteroida
https://solvemymedia.com/fr/transcrire
https://solvemymedia.com/he/ltaateq
https://solvemymedia.com/hi/ttaaip-krnaa
https://solvemymedia.com/hu/lemasol
https://solvemymedia.com/id/menuliskan
https://solvemymedia.com/it/trascrivere
https://solvemymedia.com/ja/zhuan-xie-suru
https://solvemymedia.com/ko/gocyeo-sseuda
https://solvemymedia.com/ms/transkripsi
https://solvemymedia.com/nl/transcriberen
https://solvemymedia.com/no/transkribere
https://solvemymedia.com/pl/rozpisac
https://solvemymedia.com/pt/transcrever
https://solvemymedia.com/ro/transcrie
https://solvemymedia.com/ru/perepisyvat
https://solvemymedia.com/sk/prepisovat
https://solvemymedia.com/sv/transkribera
https://solvemymedia.com/th/thdesiiyng
https://solvemymedia.com/tr/uyarlamak
https://solvemymedia.com/transcribe
https://solvemymedia.com/transcribe
https://solvemymedia.com/uk/transkribuvati
https://solvemymedia.com/vi/chep-lai
https://solvemymedia.com/zh/lu-zhi","200
200
200
200
200
200
200
200
404
200
200
200
200
200
200
200
200
200
200
200
200
200
404
200
200
200
200
200
200
200
200","Some pages don't include hreflang links to all the other pages of the group
Some pages are not returning 200 status code",1124245034427686738,26,26
21,https://solvemymedia.com/ar/nsh-swr-mthrk,"Video to GIF Maker - تحويل الفيديو إلى GIF المتحركة - SolveMyMedia
SolveMyMedia - Free Online Media Optimization Tools",text/html; charset=utf-8,false,200,0,true,"https://solvemymedia.com/ar/nsh-swr-mthrk
https://solvemymedia.com/create-gif
https://solvemymedia.com/create-gif
https://solvemymedia.com/cs/vytvorit-gif
https://solvemymedia.com/da/oprette-gif
https://solvemymedia.com/de/gif-erstellen
https://solvemymedia.com/el/dimioyrgia-gif
https://solvemymedia.com/es/crear-gif
https://solvemymedia.com/fi/luo-gif
https://solvemymedia.com/fr/creer-un-gif
https://solvemymedia.com/he/lytsvr-gif
https://solvemymedia.com/hi/gif-bnaaen
https://solvemymedia.com/hu/gif-letrehozasa
https://solvemymedia.com/id/membuat-gif
https://solvemymedia.com/it/creare-una-gif
https://solvemymedia.com/ja/gifwozuo-cheng
https://solvemymedia.com/ko/gif-mandeulgi
https://solvemymedia.com/ms/buat-gif
https://solvemymedia.com/nl/gif-maken
https://solvemymedia.com/no/lage-gif
https://solvemymedia.com/pl/utworz-gifa
https://solvemymedia.com/pt/criar-gif
https://solvemymedia.com/ro/creati-gif
https://solvemymedia.com/ru/sozdat-gifku
https://solvemymedia.com/sk/vytvorit-gif
https://solvemymedia.com/sv/skapa-gif
https://solvemymedia.com/th/sraangkif
https://solvemymedia.com/tr/gif-olustur
https://solvemymedia.com/uk/stvoriti-gif
https://solvemymedia.com/vi/tao-anh-gif
https://solvemymedia.com/zh/chuang-jian-gif","200
200
200
200
200
200
200
200
200
200
404
200
200
200
200
200
200
200
200
200
200
200
200
200
404
200
200
200
200
200
200","Some pages don't include hreflang links to all the other pages of the group
Some pages are not returning 200 status code",17321000843242609092,26,26
