PR,URL,Title,Content type,Is rendered page,HTTP status code,Organic traffic,Depth,Internal outlinks to 3xx,Internal outlinks codes (3xx),No. of internal outlinks to 3xx,External outlinks to 3xx,External outlinks codes (3xx),No. of external outlinks to 3xx
22,https://solvemymedia.com/pl/security,"seoSecurityTitle
SolveMyMedia - Free Online Media Optimization Tools",text/html; charset=utf-8,false,200,0,0,https://solvemymedia.com/pl/,308,1,,,0
22,https://solvemymedia.com/hu/pricing,"seoPricingTitle
SolveMyMedia - Free Online Media Optimization Tools",text/html; charset=utf-8,false,200,0,0,https://solvemymedia.com/hu/,308,1,,,0
22,https://solvemymedia.com/ru/supported-languages,"Поддерживаемые языки - SolveMyMedia
SolveMyMedia - Free Online Media Optimization Tools",text/html; charset=utf-8,false,200,0,0,https://solvemymedia.com/ru/,308,1,,,0
22,https://solvemymedia.com/fr/oeuvres-audio,"Fusionner des fichiers audio - Joiner audio gratuit - SolveMyMedia
SolveMyMedia - Free Online Media Optimization Tools",text/html; charset=utf-8,false,200,0,0,https://solvemymedia.com/fr/,308,1,,,0
22,https://solvemymedia.com/ja/privacy-policy,"seoPrivacyTitle
SolveMyMedia - Free Online Media Optimization Tools",text/html; charset=utf-8,false,200,0,0,https://solvemymedia.com/ja/,308,1,,,0
22,https://solvemymedia.com/ms/about-us,"seoAboutUsTitle
SolveMyMedia - Free Online Media Optimization Tools",text/html; charset=utf-8,false,200,0,0,https://solvemymedia.com/ms/,308,1,,,0
22,https://solvemymedia.com/pl/privacy-policy,"seoPrivacyTitle
SolveMyMedia - Free Online Media Optimization Tools",text/html; charset=utf-8,false,200,0,0,https://solvemymedia.com/pl/,308,1,,,0
22,https://solvemymedia.com/es/pricing,"seoPricingTitle
SolveMyMedia - Free Online Media Optimization Tools",text/html; charset=utf-8,false,200,0,0,https://solvemymedia.com/es/,308,1,,,0
22,https://solvemymedia.com/ko/supported-languages,"지원되는 언어 - SolveMyMedia
SolveMyMedia - Free Online Media Optimization Tools",text/html; charset=utf-8,false,200,0,0,https://solvemymedia.com/ko/,308,1,,,0
22,https://solvemymedia.com/fr/video-en-filigrane,"Ajouter un filigrane à une vidéo - Protégez vos médias - SolveMyMedia
SolveMyMedia - Free Online Media Optimization Tools",text/html; charset=utf-8,false,200,0,0,https://solvemymedia.com/fr/,308,1,,,0
22,https://solvemymedia.com/no/compare,"seoCompareTitle
SolveMyMedia - Free Online Media Optimization Tools",text/html; charset=utf-8,false,200,0,0,https://solvemymedia.com/no/,308,1,,,0
22,https://solvemymedia.com/sv/pricing,"seoPricingTitle
SolveMyMedia - Free Online Media Optimization Tools",text/html; charset=utf-8,false,200,0,0,https://solvemymedia.com/sv/,308,1,,,0
22,https://solvemymedia.com/ko/pricing,"seoPricingTitle
SolveMyMedia - Free Online Media Optimization Tools",text/html; charset=utf-8,false,200,0,0,https://solvemymedia.com/ko/,308,1,,,0
22,https://solvemymedia.com/pl/terms-of-service,"seoTermsTitle
SolveMyMedia - Free Online Media Optimization Tools",text/html; charset=utf-8,false,200,0,0,https://solvemymedia.com/pl/,308,1,,,0
22,https://solvemymedia.com/nl/video-dempen,"Video online dempen - Audio uit video verwijderen - SolveMyMedia
SolveMyMedia - Free Online Media Optimization Tools",text/html; charset=utf-8,false,200,0,0,https://solvemymedia.com/nl/,308,1,,,0
22,https://solvemymedia.com/da/compare,"seoCompareTitle
SolveMyMedia - Free Online Media Optimization Tools",text/html; charset=utf-8,false,200,0,0,https://solvemymedia.com/da/,308,1,,,0
22,https://solvemymedia.com/vi/pricing,"seoPricingTitle
SolveMyMedia - Free Online Media Optimization Tools",text/html; charset=utf-8,false,200,0,0,https://solvemymedia.com/vi/,308,1,,,0
22,https://solvemymedia.com/ja/rekoda,"画面と音声レコーダー - 無料のスタジオ録音 - SolveMyMedia
SolveMyMedia - Free Online Media Optimization Tools",text/html; charset=utf-8,false,200,0,0,https://solvemymedia.com/ja/,308,1,,,0
22,https://solvemymedia.com/sv/security,"seoSecurityTitle
SolveMyMedia - Free Online Media Optimization Tools",text/html; charset=utf-8,false,200,0,0,https://solvemymedia.com/sv/,308,1,,,0
22,https://solvemymedia.com/vi/about-us,"seoAboutUsTitle
SolveMyMedia - Free Online Media Optimization Tools",text/html; charset=utf-8,false,200,0,0,https://solvemymedia.com/vi/,308,1,,,0
22,https://solvemymedia.com/es/grabadora,"Grabador de pantalla y audio: grabación de estudio gratuita - SolveMyMedia
SolveMyMedia - Free Online Media Optimization Tools",text/html; charset=utf-8,false,200,0,0,https://solvemymedia.com/es/,308,1,,,0
22,https://solvemymedia.com/cs/supported-languages,"Podporované jazyky - SolveMyMedia
SolveMyMedia - Free Online Media Optimization Tools",text/html; charset=utf-8,false,200,0,0,https://solvemymedia.com/cs/,308,1,,,0
22,https://solvemymedia.com/hi/compare,"seoCompareTitle
SolveMyMedia - Free Online Media Optimization Tools",text/html; charset=utf-8,false,200,0,0,https://solvemymedia.com/hi/,308,1,,,0
22,https://solvemymedia.com/id/terms-of-service,"seoTermsTitle
SolveMyMedia - Free Online Media Optimization Tools",text/html; charset=utf-8,false,200,0,0,https://solvemymedia.com/id/,308,1,,,0
22,https://solvemymedia.com/no/security,"seoSecurityTitle
SolveMyMedia - Free Online Media Optimization Tools",text/html; charset=utf-8,false,200,0,0,https://solvemymedia.com/no/,308,1,,,0
22,https://solvemymedia.com/ja/compare,"seoCompareTitle
SolveMyMedia - Free Online Media Optimization Tools",text/html; charset=utf-8,false,200,0,0,https://solvemymedia.com/ja/,308,1,,,0
22,https://solvemymedia.com/it/compare,"seoCompareTitle
SolveMyMedia - Free Online Media Optimization Tools",text/html; charset=utf-8,false,200,0,0,https://solvemymedia.com/it/,308,1,,,0
22,https://solvemymedia.com/th/security,"seoSecurityTitle
SolveMyMedia - Free Online Media Optimization Tools",text/html; charset=utf-8,false,200,0,0,https://solvemymedia.com/th/,308,1,,,0
22,https://solvemymedia.com/ar/pricing,"seoPricingTitle
SolveMyMedia - Free Online Media Optimization Tools",text/html; charset=utf-8,false,200,0,0,https://solvemymedia.com/ar/,308,1,,,0
22,https://solvemymedia.com/es/video-de-marca-de-agua,"Agregue una marca de agua al video: proteja sus medios - SolveMyMedia
SolveMyMedia - Free Online Media Optimization Tools",text/html; charset=utf-8,false,200,0,0,https://solvemymedia.com/es/,308,1,,,0
22,https://solvemymedia.com/th/pricing,"seoPricingTitle
SolveMyMedia - Free Online Media Optimization Tools",text/html; charset=utf-8,false,200,0,0,https://solvemymedia.com/th/,308,1,,,0
22,https://solvemymedia.com/sv/about-us,"seoAboutUsTitle
SolveMyMedia - Free Online Media Optimization Tools",text/html; charset=utf-8,false,200,0,0,https://solvemymedia.com/sv/,308,1,,,0
22,https://solvemymedia.com/tr/terms-of-service,"seoTermsTitle
SolveMyMedia - Free Online Media Optimization Tools",text/html; charset=utf-8,false,200,0,0,https://solvemymedia.com/tr/,308,1,,,0
22,https://solvemymedia.com/th/compare,"seoCompareTitle
SolveMyMedia - Free Online Media Optimization Tools",text/html; charset=utf-8,false,200,0,0,https://solvemymedia.com/th/,308,1,,,0
22,https://solvemymedia.com/fr/privacy-policy,"seoPrivacyTitle
SolveMyMedia - Free Online Media Optimization Tools",text/html; charset=utf-8,false,200,0,0,https://solvemymedia.com/fr/,308,1,,,0
22,https://solvemymedia.com/de/compare,"seoCompareTitle
SolveMyMedia - Free Online Media Optimization Tools",text/html; charset=utf-8,false,200,0,0,https://solvemymedia.com/de/,308,1,,,0
22,https://solvemymedia.com/ru/security,"seoSecurityTitle
SolveMyMedia - Free Online Media Optimization Tools",text/html; charset=utf-8,false,200,0,0,https://solvemymedia.com/ru/,308,1,,,0
22,https://solvemymedia.com/tr/supported-languages,"Desteklenen Diller - SolveMyMedia
SolveMyMedia - Free Online Media Optimization Tools",text/html; charset=utf-8,false,200,0,0,https://solvemymedia.com/tr/,308,1,,,0
22,https://solvemymedia.com/th/about-us,"seoAboutUsTitle
SolveMyMedia - Free Online Media Optimization Tools",text/html; charset=utf-8,false,200,0,0,https://solvemymedia.com/th/,308,1,,,0
22,https://solvemymedia.com/pt/security,"seoSecurityTitle
SolveMyMedia - Free Online Media Optimization Tools",text/html; charset=utf-8,false,200,0,0,https://solvemymedia.com/pt/,308,1,,,0
22,https://solvemymedia.com/ro/pricing,"seoPricingTitle
SolveMyMedia - Free Online Media Optimization Tools",text/html; charset=utf-8,false,200,0,0,https://solvemymedia.com/ro/,308,1,,,0
22,https://solvemymedia.com/fi/pricing,"seoPricingTitle
SolveMyMedia - Free Online Media Optimization Tools",text/html; charset=utf-8,false,200,0,0,https://solvemymedia.com/fi/,308,1,,,0
22,https://solvemymedia.com/cs/compare,"seoCompareTitle
SolveMyMedia - Free Online Media Optimization Tools",text/html; charset=utf-8,false,200,0,0,https://solvemymedia.com/cs/,308,1,,,0
22,https://solvemymedia.com/ro/supported-languages,"Limbi acceptate - SolveMyMedia
SolveMyMedia - Free Online Media Optimization Tools",text/html; charset=utf-8,false,200,0,0,https://solvemymedia.com/ro/,308,1,,,0
22,https://solvemymedia.com/es/compare,"seoCompareTitle
SolveMyMedia - Free Online Media Optimization Tools",text/html; charset=utf-8,false,200,0,0,https://solvemymedia.com/es/,308,1,,,0
22,https://solvemymedia.com/ja/security,"seoSecurityTitle
SolveMyMedia - Free Online Media Optimization Tools",text/html; charset=utf-8,false,200,0,0,https://solvemymedia.com/ja/,308,1,,,0
22,https://solvemymedia.com/da/vandmaerke-video,"Føj vandmærke til video - Beskyt dine medier - SolveMyMedia
SolveMyMedia - Free Online Media Optimization Tools",text/html; charset=utf-8,false,200,0,0,https://solvemymedia.com/da/,308,1,,,0
22,https://solvemymedia.com/ro/compare,"seoCompareTitle
SolveMyMedia - Free Online Media Optimization Tools",text/html; charset=utf-8,false,200,0,0,https://solvemymedia.com/ro/,308,1,,,0
22,https://solvemymedia.com/fi/vesileima-video,"Lisää vesileima videoon - suojaa mediaasi - SolveMyMedia
SolveMyMedia - Free Online Media Optimization Tools",text/html; charset=utf-8,false,200,0,0,https://solvemymedia.com/fi/,308,1,,,0
22,https://solvemymedia.com/da/supported-languages,"Understøttede sprog - SolveMyMedia
SolveMyMedia - Free Online Media Optimization Tools",text/html; charset=utf-8,false,200,0,0,https://solvemymedia.com/da/,308,1,,,0
22,https://solvemymedia.com/sv/terms-of-service,"seoTermsTitle
SolveMyMedia - Free Online Media Optimization Tools",text/html; charset=utf-8,false,200,0,0,https://solvemymedia.com/sv/,308,1,,,0
22,https://solvemymedia.com/tr/security,"seoSecurityTitle
SolveMyMedia - Free Online Media Optimization Tools",text/html; charset=utf-8,false,200,0,0,https://solvemymedia.com/tr/,308,1,,,0
22,https://solvemymedia.com/ms/security,"seoSecurityTitle
SolveMyMedia - Free Online Media Optimization Tools",text/html; charset=utf-8,false,200,0,0,https://solvemymedia.com/ms/,308,1,,,0
22,https://solvemymedia.com/it/privacy-policy,"seoPrivacyTitle
SolveMyMedia - Free Online Media Optimization Tools",text/html; charset=utf-8,false,200,0,0,https://solvemymedia.com/it/,308,1,,,0
22,https://solvemymedia.com/it/about-us,"seoAboutUsTitle
SolveMyMedia - Free Online Media Optimization Tools",text/html; charset=utf-8,false,200,0,0,https://solvemymedia.com/it/,308,1,,,0
22,https://solvemymedia.com/nl/security,"seoSecurityTitle
SolveMyMedia - Free Online Media Optimization Tools",text/html; charset=utf-8,false,200,0,0,https://solvemymedia.com/nl/,308,1,,,0
22,https://solvemymedia.com/de/supported-languages,"Unterstützte Sprachen – SolveMyMedia
SolveMyMedia - Free Online Media Optimization Tools",text/html; charset=utf-8,false,200,0,0,https://solvemymedia.com/de/,308,1,,,0
22,https://solvemymedia.com/nl/pricing,"seoPricingTitle
SolveMyMedia - Free Online Media Optimization Tools",text/html; charset=utf-8,false,200,0,0,https://solvemymedia.com/nl/,308,1,,,0
22,https://solvemymedia.com/it/registratore,"Registratore schermo e audio: registrazione in studio gratuita - SolveMyMedia
SolveMyMedia - Free Online Media Optimization Tools",text/html; charset=utf-8,false,200,0,0,https://solvemymedia.com/it/,308,1,,,0
22,https://solvemymedia.com/cs/zaznamnik,"Screen & Audio Recorder – bezplatné studiové nahrávání - SolveMyMedia
SolveMyMedia - Free Online Media Optimization Tools",text/html; charset=utf-8,false,200,0,0,https://solvemymedia.com/cs/,308,1,,,0
22,https://solvemymedia.com/fr/video-muette,"Couper la vidéo en ligne - Supprimer l'audio de la vidéo - SolveMyMedia
SolveMyMedia - Free Online Media Optimization Tools",text/html; charset=utf-8,false,200,0,0,https://solvemymedia.com/fr/,308,1,,,0
22,https://solvemymedia.com/it/security,"seoSecurityTitle
SolveMyMedia - Free Online Media Optimization Tools",text/html; charset=utf-8,false,200,0,0,https://solvemymedia.com/it/,308,1,,,0
22,https://solvemymedia.com/nl/compare,"seoCompareTitle
SolveMyMedia - Free Online Media Optimization Tools",text/html; charset=utf-8,false,200,0,0,https://solvemymedia.com/nl/,308,1,,,0
22,https://solvemymedia.com/cs/ztlumit-video,"Ztlumit video online – Odeberte zvuk z videa - SolveMyMedia
SolveMyMedia - Free Online Media Optimization Tools",text/html; charset=utf-8,false,200,0,0,https://solvemymedia.com/cs/,308,1,,,0
22,https://solvemymedia.com/ja/odeiozuo-pin,"オーディオ ファイルを結合 - 無料のオーディオ ジョイナー - SolveMyMedia
SolveMyMedia - Free Online Media Optimization Tools",text/html; charset=utf-8,false,200,0,0,https://solvemymedia.com/ja/,308,1,,,0
22,https://solvemymedia.com/sv/transkribera,"Ljud- och videotranskription - AI-tal till text - SolveMyMedia
SolveMyMedia - Free Online Media Optimization Tools",text/html; charset=utf-8,false,200,0,0,https://solvemymedia.com/sv/,308,1,,,0
22,https://solvemymedia.com/zh/privacy-policy,"seoPrivacyTitle
SolveMyMedia - Free Online Media Optimization Tools",text/html; charset=utf-8,false,200,0,0,https://solvemymedia.com/zh/,308,1,,,0
22,https://solvemymedia.com/de/audio-funktioniert,"Audiodateien zusammenführen – Kostenloser Audio Joiner - SolveMyMedia
SolveMyMedia - Free Online Media Optimization Tools",text/html; charset=utf-8,false,200,0,0,https://solvemymedia.com/de/,308,1,,,0
22,https://solvemymedia.com/fr/terms-of-service,"seoTermsTitle
SolveMyMedia - Free Online Media Optimization Tools",text/html; charset=utf-8,false,200,0,0,https://solvemymedia.com/fr/,308,1,,,0
22,https://solvemymedia.com/sv/compare,"seoCompareTitle
SolveMyMedia - Free Online Media Optimization Tools",text/html; charset=utf-8,false,200,0,0,https://solvemymedia.com/sv/,308,1,,,0
22,https://solvemymedia.com/es/security,"seoSecurityTitle
SolveMyMedia - Free Online Media Optimization Tools",text/html; charset=utf-8,false,200,0,0,https://solvemymedia.com/es/,308,1,,,0
22,https://solvemymedia.com/sv/vattenstampel-video,"Lägg till vattenstämpel till video - Skydda dina media - SolveMyMedia
SolveMyMedia - Free Online Media Optimization Tools",text/html; charset=utf-8,false,200,0,0,https://solvemymedia.com/sv/,308,1,,,0
22,https://solvemymedia.com/fr/pricing,"seoPricingTitle
SolveMyMedia - Free Online Media Optimization Tools",text/html; charset=utf-8,false,200,0,0,https://solvemymedia.com/fr/,308,1,,,0
22,https://solvemymedia.com/ro/about-us,"seoAboutUsTitle
SolveMyMedia - Free Online Media Optimization Tools",text/html; charset=utf-8,false,200,0,0,https://solvemymedia.com/ro/,308,1,,,0
22,https://solvemymedia.com/it/terms-of-service,"seoTermsTitle
SolveMyMedia - Free Online Media Optimization Tools",text/html; charset=utf-8,false,200,0,0,https://solvemymedia.com/it/,308,1,,,0
22,https://solvemymedia.com/uk/pricing,"seoPricingTitle
SolveMyMedia - Free Online Media Optimization Tools",text/html; charset=utf-8,false,200,0,0,https://solvemymedia.com/uk/,308,1,,,0
22,https://solvemymedia.com/ro/filigran-video,"Adăugați filigran la videoclip - Protejați-vă conținutul media - SolveMyMedia
SolveMyMedia - Free Online Media Optimization Tools",text/html; charset=utf-8,false,200,0,0,https://solvemymedia.com/ro/,308,1,,,0
22,https://solvemymedia.com/es/silenciar-video,"Silenciar vídeo en línea: eliminar audio del vídeo - SolveMyMedia
SolveMyMedia - Free Online Media Optimization Tools",text/html; charset=utf-8,false,200,0,0,https://solvemymedia.com/es/,308,1,,,0
22,https://solvemymedia.com/es/supported-languages,"Idiomas admitidos - SolveMyMedia
SolveMyMedia - Free Online Media Optimization Tools",text/html; charset=utf-8,false,200,0,0,https://solvemymedia.com/es/,308,1,,,0
22,https://solvemymedia.com/ar/terms-of-service,"seoTermsTitle
SolveMyMedia - Free Online Media Optimization Tools",text/html; charset=utf-8,false,200,0,0,https://solvemymedia.com/ar/,308,1,,,0
22,https://solvemymedia.com/ru/compare,"seoCompareTitle
SolveMyMedia - Free Online Media Optimization Tools",text/html; charset=utf-8,false,200,0,0,https://solvemymedia.com/ru/,308,1,,,0
22,https://solvemymedia.com/pl/supported-languages,"Obsługiwane języki — SolveMyMedia
SolveMyMedia - Free Online Media Optimization Tools",text/html; charset=utf-8,false,200,0,0,https://solvemymedia.com/pl/,308,1,,,0
22,https://solvemymedia.com/el/pricing,"seoPricingTitle
SolveMyMedia - Free Online Media Optimization Tools",text/html; charset=utf-8,false,200,0,0,https://solvemymedia.com/el/,308,1,,,0
22,https://solvemymedia.com/fi/compare,"seoCompareTitle
SolveMyMedia - Free Online Media Optimization Tools",text/html; charset=utf-8,false,200,0,0,https://solvemymedia.com/fi/,308,1,,,0
22,https://solvemymedia.com/de/pricing,"seoPricingTitle
SolveMyMedia - Free Online Media Optimization Tools",text/html; charset=utf-8,false,200,0,0,https://solvemymedia.com/de/,308,1,,,0
22,https://solvemymedia.com/ru/terms-of-service,"seoTermsTitle
SolveMyMedia - Free Online Media Optimization Tools",text/html; charset=utf-8,false,200,0,0,https://solvemymedia.com/ru/,308,1,,,0
22,https://solvemymedia.com/id/menuliskan,"Transkripsi Audio & Video - Pidato AI ke Teks - SolveMyMedia
SolveMyMedia - Free Online Media Optimization Tools",text/html; charset=utf-8,false,200,0,0,https://solvemymedia.com/id/,308,1,,,0
22,https://solvemymedia.com/vi/tat-tieng-video,"Tắt tiếng video trực tuyến - Xóa âm thanh khỏi video - SolveMyMedia
SolveMyMedia - Free Online Media Optimization Tools",text/html; charset=utf-8,false,200,0,0,https://solvemymedia.com/vi/,308,1,,,0
22,https://solvemymedia.com/uk/about-us,"seoAboutUsTitle
SolveMyMedia - Free Online Media Optimization Tools",text/html; charset=utf-8,false,200,0,0,https://solvemymedia.com/uk/,308,1,,,0
22,https://solvemymedia.com/da/pricing,"seoPricingTitle
SolveMyMedia - Free Online Media Optimization Tools",text/html; charset=utf-8,false,200,0,0,https://solvemymedia.com/da/,308,1,,,0
22,https://solvemymedia.com/ro/security,"seoSecurityTitle
SolveMyMedia - Free Online Media Optimization Tools",text/html; charset=utf-8,false,200,0,0,https://solvemymedia.com/ro/,308,1,,,0
22,https://solvemymedia.com/zh/jing-yin-shi-pin,"在线静音视频 - 从视频中删除音频 - SolveMyMedia
SolveMyMedia - Free Online Media Optimization Tools",text/html; charset=utf-8,false,200,0,0,https://solvemymedia.com/zh/,308,1,,,0
22,https://solvemymedia.com/fr/supported-languages,"Langues prises en charge - SolveMyMedia
SolveMyMedia - Free Online Media Optimization Tools",text/html; charset=utf-8,false,200,0,0,https://solvemymedia.com/fr/,308,1,,,0
22,https://solvemymedia.com/uk/compare,"seoCompareTitle
SolveMyMedia - Free Online Media Optimization Tools",text/html; charset=utf-8,false,200,0,0,https://solvemymedia.com/uk/,308,1,,,0
22,https://solvemymedia.com/id/perekam,"Perekam Layar & Audio - Rekaman Studio Gratis - SolveMyMedia
SolveMyMedia - Free Online Media Optimization Tools",text/html; charset=utf-8,false,200,0,0,https://solvemymedia.com/id/,308,1,,,0
22,https://solvemymedia.com/zh/security,"seoSecurityTitle
SolveMyMedia - Free Online Media Optimization Tools",text/html; charset=utf-8,false,200,0,0,https://solvemymedia.com/zh/,308,1,,,0
22,https://solvemymedia.com/fi/privacy-policy,"seoPrivacyTitle
SolveMyMedia - Free Online Media Optimization Tools",text/html; charset=utf-8,false,200,0,0,https://solvemymedia.com/fi/,308,1,,,0
22,https://solvemymedia.com/nl/supported-languages,"Ondersteunde talen - SolveMyMedia
SolveMyMedia - Free Online Media Optimization Tools",text/html; charset=utf-8,false,200,0,0,https://solvemymedia.com/nl/,308,1,,,0
22,https://solvemymedia.com/el/compare,"seoCompareTitle
SolveMyMedia - Free Online Media Optimization Tools",text/html; charset=utf-8,false,200,0,0,https://solvemymedia.com/el/,308,1,,,0
22,https://solvemymedia.com/fr/compare,"seoCompareTitle
SolveMyMedia - Free Online Media Optimization Tools",text/html; charset=utf-8,false,200,0,0,https://solvemymedia.com/fr/,308,1,,,0
22,https://solvemymedia.com/hu/compare,"seoCompareTitle
SolveMyMedia - Free Online Media Optimization Tools",text/html; charset=utf-8,false,200,0,0,https://solvemymedia.com/hu/,308,1,,,0
22,https://solvemymedia.com/de/video-stumm-schalten,"Video online stumm schalten – Audio aus Video entfernen - SolveMyMedia
SolveMyMedia - Free Online Media Optimization Tools",text/html; charset=utf-8,false,200,0,0,https://solvemymedia.com/de/,308,1,,,0
22,https://solvemymedia.com/it/pricing,"seoPricingTitle
SolveMyMedia - Free Online Media Optimization Tools",text/html; charset=utf-8,false,200,0,0,https://solvemymedia.com/it/,308,1,,,0
22,https://solvemymedia.com/nl/terms-of-service,"seoTermsTitle
SolveMyMedia - Free Online Media Optimization Tools",text/html; charset=utf-8,false,200,0,0,https://solvemymedia.com/nl/,308,1,,,0
22,https://solvemymedia.com/it/supported-languages,"Lingue supportate - SolveMyMedia
SolveMyMedia - Free Online Media Optimization Tools",text/html; charset=utf-8,false,200,0,0,https://solvemymedia.com/it/,308,1,,,0
22,https://solvemymedia.com/da/security,"seoSecurityTitle
SolveMyMedia - Free Online Media Optimization Tools",text/html; charset=utf-8,false,200,0,0,https://solvemymedia.com/da/,308,1,,,0
22,https://solvemymedia.com/fr/transcrire,"Transcription audio et vidéo - AI Speech to Text - SolveMyMedia
SolveMyMedia - Free Online Media Optimization Tools",text/html; charset=utf-8,false,200,0,0,https://solvemymedia.com/fr/,308,1,,,0
22,https://solvemymedia.com/th/supported-languages,"ภาษาที่รองรับ - SolveMyMedia
SolveMyMedia - Free Online Media Optimization Tools",text/html; charset=utf-8,false,200,0,0,https://solvemymedia.com/th/,308,1,,,0
22,https://solvemymedia.com/de/security,"seoSecurityTitle
SolveMyMedia - Free Online Media Optimization Tools",text/html; charset=utf-8,false,200,0,0,https://solvemymedia.com/de/,308,1,,,0
22,https://solvemymedia.com/zh/compare,"seoCompareTitle
SolveMyMedia - Free Online Media Optimization Tools",text/html; charset=utf-8,false,200,0,0,https://solvemymedia.com/zh/,308,1,,,0
22,https://solvemymedia.com/zh/about-us,"seoAboutUsTitle
SolveMyMedia - Free Online Media Optimization Tools",text/html; charset=utf-8,false,200,0,0,https://solvemymedia.com/zh/,308,1,,,0
22,https://solvemymedia.com/id/compare,"seoCompareTitle
SolveMyMedia - Free Online Media Optimization Tools",text/html; charset=utf-8,false,200,0,0,https://solvemymedia.com/id/,308,1,,,0
22,https://solvemymedia.com/fr/security,"seoSecurityTitle
SolveMyMedia - Free Online Media Optimization Tools",text/html; charset=utf-8,false,200,0,0,https://solvemymedia.com/fr/,308,1,,,0
22,https://solvemymedia.com/pt/compare,"seoCompareTitle
SolveMyMedia - Free Online Media Optimization Tools",text/html; charset=utf-8,false,200,0,0,https://solvemymedia.com/pt/,308,1,,,0
22,https://solvemymedia.com/hu/supported-languages,"Támogatott nyelvek – SolveMyMedia
SolveMyMedia - Free Online Media Optimization Tools",text/html; charset=utf-8,false,200,0,0,https://solvemymedia.com/hu/,308,1,,,0
22,https://solvemymedia.com/hu/privacy-policy,"seoPrivacyTitle
SolveMyMedia - Free Online Media Optimization Tools",text/html; charset=utf-8,false,200,0,0,https://solvemymedia.com/hu/,308,1,,,0
22,https://solvemymedia.com/no/terms-of-service,"seoTermsTitle
SolveMyMedia - Free Online Media Optimization Tools",text/html; charset=utf-8,false,200,0,0,https://solvemymedia.com/no/,308,1,,,0
22,https://solvemymedia.com/fi/about-us,"seoAboutUsTitle
SolveMyMedia - Free Online Media Optimization Tools",text/html; charset=utf-8,false,200,0,0,https://solvemymedia.com/fi/,308,1,,,0
22,https://solvemymedia.com/da/privacy-policy,"seoPrivacyTitle
SolveMyMedia - Free Online Media Optimization Tools",text/html; charset=utf-8,false,200,0,0,https://solvemymedia.com/da/,308,1,,,0
22,https://solvemymedia.com/ko/privacy-policy,"seoPrivacyTitle
SolveMyMedia - Free Online Media Optimization Tools",text/html; charset=utf-8,false,200,0,0,https://solvemymedia.com/ko/,308,1,,,0
22,https://solvemymedia.com/ru/pricing,"seoPricingTitle
SolveMyMedia - Free Online Media Optimization Tools",text/html; charset=utf-8,false,200,0,0,https://solvemymedia.com/ru/,308,1,,,0
22,https://solvemymedia.com/ar/privacy-policy,"seoPrivacyTitle
SolveMyMedia - Free Online Media Optimization Tools",text/html; charset=utf-8,false,200,0,0,https://solvemymedia.com/ar/,308,1,,,0
22,https://solvemymedia.com/sv/privacy-policy,"seoPrivacyTitle
SolveMyMedia - Free Online Media Optimization Tools",text/html; charset=utf-8,false,200,0,0,https://solvemymedia.com/sv/,308,1,,,0
22,https://solvemymedia.com/es/transcribir,"Transcripción de audio y vídeo: voz a texto con IA - SolveMyMedia
SolveMyMedia - Free Online Media Optimization Tools",text/html; charset=utf-8,false,200,0,0,https://solvemymedia.com/es/,308,1,,,0
22,https://solvemymedia.com/vi/security,"seoSecurityTitle
SolveMyMedia - Free Online Media Optimization Tools",text/html; charset=utf-8,false,200,0,0,https://solvemymedia.com/vi/,308,1,,,0
22,https://solvemymedia.com/ja/terms-of-service,"seoTermsTitle
SolveMyMedia - Free Online Media Optimization Tools",text/html; charset=utf-8,false,200,0,0,https://solvemymedia.com/ja/,308,1,,,0
22,https://solvemymedia.com/ja/supported-languages,"サポートされている言語 - SolveMyMedia
SolveMyMedia - Free Online Media Optimization Tools",text/html; charset=utf-8,false,200,0,0,https://solvemymedia.com/ja/,308,1,,,0
22,https://solvemymedia.com/cs/pricing,"seoPricingTitle
SolveMyMedia - Free Online Media Optimization Tools",text/html; charset=utf-8,false,200,0,0,https://solvemymedia.com/cs/,308,1,,,0
22,https://solvemymedia.com/cs/security,"seoSecurityTitle
SolveMyMedia - Free Online Media Optimization Tools",text/html; charset=utf-8,false,200,0,0,https://solvemymedia.com/cs/,308,1,,,0
22,https://solvemymedia.com/hi/about-us,"seoAboutUsTitle
SolveMyMedia - Free Online Media Optimization Tools",text/html; charset=utf-8,false,200,0,0,https://solvemymedia.com/hi/,308,1,,,0
22,https://solvemymedia.com/de/privacy-policy,"seoPrivacyTitle
SolveMyMedia - Free Online Media Optimization Tools",text/html; charset=utf-8,false,200,0,0,https://solvemymedia.com/de/,308,1,,,0
22,https://solvemymedia.com/de/wasserzeichen-video,"Fügen Sie dem Video ein Wasserzeichen hinzu – schützen Sie Ihre Medien - SolveMyMedia
SolveMyMedia - Free Online Media Optimization Tools",text/html; charset=utf-8,false,200,0,0,https://solvemymedia.com/de/,308,1,,,0
22,https://solvemymedia.com/es/privacy-policy,"seoPrivacyTitle
SolveMyMedia - Free Online Media Optimization Tools",text/html; charset=utf-8,false,200,0,0,https://solvemymedia.com/es/,308,1,,,0
22,https://solvemymedia.com/pl/rejestrator,"Rejestrator ekranu i dźwięku — bezpłatne nagrywanie w studiu - SolveMyMedia
SolveMyMedia - Free Online Media Optimization Tools",text/html; charset=utf-8,false,200,0,0,https://solvemymedia.com/pl/,308,1,,,0
22,https://solvemymedia.com/uk/security,"seoSecurityTitle
SolveMyMedia - Free Online Media Optimization Tools",text/html; charset=utf-8,false,200,0,0,https://solvemymedia.com/uk/,308,1,,,0
22,https://solvemymedia.com/ar/supported-languages,"اللغات المدعومة - SolveMyMedia
SolveMyMedia - Free Online Media Optimization Tools",text/html; charset=utf-8,false,200,0,0,https://solvemymedia.com/ar/,308,1,,,0
22,https://solvemymedia.com/no/pricing,"seoPricingTitle
SolveMyMedia - Free Online Media Optimization Tools",text/html; charset=utf-8,false,200,0,0,https://solvemymedia.com/no/,308,1,,,0
22,https://solvemymedia.com/tr/compare,"seoCompareTitle
SolveMyMedia - Free Online Media Optimization Tools",text/html; charset=utf-8,false,200,0,0,https://solvemymedia.com/tr/,308,1,,,0
22,https://solvemymedia.com/id/supported-languages,"Bahasa yang Didukung - SolveMyMedia
SolveMyMedia - Free Online Media Optimization Tools",text/html; charset=utf-8,false,200,0,0,https://solvemymedia.com/id/,308,1,,,0
22,https://solvemymedia.com/ar/compare,"seoCompareTitle
SolveMyMedia - Free Online Media Optimization Tools",text/html; charset=utf-8,false,200,0,0,https://solvemymedia.com/ar/,308,1,,,0
22,https://solvemymedia.com/no/about-us,"seoAboutUsTitle
SolveMyMedia - Free Online Media Optimization Tools",text/html; charset=utf-8,false,200,0,0,https://solvemymedia.com/no/,308,1,,,0
22,https://solvemymedia.com/da/optager,"Skærm- og lydoptager - Gratis studieoptagelse - SolveMyMedia
SolveMyMedia - Free Online Media Optimization Tools",text/html; charset=utf-8,false,200,0,0,https://solvemymedia.com/da/,308,1,,,0
22,https://solvemymedia.com/hi/pricing,"seoPricingTitle
SolveMyMedia - Free Online Media Optimization Tools",text/html; charset=utf-8,false,200,0,0,https://solvemymedia.com/hi/,308,1,,,0
22,https://solvemymedia.com/ms/transkripsi,"Transkripsi Audio & Video - Pertuturan AI ke Teks - SolveMyMedia
SolveMyMedia - Free Online Media Optimization Tools",text/html; charset=utf-8,false,200,0,0,https://solvemymedia.com/ms/,308,1,,,0
22,https://solvemymedia.com/pl/pricing,"seoPricingTitle
SolveMyMedia - Free Online Media Optimization Tools",text/html; charset=utf-8,false,200,0,0,https://solvemymedia.com/pl/,308,1,,,0
22,https://solvemymedia.com/no/supported-languages,"Støttede språk - SolveMyMedia
SolveMyMedia - Free Online Media Optimization Tools",text/html; charset=utf-8,false,200,0,0,https://solvemymedia.com/no/,308,1,,,0
22,https://solvemymedia.com/fi/security,"seoSecurityTitle
SolveMyMedia - Free Online Media Optimization Tools",text/html; charset=utf-8,false,200,0,0,https://solvemymedia.com/fi/,308,1,,,0
22,https://solvemymedia.com/fr/about-us,"seoAboutUsTitle
SolveMyMedia - Free Online Media Optimization Tools",text/html; charset=utf-8,false,200,0,0,https://solvemymedia.com/fr/,308,1,,,0
22,https://solvemymedia.com/zh/supported-languages,"支持的语言 - SolveMyMedia
SolveMyMedia - Free Online Media Optimization Tools",text/html; charset=utf-8,false,200,0,0,https://solvemymedia.com/zh/,308,1,,,0
22,https://solvemymedia.com/ro/terms-of-service,"seoTermsTitle
SolveMyMedia - Free Online Media Optimization Tools",text/html; charset=utf-8,false,200,0,0,https://solvemymedia.com/ro/,308,1,,,0
22,https://solvemymedia.com/vi/may-ghi-am,"Trình ghi màn hình & âm thanh - Ghi âm phòng thu miễn phí - SolveMyMedia
SolveMyMedia - Free Online Media Optimization Tools",text/html; charset=utf-8,false,200,0,0,https://solvemymedia.com/vi/,308,1,,,0
22,https://solvemymedia.com/da/about-us,"seoAboutUsTitle
SolveMyMedia - Free Online Media Optimization Tools",text/html; charset=utf-8,false,200,0,0,https://solvemymedia.com/da/,308,1,,,0
22,https://solvemymedia.com/vi/compare,"seoCompareTitle
SolveMyMedia - Free Online Media Optimization Tools",text/html; charset=utf-8,false,200,0,0,https://solvemymedia.com/vi/,308,1,,,0
22,https://solvemymedia.com/de/recorder,"Bildschirm- und Audiorecorder – Kostenlose Studioaufnahme - SolveMyMedia
SolveMyMedia - Free Online Media Optimization Tools",text/html; charset=utf-8,false,200,0,0,https://solvemymedia.com/de/,308,1,,,0
22,https://solvemymedia.com/ar/about-us,"seoAboutUsTitle
SolveMyMedia - Free Online Media Optimization Tools",text/html; charset=utf-8,false,200,0,0,https://solvemymedia.com/ar/,308,1,,,0
22,https://solvemymedia.com/hu/about-us,"seoAboutUsTitle
SolveMyMedia - Free Online Media Optimization Tools",text/html; charset=utf-8,false,200,0,0,https://solvemymedia.com/hu/,308,1,,,0
22,https://solvemymedia.com/id/bisukan-video,"Bisukan Video Online - Hapus Audio dari Video - SolveMyMedia
SolveMyMedia - Free Online Media Optimization Tools",text/html; charset=utf-8,false,200,0,0,https://solvemymedia.com/id/,308,1,,,0
22,https://solvemymedia.com/ru/privacy-policy,"seoPrivacyTitle
SolveMyMedia - Free Online Media Optimization Tools",text/html; charset=utf-8,false,200,0,0,https://solvemymedia.com/ru/,308,1,,,0
22,https://solvemymedia.com/tr/privacy-policy,"seoPrivacyTitle
SolveMyMedia - Free Online Media Optimization Tools",text/html; charset=utf-8,false,200,0,0,https://solvemymedia.com/tr/,308,1,,,0
22,https://solvemymedia.com/hi/terms-of-service,"seoTermsTitle
SolveMyMedia - Free Online Media Optimization Tools",text/html; charset=utf-8,false,200,0,0,https://solvemymedia.com/hi/,308,1,,,0
22,https://solvemymedia.com/ja/about-us,"seoAboutUsTitle
SolveMyMedia - Free Online Media Optimization Tools",text/html; charset=utf-8,false,200,0,0,https://solvemymedia.com/ja/,308,1,,,0
22,https://solvemymedia.com/fi/supported-languages,"Tuetut kielet - SolveMyMedia
SolveMyMedia - Free Online Media Optimization Tools",text/html; charset=utf-8,false,200,0,0,https://solvemymedia.com/fi/,308,1,,,0
22,https://solvemymedia.com/pt/privacy-policy,"seoPrivacyTitle
SolveMyMedia - Free Online Media Optimization Tools",text/html; charset=utf-8,false,200,0,0,https://solvemymedia.com/pt/,308,1,,,0
22,https://solvemymedia.com/id/pricing,"seoPricingTitle
SolveMyMedia - Free Online Media Optimization Tools",text/html; charset=utf-8,false,200,0,0,https://solvemymedia.com/id/,308,1,,,0
22,https://solvemymedia.com/hu/security,"seoSecurityTitle
SolveMyMedia - Free Online Media Optimization Tools",text/html; charset=utf-8,false,200,0,0,https://solvemymedia.com/hu/,308,1,,,0
22,https://solvemymedia.com/vi/supported-languages,"Ngôn ngữ được hỗ trợ - SolveMyMedia
SolveMyMedia - Free Online Media Optimization Tools",text/html; charset=utf-8,false,200,0,0,https://solvemymedia.com/vi/,308,1,,,0
22,https://solvemymedia.com/el/terms-of-service,"seoTermsTitle
SolveMyMedia - Free Online Media Optimization Tools",text/html; charset=utf-8,false,200,0,0,https://solvemymedia.com/el/,308,1,,,0
22,https://solvemymedia.com/id/privacy-policy,"seoPrivacyTitle
SolveMyMedia - Free Online Media Optimization Tools",text/html; charset=utf-8,false,200,0,0,https://solvemymedia.com/id/,308,1,,,0
22,https://solvemymedia.com/cs/prepsat,"Přepis zvuku a videa – AI řeč na text - SolveMyMedia
SolveMyMedia - Free Online Media Optimization Tools",text/html; charset=utf-8,false,200,0,0,https://solvemymedia.com/cs/,308,1,,,0
22,https://solvemymedia.com/no/privacy-policy,"seoPrivacyTitle
SolveMyMedia - Free Online Media Optimization Tools",text/html; charset=utf-8,false,200,0,0,https://solvemymedia.com/no/,308,1,,,0
22,https://solvemymedia.com/vi/privacy-policy,"seoPrivacyTitle
SolveMyMedia - Free Online Media Optimization Tools",text/html; charset=utf-8,false,200,0,0,https://solvemymedia.com/vi/,308,1,,,0
22,https://solvemymedia.com/ms/perakam,"Perakam Skrin & Audio - Rakaman Studio Percuma - SolveMyMedia
SolveMyMedia - Free Online Media Optimization Tools",text/html; charset=utf-8,false,200,0,0,https://solvemymedia.com/ms/,308,1,,,0
22,https://solvemymedia.com/uk/terms-of-service,"seoTermsTitle
SolveMyMedia - Free Online Media Optimization Tools",text/html; charset=utf-8,false,200,0,0,https://solvemymedia.com/uk/,308,1,,,0
22,https://solvemymedia.com/zh/pricing,"seoPricingTitle
SolveMyMedia - Free Online Media Optimization Tools",text/html; charset=utf-8,false,200,0,0,https://solvemymedia.com/zh/,308,1,,,0
22,https://solvemymedia.com/ja/zhuan-xie-suru,"オーディオとビデオの文字起こし - AI 音声をテキストに変換 - SolveMyMedia
SolveMyMedia - Free Online Media Optimization Tools",text/html; charset=utf-8,false,200,0,0,https://solvemymedia.com/ja/,308,1,,,0
22,https://solvemymedia.com/hi/supported-languages,"समर्थित भाषाएँ - सॉल्वमाईमीडिया
SolveMyMedia - Free Online Media Optimization Tools",text/html; charset=utf-8,false,200,0,0,https://solvemymedia.com/hi/,308,1,,,0
22,https://solvemymedia.com/ms/terms-of-service,"seoTermsTitle
SolveMyMedia - Free Online Media Optimization Tools",text/html; charset=utf-8,false,200,0,0,https://solvemymedia.com/ms/,308,1,,,0
22,https://solvemymedia.com/es/about-us,"seoAboutUsTitle
SolveMyMedia - Free Online Media Optimization Tools",text/html; charset=utf-8,false,200,0,0,https://solvemymedia.com/es/,308,1,,,0
22,https://solvemymedia.com/de/terms-of-service,"seoTermsTitle
SolveMyMedia - Free Online Media Optimization Tools",text/html; charset=utf-8,false,200,0,0,https://solvemymedia.com/de/,308,1,,,0
22,https://solvemymedia.com/sv/supported-languages,"Språk som stöds - SolveMyMedia
SolveMyMedia - Free Online Media Optimization Tools",text/html; charset=utf-8,false,200,0,0,https://solvemymedia.com/sv/,308,1,,,0
22,https://solvemymedia.com/cs/privacy-policy,"seoPrivacyTitle
SolveMyMedia - Free Online Media Optimization Tools",text/html; charset=utf-8,false,200,0,0,https://solvemymedia.com/cs/,308,1,,,0
22,https://solvemymedia.com/cs/terms-of-service,"seoTermsTitle
SolveMyMedia - Free Online Media Optimization Tools",text/html; charset=utf-8,false,200,0,0,https://solvemymedia.com/cs/,308,1,,,0
22,https://solvemymedia.com/de/about-us,"seoAboutUsTitle
SolveMyMedia - Free Online Media Optimization Tools",text/html; charset=utf-8,false,200,0,0,https://solvemymedia.com/de/,308,1,,,0
22,https://solvemymedia.com/id/audio-berfungsi,"Gabungkan File Audio - Penggabung Audio Gratis - SolveMyMedia
SolveMyMedia - Free Online Media Optimization Tools",text/html; charset=utf-8,false,200,0,0,https://solvemymedia.com/id/,308,1,,,0
22,https://solvemymedia.com/uk/supported-languages,"Підтримувані мови - SolveMyMedia
SolveMyMedia - Free Online Media Optimization Tools",text/html; charset=utf-8,false,200,0,0,https://solvemymedia.com/uk/,308,1,,,0
22,https://solvemymedia.com/ja/bideowomiyutosuru,"オンラインでビデオをミュート - ビデオから音声を削除 - SolveMyMedia
SolveMyMedia - Free Online Media Optimization Tools",text/html; charset=utf-8,false,200,0,0,https://solvemymedia.com/ja/,308,1,,,0
22,https://solvemymedia.com/ja/pricing,"seoPricingTitle
SolveMyMedia - Free Online Media Optimization Tools",text/html; charset=utf-8,false,200,0,0,https://solvemymedia.com/ja/,308,1,,,0
22,https://solvemymedia.com/vi/terms-of-service,"seoTermsTitle
SolveMyMedia - Free Online Media Optimization Tools",text/html; charset=utf-8,false,200,0,0,https://solvemymedia.com/vi/,308,1,,,0
22,https://solvemymedia.com/pt/supported-languages,"Idiomas Suportados - SolveMyMedia
SolveMyMedia - Free Online Media Optimization Tools",text/html; charset=utf-8,false,200,0,0,https://solvemymedia.com/pt/,308,1,,,0
22,https://solvemymedia.com/nl/privacy-policy,"seoPrivacyTitle
SolveMyMedia - Free Online Media Optimization Tools",text/html; charset=utf-8,false,200,0,0,https://solvemymedia.com/nl/,308,1,,,0
22,https://solvemymedia.com/zh/terms-of-service,"seoTermsTitle
SolveMyMedia - Free Online Media Optimization Tools",text/html; charset=utf-8,false,200,0,0,https://solvemymedia.com/zh/,308,1,,,0
22,https://solvemymedia.com/ms/compare,"seoCompareTitle
SolveMyMedia - Free Online Media Optimization Tools",text/html; charset=utf-8,false,200,0,0,https://solvemymedia.com/ms/,308,1,,,0
22,https://solvemymedia.com/fi/terms-of-service,"seoTermsTitle
SolveMyMedia - Free Online Media Optimization Tools",text/html; charset=utf-8,false,200,0,0,https://solvemymedia.com/fi/,308,1,,,0
22,https://solvemymedia.com/pl/about-us,"seoAboutUsTitle
SolveMyMedia - Free Online Media Optimization Tools",text/html; charset=utf-8,false,200,0,0,https://solvemymedia.com/pl/,308,1,,,0
22,https://solvemymedia.com/ko/compare,"seoCompareTitle
SolveMyMedia - Free Online Media Optimization Tools",text/html; charset=utf-8,false,200,0,0,https://solvemymedia.com/ko/,308,1,,,0
22,https://solvemymedia.com/zh/lu-zhi,"音频和视频转录 - AI 语音转文本 - SolveMyMedia
SolveMyMedia - Free Online Media Optimization Tools",text/html; charset=utf-8,false,200,0,0,https://solvemymedia.com/zh/,308,1,,,0
22,https://solvemymedia.com/ko/terms-of-service,"seoTermsTitle
SolveMyMedia - Free Online Media Optimization Tools",text/html; charset=utf-8,false,200,0,0,https://solvemymedia.com/ko/,308,1,,,0
22,https://solvemymedia.com/es/terms-of-service,"seoTermsTitle
SolveMyMedia - Free Online Media Optimization Tools",text/html; charset=utf-8,false,200,0,0,https://solvemymedia.com/es/,308,1,,,0
22,https://solvemymedia.com/pt/pricing,"seoPricingTitle
SolveMyMedia - Free Online Media Optimization Tools",text/html; charset=utf-8,false,200,0,0,https://solvemymedia.com/pt/,308,1,,,0
22,https://solvemymedia.com/es/obras-de-audio,"Fusionar archivos de audio - Audio Joiner gratuito - SolveMyMedia
SolveMyMedia - Free Online Media Optimization Tools",text/html; charset=utf-8,false,200,0,0,https://solvemymedia.com/es/,308,1,,,0
22,https://solvemymedia.com/ar/security,"seoSecurityTitle
SolveMyMedia - Free Online Media Optimization Tools",text/html; charset=utf-8,false,200,0,0,https://solvemymedia.com/ar/,308,1,,,0
22,https://solvemymedia.com/cs/about-us,"seoAboutUsTitle
SolveMyMedia - Free Online Media Optimization Tools",text/html; charset=utf-8,false,200,0,0,https://solvemymedia.com/cs/,308,1,,,0
22,https://solvemymedia.com/th/terms-of-service,"seoTermsTitle
SolveMyMedia - Free Online Media Optimization Tools",text/html; charset=utf-8,false,200,0,0,https://solvemymedia.com/th/,308,1,,,0
22,https://solvemymedia.com/ms/supported-languages,"Bahasa yang Disokong - SolveMyMedia
SolveMyMedia - Free Online Media Optimization Tools",text/html; charset=utf-8,false,200,0,0,https://solvemymedia.com/ms/,308,1,,,0
22,https://solvemymedia.com/ms/privacy-policy,"seoPrivacyTitle
SolveMyMedia - Free Online Media Optimization Tools",text/html; charset=utf-8,false,200,0,0,https://solvemymedia.com/ms/,308,1,,,0
22,https://solvemymedia.com/nl/transcriberen,"Audio- en videotranscriptie - AI-spraak naar tekst - SolveMyMedia
SolveMyMedia - Free Online Media Optimization Tools",text/html; charset=utf-8,false,200,0,0,https://solvemymedia.com/nl/,308,1,,,0
22,https://solvemymedia.com/id/video-tanda-air,"Tambahkan Tanda Air ke Video - Lindungi Media Anda - SolveMyMedia
SolveMyMedia - Free Online Media Optimization Tools",text/html; charset=utf-8,false,200,0,0,https://solvemymedia.com/id/,308,1,,,0
22,https://solvemymedia.com/fr/enregistreur,"Enregistreur d'écran et audio - Enregistrement en studio gratuit - SolveMyMedia
SolveMyMedia - Free Online Media Optimization Tools",text/html; charset=utf-8,false,200,0,0,https://solvemymedia.com/fr/,308,1,,,0
22,https://solvemymedia.com/tr/about-us,"seoAboutUsTitle
SolveMyMedia - Free Online Media Optimization Tools",text/html; charset=utf-8,false,200,0,0,https://solvemymedia.com/tr/,308,1,,,0
22,https://solvemymedia.com/pt/about-us,"seoAboutUsTitle
SolveMyMedia - Free Online Media Optimization Tools",text/html; charset=utf-8,false,200,0,0,https://solvemymedia.com/pt/,308,1,,,0
22,https://solvemymedia.com/no/vannmerke-video,"Legg til vannmerke til video – Beskytt mediene dine - SolveMyMedia
SolveMyMedia - Free Online Media Optimization Tools",text/html; charset=utf-8,false,200,0,0,https://solvemymedia.com/no/,308,1,,,0
22,https://solvemymedia.com/ja/tou-kasibideo,"ビデオにウォーターマークを追加 - メディアを保護 - SolveMyMedia
SolveMyMedia - Free Online Media Optimization Tools",text/html; charset=utf-8,false,200,0,0,https://solvemymedia.com/ja/,308,1,,,0
22,https://solvemymedia.com/uk/privacy-policy,"seoPrivacyTitle
SolveMyMedia - Free Online Media Optimization Tools",text/html; charset=utf-8,false,200,0,0,https://solvemymedia.com/uk/,308,1,,,0
22,https://solvemymedia.com/el/supported-languages,"Υποστηριζόμενες γλώσσες - SolveMyMedia
SolveMyMedia - Free Online Media Optimization Tools",text/html; charset=utf-8,false,200,0,0,https://solvemymedia.com/el/,308,1,,,0
22,https://solvemymedia.com/da/terms-of-service,"seoTermsTitle
SolveMyMedia - Free Online Media Optimization Tools",text/html; charset=utf-8,false,200,0,0,https://solvemymedia.com/da/,308,1,,,0
22,https://solvemymedia.com/pt/silenciar-video,"Silenciar vídeo online - Remover áudio do vídeo - SolveMyMedia
SolveMyMedia - Free Online Media Optimization Tools",text/html; charset=utf-8,false,200,0,0,https://solvemymedia.com/pt/,308,1,,,0
22,https://solvemymedia.com/id/about-us,"seoAboutUsTitle
SolveMyMedia - Free Online Media Optimization Tools",text/html; charset=utf-8,false,200,0,0,https://solvemymedia.com/id/,308,1,,,0
22,https://solvemymedia.com/ru/about-us,"seoAboutUsTitle
SolveMyMedia - Free Online Media Optimization Tools",text/html; charset=utf-8,false,200,0,0,https://solvemymedia.com/ru/,308,1,,,0
22,https://solvemymedia.com/el/privacy-policy,"seoPrivacyTitle
SolveMyMedia - Free Online Media Optimization Tools",text/html; charset=utf-8,false,200,0,0,https://solvemymedia.com/el/,308,1,,,0
22,https://solvemymedia.com/ms/pricing,"seoPricingTitle
SolveMyMedia - Free Online Media Optimization Tools",text/html; charset=utf-8,false,200,0,0,https://solvemymedia.com/ms/,308,1,,,0
22,https://solvemymedia.com/el/security,"seoSecurityTitle
SolveMyMedia - Free Online Media Optimization Tools",text/html; charset=utf-8,false,200,0,0,https://solvemymedia.com/el/,308,1,,,0
22,https://solvemymedia.com/ro/privacy-policy,"seoPrivacyTitle
SolveMyMedia - Free Online Media Optimization Tools",text/html; charset=utf-8,false,200,0,0,https://solvemymedia.com/ro/,308,1,,,0
22,https://solvemymedia.com/hu/terms-of-service,"seoTermsTitle
SolveMyMedia - Free Online Media Optimization Tools",text/html; charset=utf-8,false,200,0,0,https://solvemymedia.com/hu/,308,1,,,0
22,https://solvemymedia.com/hi/privacy-policy,"seoPrivacyTitle
SolveMyMedia - Free Online Media Optimization Tools",text/html; charset=utf-8,false,200,0,0,https://solvemymedia.com/hi/,308,1,,,0
22,https://solvemymedia.com/ko/security,"seoSecurityTitle
SolveMyMedia - Free Online Media Optimization Tools",text/html; charset=utf-8,false,200,0,0,https://solvemymedia.com/ko/,308,1,,,0
22,https://solvemymedia.com/pt/terms-of-service,"seoTermsTitle
SolveMyMedia - Free Online Media Optimization Tools",text/html; charset=utf-8,false,200,0,0,https://solvemymedia.com/pt/,308,1,,,0
22,https://solvemymedia.com/pl/compare,"seoCompareTitle
SolveMyMedia - Free Online Media Optimization Tools",text/html; charset=utf-8,false,200,0,0,https://solvemymedia.com/pl/,308,1,,,0
22,https://solvemymedia.com/th/privacy-policy,"seoPrivacyTitle
SolveMyMedia - Free Online Media Optimization Tools",text/html; charset=utf-8,false,200,0,0,https://solvemymedia.com/th/,308,1,,,0
22,https://solvemymedia.com/ro/transcrie,"Transcriere audio și video - AI Speech to Text - SolveMyMedia
SolveMyMedia - Free Online Media Optimization Tools",text/html; charset=utf-8,false,200,0,0,https://solvemymedia.com/ro/,308,1,,,0
22,https://solvemymedia.com/de/transkribieren,"Audio- und Videotranskription – KI-Sprache in Text - SolveMyMedia
SolveMyMedia - Free Online Media Optimization Tools",text/html; charset=utf-8,false,200,0,0,https://solvemymedia.com/de/,308,1,,,0
22,https://solvemymedia.com/nl/about-us,"seoAboutUsTitle
SolveMyMedia - Free Online Media Optimization Tools",text/html; charset=utf-8,false,200,0,0,https://solvemymedia.com/nl/,308,1,,,0
22,https://solvemymedia.com/ko/about-us,"seoAboutUsTitle
SolveMyMedia - Free Online Media Optimization Tools",text/html; charset=utf-8,false,200,0,0,https://solvemymedia.com/ko/,308,1,,,0
22,https://solvemymedia.com/id/security,"seoSecurityTitle
SolveMyMedia - Free Online Media Optimization Tools",text/html; charset=utf-8,false,200,0,0,https://solvemymedia.com/id/,308,1,,,0
22,https://solvemymedia.com/el/about-us,"seoAboutUsTitle
SolveMyMedia - Free Online Media Optimization Tools",text/html; charset=utf-8,false,200,0,0,https://solvemymedia.com/el/,308,1,,,0
22,https://solvemymedia.com/hi/security,"seoSecurityTitle
SolveMyMedia - Free Online Media Optimization Tools",text/html; charset=utf-8,false,200,0,0,https://solvemymedia.com/hi/,308,1,,,0
22,https://solvemymedia.com/tr/pricing,"seoPricingTitle
SolveMyMedia - Free Online Media Optimization Tools",text/html; charset=utf-8,false,200,0,0,https://solvemymedia.com/tr/,308,1,,,0
22,https://solvemymedia.com/pt/transcrever,"Transcrição de áudio e vídeo - AI Speech to Text - SolveMyMedia
SolveMyMedia - Free Online Media Optimization Tools",text/html; charset=utf-8,false,200,0,0,https://solvemymedia.com/pt/,308,1,,,0
21,https://solvemymedia.com/id/potong-video,"Pangkas Video Online - Alat Pemotong Video Gratis - SolveMyMedia
SolveMyMedia - Free Online Media Optimization Tools",text/html; charset=utf-8,false,200,0,0,https://solvemymedia.com/id/,308,1,,,0
21,https://solvemymedia.com/hu/hang-mukodik,"Hangfájlok egyesítése - Ingyenes hangasztalos - SolveMyMedia
SolveMyMedia - Free Online Media Optimization Tools",text/html; charset=utf-8,false,200,0,1,https://solvemymedia.com/hu/,308,1,,,0
21,https://solvemymedia.com/el/perikopi-vinteo,"Περικοπή βίντεο Online - Δωρεάν εργαλείο περικοπής βίντεο - SolveMyMedia
SolveMyMedia - Free Online Media Optimization Tools",text/html; charset=utf-8,false,200,0,1,https://solvemymedia.com/el/,308,1,,,0
21,https://solvemymedia.com/pt/cortar-video,"Cortar vídeo online - ferramenta gratuita de corte de vídeo - SolveMyMedia
SolveMyMedia - Free Online Media Optimization Tools",text/html; charset=utf-8,false,200,0,0,https://solvemymedia.com/pt/,308,1,,,0
21,https://solvemymedia.com/zh/lu-yin-ji,"屏幕和音频录音机 - 免费工作室录音 - SolveMyMedia
SolveMyMedia - Free Online Media Optimization Tools",text/html; charset=utf-8,false,200,0,1,https://solvemymedia.com/zh/,308,1,,,0
21,https://solvemymedia.com/vi/toc-do-video,"Thay đổi tốc độ video - Trình chỉnh sửa video chuyển động nhanh và chậm - SolveMyMedia
SolveMyMedia - Free Online Media Optimization Tools",text/html; charset=utf-8,false,200,0,0,https://solvemymedia.com/vi/,308,1,,,0
21,https://solvemymedia.com/ar/msjl,"مسجل الشاشة والصوت - تسجيل استوديو مجاني - SolveMyMedia
SolveMyMedia - Free Online Media Optimization Tools",text/html; charset=utf-8,false,200,0,1,https://solvemymedia.com/ar/,308,1,,,0
21,https://solvemymedia.com/th/aeplngesiiyng,"แปลงรูปแบบเสียง - แปลงเสียงออนไลน์ฟรี - SolveMyMedia
SolveMyMedia - Free Online Media Optimization Tools",text/html; charset=utf-8,false,200,0,1,https://solvemymedia.com/th/,308,1,,,0
21,https://solvemymedia.com/tr/videoyu-donustur,"Video Formatlarını Dönüştürme - Ücretsiz Çevrimiçi Video Dönüştürücü - SolveMyMedia
SolveMyMedia - Free Online Media Optimization Tools",text/html; charset=utf-8,false,200,0,1,https://solvemymedia.com/tr/,308,1,,,0
21,https://solvemymedia.com/el/sigasi-vinteo,"Σίγαση βίντεο Online - Κατάργηση ήχου από βίντεο - SolveMyMedia
SolveMyMedia - Free Online Media Optimization Tools",text/html; charset=utf-8,false,200,0,1,https://solvemymedia.com/el/,308,1,,,0
21,https://solvemymedia.com/vi/nen-video,"Nén video trực tuyến - Trình nén video an toàn miễn phí - SolveMyMedia
SolveMyMedia - Free Online Media Optimization Tools",text/html; charset=utf-8,false,200,0,0,https://solvemymedia.com/vi/,308,1,,,0
21,https://solvemymedia.com/ar/ktm-lfydyw,"كتم الفيديو عبر الإنترنت - إزالة الصوت من الفيديو - SolveMyMedia
SolveMyMedia - Free Online Media Optimization Tools",text/html; charset=utf-8,false,200,0,1,https://solvemymedia.com/ar/,308,1,,,0
21,https://solvemymedia.com/tr/gif-olustur,"Videodan GIF Oluşturucuya - Videoyu Animasyonlu GIF'e Dönüştürün - SolveMyMedia
SolveMyMedia - Free Online Media Optimization Tools",text/html; charset=utf-8,false,200,0,0,https://solvemymedia.com/tr/,308,1,,,0
21,https://solvemymedia.com/nl/audio-converteren,"Audioformaten converteren - Gratis online audioconverter - SolveMyMedia
SolveMyMedia - Free Online Media Optimization Tools",text/html; charset=utf-8,false,200,0,0,https://solvemymedia.com/nl/,308,1,,,0
21,https://solvemymedia.com/ar/nskh,"نسخ الصوت والفيديو - تحويل الكلام إلى نص باستخدام الذكاء الاصطناعي - SolveMyMedia
SolveMyMedia - Free Online Media Optimization Tools",text/html; charset=utf-8,false,200,0,1,https://solvemymedia.com/ar/,308,1,,,0
21,https://solvemymedia.com/fi/muuntaa-videon,"Muunna videomuodot - ilmainen online-videomuunnin - SolveMyMedia
SolveMyMedia - Free Online Media Optimization Tools",text/html; charset=utf-8,false,200,0,1,https://solvemymedia.com/fi/,308,1,,,0
21,https://solvemymedia.com/uk/konvertuvati-audio,"Перетворення аудіоформатів - безкоштовний онлайн-конвертер аудіо - SolveMyMedia
SolveMyMedia - Free Online Media Optimization Tools",text/html; charset=utf-8,false,200,0,0,https://solvemymedia.com/uk/,308,1,,,0
21,https://solvemymedia.com/cs/komprimovat-video,"Komprimujte video online – Bezpečný kompresor videa zdarma - SolveMyMedia
SolveMyMedia - Free Online Media Optimization Tools",text/html; charset=utf-8,false,200,0,0,https://solvemymedia.com/cs/,308,1,,,0
21,https://solvemymedia.com/nl/gif-maken,"Video naar GIF Maker - Converteer video naar geanimeerde GIF - SolveMyMedia
SolveMyMedia - Free Online Media Optimization Tools",text/html; charset=utf-8,false,200,0,0,https://solvemymedia.com/nl/,308,1,,,0
21,https://solvemymedia.com/it/velocita-video,"Modifica la velocità del video: editor video veloce e al rallentatore - SolveMyMedia
SolveMyMedia - Free Online Media Optimization Tools",text/html; charset=utf-8,false,200,0,0,https://solvemymedia.com/it/,308,1,,,0
21,https://solvemymedia.com/ms/pangkas-video,"Pangkas Video Dalam Talian - Alat Pemotong Video Percuma - SolveMyMedia
SolveMyMedia - Free Online Media Optimization Tools",text/html; charset=utf-8,false,200,0,1,https://solvemymedia.com/ms/,308,1,,,0
21,https://solvemymedia.com/uk/kadruvannya-video,"Обрізати відео онлайн - безкоштовний інструмент для обрізання відео - SolveMyMedia
SolveMyMedia - Free Online Media Optimization Tools",text/html; charset=utf-8,false,200,0,1,https://solvemymedia.com/uk/,308,1,,,0
21,https://solvemymedia.com/vi/cat-video,"Cắt video trực tuyến - Công cụ cắt video miễn phí - SolveMyMedia
SolveMyMedia - Free Online Media Optimization Tools",text/html; charset=utf-8,false,200,0,0,https://solvemymedia.com/vi/,308,1,,,0
21,https://solvemymedia.com/ro/creati-gif,"Video to GIF Maker - Convertiți videoclipul în GIF animat - SolveMyMedia
SolveMyMedia - Free Online Media Optimization Tools",text/html; charset=utf-8,false,200,0,1,https://solvemymedia.com/ro/,308,1,,,0
21,https://solvemymedia.com/sv/tyst-video,"Stäng av video online - Ta bort ljud från video - SolveMyMedia
SolveMyMedia - Free Online Media Optimization Tools",text/html; charset=utf-8,false,200,0,1,https://solvemymedia.com/sv/,308,1,,,0
21,https://solvemymedia.com/ru,"SolveMyMedia | Все медиа-инструменты в одном месте
SolveMyMedia - Free Online Media Optimization Tools",text/html; charset=utf-8,false,200,0,0,https://solvemymedia.com/ru/,308,1,,,0
21,https://solvemymedia.com/de/videogeschwindigkeit,"Videogeschwindigkeit ändern – Zeitraffer- und Zeitlupen-Video-Editor - SolveMyMedia
SolveMyMedia - Free Online Media Optimization Tools",text/html; charset=utf-8,false,200,0,0,https://solvemymedia.com/de/,308,1,,,0
21,https://solvemymedia.com/uk/diktofon,"Запис екрану та звуку - безкоштовний студійний запис - SolveMyMedia
SolveMyMedia - Free Online Media Optimization Tools",text/html; charset=utf-8,false,200,0,1,https://solvemymedia.com/uk/,308,1,,,0
21,https://solvemymedia.com/ru/video-v-audio,"Извлечение аудио из видео - конвертер видео в MP3 - SolveMyMedia
SolveMyMedia - Free Online Media Optimization Tools",text/html; charset=utf-8,false,200,0,0,https://solvemymedia.com/ru/,308,1,,,0
21,https://solvemymedia.com/ms/kelajuan-video,"Tukar Kelajuan Video - Editor Video Gerak Pantas & Perlahan - SolveMyMedia
SolveMyMedia - Free Online Media Optimization Tools",text/html; charset=utf-8,false,200,0,1,https://solvemymedia.com/ms/,308,1,,,0
21,https://solvemymedia.com/hi/viiddiyo-se-onddiyo,"वीडियो से ऑडियो निकालें - वीडियो से एमपी3 कनवर्टर - SolveMyMedia
SolveMyMedia - Free Online Media Optimization Tools",text/html; charset=utf-8,false,200,0,1,https://solvemymedia.com/hi/,308,1,,,0
21,https://solvemymedia.com/ko/bidio-byeonhwan,"비디오 형식 변환 - 무료 온라인 비디오 변환기 - SolveMyMedia
SolveMyMedia - Free Online Media Optimization Tools",text/html; charset=utf-8,false,200,0,0,https://solvemymedia.com/ko/,308,1,,,0
21,https://solvemymedia.com/zh/cai-jian-shi-pin,"在线裁剪视频 - 免费视频裁剪工具 - SolveMyMedia
SolveMyMedia - Free Online Media Optimization Tools",text/html; charset=utf-8,false,200,0,1,https://solvemymedia.com/zh/,308,1,,,0
21,https://solvemymedia.com/tr/videoyu-sikistir,"Videoyu Çevrimiçi Sıkıştırın - Ücretsiz Güvenli Video Kompresörü - SolveMyMedia
SolveMyMedia - Free Online Media Optimization Tools",text/html; charset=utf-8,false,200,0,1,https://solvemymedia.com/tr/,308,1,,,0
21,https://solvemymedia.com/fi/litteroida,"Äänen ja videon transkriptio – AI-puhe tekstiksi - SolveMyMedia
SolveMyMedia - Free Online Media Optimization Tools",text/html; charset=utf-8,false,200,0,1,https://solvemymedia.com/fi/,308,1,,,0
21,https://solvemymedia.com/fr/compresser-laudio,"Compresser l'audio en ligne - Compresseur audio gratuit - SolveMyMedia
SolveMyMedia - Free Online Media Optimization Tools",text/html; charset=utf-8,false,200,0,0,https://solvemymedia.com/fr/,308,1,,,0
21,https://solvemymedia.com/ro/merge-audio,"Merge Audio Files - Free Audio Joiner - SolveMyMedia
SolveMyMedia - Free Online Media Optimization Tools",text/html; charset=utf-8,false,200,0,1,https://solvemymedia.com/ro/,308,1,,,0
21,https://solvemymedia.com/sv/ljud-fungerar,"Sammanfoga ljudfiler - Gratis Audio Joiner - SolveMyMedia
SolveMyMedia - Free Online Media Optimization Tools",text/html; charset=utf-8,false,200,0,1,https://solvemymedia.com/sv/,308,1,,,0
21,https://solvemymedia.com/sv/konvertera-video,"Konvertera videoformat - Gratis onlinevideokonverterare - SolveMyMedia
SolveMyMedia - Free Online Media Optimization Tools",text/html; charset=utf-8,false,200,0,0,https://solvemymedia.com/sv/,308,1,,,0
21,https://solvemymedia.com/th/widiioepnesiiyng,"แยกเสียงจากวิดีโอ - ตัวแปลงวิดีโอเป็น MP3 - SolveMyMedia
SolveMyMedia - Free Online Media Optimization Tools",text/html; charset=utf-8,false,200,0,1,https://solvemymedia.com/th/,308,1,,,0
21,https://solvemymedia.com/el/sympiesi-vinteo,"Compress Video Online - Δωρεάν ασφαλής συμπιεστής βίντεο - SolveMyMedia
SolveMyMedia - Free Online Media Optimization Tools",text/html; charset=utf-8,false,200,0,1,https://solvemymedia.com/el/,308,1,,,0
21,https://solvemymedia.com/pl/konwertowac-dzwiek,"Konwertuj formaty audio — bezpłatny konwerter audio online - SolveMyMedia
SolveMyMedia - Free Online Media Optimization Tools",text/html; charset=utf-8,false,200,0,1,https://solvemymedia.com/pl/,308,1,,,0
21,https://solvemymedia.com/pt/converter-audio,"Converter formatos de áudio - Conversor de áudio online gratuito - SolveMyMedia
SolveMyMedia - Free Online Media Optimization Tools",text/html; charset=utf-8,false,200,0,0,https://solvemymedia.com/pt/,308,1,,,0
21,https://solvemymedia.com/ms/buat-gif,"Video kepada Pembuat GIF - Tukar Video kepada GIF Beranimasi - SolveMyMedia
SolveMyMedia - Free Online Media Optimization Tools",text/html; charset=utf-8,false,200,0,0,https://solvemymedia.com/ms/,308,1,,,0
21,https://solvemymedia.com/ko/gif-mandeulgi,"비디오를 GIF 메이커로 - 비디오를 애니메이션 GIF로 변환 - SolveMyMedia
SolveMyMedia - Free Online Media Optimization Tools",text/html; charset=utf-8,false,200,0,0,https://solvemymedia.com/ko/,308,1,,,0
21,https://solvemymedia.com/vi/chuyen-doi-video,"Chuyển đổi định dạng video - Chuyển đổi video trực tuyến miễn phí - SolveMyMedia
SolveMyMedia - Free Online Media Optimization Tools",text/html; charset=utf-8,false,200,0,0,https://solvemymedia.com/vi/,308,1,,,0
21,https://solvemymedia.com/hu/vagja-le-a-videot,"Vágja le a videót online - Ingyenes videóvágó eszköz - SolveMyMedia
SolveMyMedia - Free Online Media Optimization Tools",text/html; charset=utf-8,false,200,0,1,https://solvemymedia.com/hu/,308,1,,,0
21,https://solvemymedia.com/fi/rajaa-video,"Rajaa videoita verkossa - ilmainen videoleikkurin työkalu - SolveMyMedia
SolveMyMedia - Free Online Media Optimization Tools",text/html; charset=utf-8,false,200,0,0,https://solvemymedia.com/fi/,308,1,,,0
21,https://solvemymedia.com/ar/dgt-lfydyw,"ضغط الفيديو عبر الإنترنت - ضاغط فيديو آمن ومجاني - SolveMyMedia
SolveMyMedia - Free Online Media Optimization Tools",text/html; charset=utf-8,false,200,0,1,https://solvemymedia.com/ar/,308,1,,,0
21,https://solvemymedia.com/hi/onddiyo-privrtit-kren,"ऑडियो प्रारूप परिवर्तित करें - मुफ़्त ऑनलाइन ऑडियो कनवर्टर - SolveMyMedia
SolveMyMedia - Free Online Media Optimization Tools",text/html; charset=utf-8,false,200,0,1,https://solvemymedia.com/hi/,308,1,,,0
21,https://solvemymedia.com/pl/przytnij-wideo,"Przycinaj wideo online — bezpłatne narzędzie do przycinania wideo - SolveMyMedia
SolveMyMedia - Free Online Media Optimization Tools",text/html; charset=utf-8,false,200,0,0,https://solvemymedia.com/pl/,308,1,,,0
21,https://solvemymedia.com/ms/audio-berfungsi,"Gabungkan Fail Audio - Penyambung Audio Percuma - SolveMyMedia
SolveMyMedia - Free Online Media Optimization Tools",text/html; charset=utf-8,false,200,0,1,https://solvemymedia.com/ms/,308,1,,,0
21,https://solvemymedia.com/ar,"SolveMyMedia | جميع أدوات الوسائط في مكان واحد
SolveMyMedia - Free Online Media Optimization Tools",text/html; charset=utf-8,false,200,0,0,https://solvemymedia.com/ar/,308,1,,,0
21,https://solvemymedia.com/ms/memampatkan-video,"Compress Video Online - Pemampat Video Selamat Percuma - SolveMyMedia
SolveMyMedia - Free Online Media Optimization Tools",text/html; charset=utf-8,false,200,0,1,https://solvemymedia.com/ms/,308,1,,,0
21,https://solvemymedia.com/pt/compactar-video,"Comprimir Vídeo Online - Compressor de Vídeo Seguro Gratuito - SolveMyMedia
SolveMyMedia - Free Online Media Optimization Tools",text/html; charset=utf-8,false,200,0,1,https://solvemymedia.com/pt/,308,1,,,0
21,https://solvemymedia.com/da/videohastighed,"Skift videohastighed - Fast & Slow Motion Video Editor - SolveMyMedia
SolveMyMedia - Free Online Media Optimization Tools",text/html; charset=utf-8,false,200,0,0,https://solvemymedia.com/da/,308,1,,,0
21,https://solvemymedia.com/sv,"SolveMyMedia | Alla mediaverktyg på ett ställe
SolveMyMedia - Free Online Media Optimization Tools",text/html; charset=utf-8,false,200,0,0,https://solvemymedia.com/sv/,308,1,,,0
21,https://solvemymedia.com/hu/video-konvertalasa,"Videoformátumok konvertálása - Ingyenes online videokonverter - SolveMyMedia
SolveMyMedia - Free Online Media Optimization Tools",text/html; charset=utf-8,false,200,0,0,https://solvemymedia.com/hu/,308,1,,,0
21,https://solvemymedia.com/zh,"SolveMyMedia | 所有媒体工具都集中在一处
SolveMyMedia - Free Online Media Optimization Tools",text/html; charset=utf-8,false,200,0,0,https://solvemymedia.com/zh/,308,1,,,0
21,https://solvemymedia.com/tr/filigran-videosu,"Videoya Filigran Ekleme - Medyanızı Koruyun - SolveMyMedia
SolveMyMedia - Free Online Media Optimization Tools",text/html; charset=utf-8,false,200,0,1,https://solvemymedia.com/tr/,308,1,,,0
21,https://solvemymedia.com/ro/comprima-audio,"Comprimare audio online - Compresor audio gratuit - SolveMyMedia
SolveMyMedia - Free Online Media Optimization Tools",text/html; charset=utf-8,false,200,0,0,https://solvemymedia.com/ro/,308,1,,,0
21,https://solvemymedia.com/zh/chuang-jian-gif,"Video to GIF Maker - 将视频转换为动画 GIF - SolveMyMedia
SolveMyMedia - Free Online Media Optimization Tools",text/html; charset=utf-8,false,200,0,0,https://solvemymedia.com/zh/,308,1,,,0
21,https://solvemymedia.com/zh/zhuan-huan-shi-pin,"转换视频格式 - 免费在线视频转换器 - SolveMyMedia
SolveMyMedia - Free Online Media Optimization Tools",text/html; charset=utf-8,false,200,0,0,https://solvemymedia.com/zh/,308,1,,,0
21,https://solvemymedia.com/ru/szhimat-video,"Сжатие видео онлайн — бесплатный безопасный видеокомпрессор - SolveMyMedia
SolveMyMedia - Free Online Media Optimization Tools",text/html; charset=utf-8,false,200,0,1,https://solvemymedia.com/ru/,308,1,,,0
21,https://solvemymedia.com/tr,"SolveMyMedia | Tüm Medya Araçları Tek Bir Yerde
SolveMyMedia - Free Online Media Optimization Tools",text/html; charset=utf-8,false,200,0,0,https://solvemymedia.com/tr/,308,1,,,0
21,https://solvemymedia.com/hu/lemasol,"Hang és videó átírása – AI beszéd szöveggé - SolveMyMedia
SolveMyMedia - Free Online Media Optimization Tools",text/html; charset=utf-8,false,200,0,1,https://solvemymedia.com/hu/,308,1,,,0
21,https://solvemymedia.com/ko/weoteomakeu-bidio,"비디오에 워터마크 추가 - 미디어 보호 - SolveMyMedia
SolveMyMedia - Free Online Media Optimization Tools",text/html; charset=utf-8,false,200,0,1,https://solvemymedia.com/ko/,308,1,,,0
21,https://solvemymedia.com/ru/diktofon,"Устройство записи экрана и звука — бесплатная студийная запись - SolveMyMedia
SolveMyMedia - Free Online Media Optimization Tools",text/html; charset=utf-8,false,200,0,1,https://solvemymedia.com/ru/,308,1,,,0
21,https://solvemymedia.com/cs,"SolveMyMedia | Všechny mediální nástroje na jednom místě
SolveMyMedia - Free Online Media Optimization Tools",text/html; charset=utf-8,false,200,0,0,https://solvemymedia.com/cs/,308,1,,,0
21,https://solvemymedia.com/ko/giroggye,"화면 및 오디오 레코더 - 무료 스튜디오 녹음 - SolveMyMedia
SolveMyMedia - Free Online Media Optimization Tools",text/html; charset=utf-8,false,200,0,1,https://solvemymedia.com/ko/,308,1,,,0
21,https://solvemymedia.com/ro/comprima-video,"Compres Video Online - Compresor video securizat gratuit - SolveMyMedia
SolveMyMedia - Free Online Media Optimization Tools",text/html; charset=utf-8,false,200,0,0,https://solvemymedia.com/ro/,308,1,,,0
21,https://solvemymedia.com/ro/viteza-video,"Schimbați viteza video - Editor video cu mișcare rapidă și lentă - SolveMyMedia
SolveMyMedia - Free Online Media Optimization Tools",text/html; charset=utf-8,false,200,0,0,https://solvemymedia.com/ro/,308,1,,,0
21,https://solvemymedia.com/cs/vytvorit-gif,"Video to GIF Maker - Převod videa na animovaný GIF - SolveMyMedia
SolveMyMedia - Free Online Media Optimization Tools",text/html; charset=utf-8,false,200,0,0,https://solvemymedia.com/cs/,308,1,,,0
21,https://solvemymedia.com/tr/videoyu-kapat,"Çevrimiçi Videonun Sesini Kapat - Videodan Sesi Kaldır - SolveMyMedia
SolveMyMedia - Free Online Media Optimization Tools",text/html; charset=utf-8,false,200,0,1,https://solvemymedia.com/tr/,308,1,,,0
21,https://solvemymedia.com/pt/audio-funciona,"Mesclar arquivos de áudio - Joiner de áudio gratuito - SolveMyMedia
SolveMyMedia - Free Online Media Optimization Tools",text/html; charset=utf-8,false,200,0,1,https://solvemymedia.com/pt/,308,1,,,0
21,https://solvemymedia.com/no/komprimere-lyd,"Komprimer lyd online - Gratis lydkompressor - SolveMyMedia
SolveMyMedia - Free Online Media Optimization Tools",text/html; charset=utf-8,false,200,0,0,https://solvemymedia.com/no/,308,1,,,0
21,https://solvemymedia.com/pl/predkosc-wideo,"Zmień prędkość wideo - edytor wideo w szybkim i zwolnionym tempie - SolveMyMedia
SolveMyMedia - Free Online Media Optimization Tools",text/html; charset=utf-8,false,200,0,0,https://solvemymedia.com/pl/,308,1,,,0
21,https://solvemymedia.com/it/comprimere-il-video,"Comprimi video online: compressore video sicuro gratuito - SolveMyMedia
SolveMyMedia - Free Online Media Optimization Tools",text/html; charset=utf-8,false,200,0,1,https://solvemymedia.com/it/,308,1,,,0
21,https://solvemymedia.com/ms,"SolveMyMedia | Semua Alat Media di Satu Tempat
SolveMyMedia - Free Online Media Optimization Tools",text/html; charset=utf-8,false,200,0,0,https://solvemymedia.com/ms/,308,1,,,0
21,https://solvemymedia.com/vi,"SolveMyMedia | Tất cả các công cụ truyền thông ở một nơi
SolveMyMedia - Free Online Media Optimization Tools",text/html; charset=utf-8,false,200,0,0,https://solvemymedia.com/vi/,308,1,,,0
21,https://solvemymedia.com/uk/stiskati-video,"Стиснення відео онлайн - безкоштовний захищений компресор відео - SolveMyMedia
SolveMyMedia - Free Online Media Optimization Tools",text/html; charset=utf-8,false,200,0,1,https://solvemymedia.com/uk/,308,1,,,0
21,https://solvemymedia.com/ru/skorost-video,"Изменить скорость видео - Редактор быстрого и замедленного видео - SolveMyMedia
SolveMyMedia - Free Online Media Optimization Tools",text/html; charset=utf-8,false,200,0,0,https://solvemymedia.com/ru/,308,1,,,0
21,https://solvemymedia.com/de/video-komprimieren,"Video online komprimieren – Kostenloser sicherer Videokompressor - SolveMyMedia
SolveMyMedia - Free Online Media Optimization Tools",text/html; charset=utf-8,false,200,0,0,https://solvemymedia.com/de/,308,1,,,0
21,https://solvemymedia.com/pt/converter-video,"Converta formatos de vídeo - Conversor de vídeo online gratuito - SolveMyMedia
SolveMyMedia - Free Online Media Optimization Tools",text/html; charset=utf-8,false,200,0,0,https://solvemymedia.com/pt/,308,1,,,0
21,https://solvemymedia.com/pt/criar-gif,"Video to GIF Maker - Converta vídeo em GIF animado - SolveMyMedia
SolveMyMedia - Free Online Media Optimization Tools",text/html; charset=utf-8,false,200,0,0,https://solvemymedia.com/pt/,308,1,,,0
21,https://solvemymedia.com/ms/video-kepada-audio,"Ekstrak Audio daripada Video - Video ke MP3 Converter - SolveMyMedia
SolveMyMedia - Free Online Media Optimization Tools",text/html; charset=utf-8,false,200,0,1,https://solvemymedia.com/ms/,308,1,,,0
21,https://solvemymedia.com/it/convertire-laudio,"Converti formati audio: convertitore audio online gratuito - SolveMyMedia
SolveMyMedia - Free Online Media Optimization Tools",text/html; charset=utf-8,false,200,0,1,https://solvemymedia.com/it/,308,1,,,0
21,https://solvemymedia.com/pt,"SolveMyMedia | Todas as ferramentas de mídia em um só lugar
SolveMyMedia - Free Online Media Optimization Tools",text/html; charset=utf-8,false,200,0,0,https://solvemymedia.com/pt/,308,1,,,0
21,https://solvemymedia.com/tr/kaydedici,"Ekran ve Ses Kaydedici - Ücretsiz Stüdyo Kaydı - SolveMyMedia
SolveMyMedia - Free Online Media Optimization Tools",text/html; charset=utf-8,false,200,0,1,https://solvemymedia.com/tr/,308,1,,,0
21,https://solvemymedia.com/ko/bidio-abcug,"온라인으로 비디오 압축 - 무료 보안 비디오 압축기 - SolveMyMedia
SolveMyMedia - Free Online Media Optimization Tools",text/html; charset=utf-8,false,200,0,1,https://solvemymedia.com/ko/,308,1,,,0
21,https://solvemymedia.com/ro,"SolveMyMedia | Toate instrumentele media într-un singur loc
SolveMyMedia - Free Online Media Optimization Tools",text/html; charset=utf-8,false,200,0,0,https://solvemymedia.com/ro/,308,1,,,0
21,https://solvemymedia.com/ko/odio-jagdong,"오디오 파일 병합 - 무료 오디오 소목장 - SolveMyMedia
SolveMyMedia - Free Online Media Optimization Tools",text/html; charset=utf-8,false,200,0,1,https://solvemymedia.com/ko/,308,1,,,0
21,https://solvemymedia.com/zh/shi-pin-zhuan-yin-pin,"从视频中提取音频 - 视频到 MP3 转换器 - SolveMyMedia
SolveMyMedia - Free Online Media Optimization Tools",text/html; charset=utf-8,false,200,0,0,https://solvemymedia.com/zh/,308,1,,,0
21,https://solvemymedia.com/hu/gif-letrehozasa,"Videó GIF Maker formátumba – Videó konvertálása animált GIF formátumba - SolveMyMedia
SolveMyMedia - Free Online Media Optimization Tools",text/html; charset=utf-8,false,200,0,0,https://solvemymedia.com/hu/,308,1,,,0
21,https://solvemymedia.com/fi/pakkaa-video,"Pakkaa video verkossa - ilmainen suojattu videokompressori - SolveMyMedia
SolveMyMedia - Free Online Media Optimization Tools",text/html; charset=utf-8,false,200,0,0,https://solvemymedia.com/fi/,308,1,,,0
21,https://solvemymedia.com/no/konvertere-video,"Konverter videoformater - Gratis online videokonvertering - SolveMyMedia
SolveMyMedia - Free Online Media Optimization Tools",text/html; charset=utf-8,false,200,0,0,https://solvemymedia.com/no/,308,1,,,0
21,https://solvemymedia.com/ko,"SolveMyMedia | 한 곳에서 모든 미디어 도구
SolveMyMedia - Free Online Media Optimization Tools",text/html; charset=utf-8,false,200,0,0,https://solvemymedia.com/ko/,308,1,,,0
21,https://solvemymedia.com/fi/pakkaa-aanta,"Pakkaa ääni verkossa - ilmainen äänikompressori - SolveMyMedia
SolveMyMedia - Free Online Media Optimization Tools",text/html; charset=utf-8,false,200,0,1,https://solvemymedia.com/fi/,308,1,,,0
21,https://solvemymedia.com/zh/ya-suo-yin-pin,"在线压缩音频 - 免费音频压缩器 - SolveMyMedia
SolveMyMedia - Free Online Media Optimization Tools",text/html; charset=utf-8,false,200,0,0,https://solvemymedia.com/zh/,308,1,,,0
21,https://solvemymedia.com/ar/aaml-swty,"دمج الملفات الصوتية - النجار الصوتي المجاني - SolveMyMedia
SolveMyMedia - Free Online Media Optimization Tools",text/html; charset=utf-8,false,200,0,1,https://solvemymedia.com/ar/,308,1,,,0
21,https://solvemymedia.com/cs/audio-funguje,"Sloučit zvukové soubory - Free Audio Joiner - SolveMyMedia
SolveMyMedia - Free Online Media Optimization Tools",text/html; charset=utf-8,false,200,0,1,https://solvemymedia.com/cs/,308,1,,,0
21,https://solvemymedia.com/da/komprimere-lyd,"Komprimer lyd online - Gratis lydkompressor - SolveMyMedia
SolveMyMedia - Free Online Media Optimization Tools",text/html; charset=utf-8,false,200,0,1,https://solvemymedia.com/da/,308,1,,,0
21,https://solvemymedia.com/ms/bisu-video,"Redamkan Video Dalam Talian - Alih Keluar Audio daripada Video - SolveMyMedia
SolveMyMedia - Free Online Media Optimization Tools",text/html; charset=utf-8,false,200,0,1,https://solvemymedia.com/ms/,308,1,,,0
21,https://solvemymedia.com/uk/video-z-vodyanim-znakom,"Додайте водяний знак до відео - захистіть свій медіафайл - SolveMyMedia
SolveMyMedia - Free Online Media Optimization Tools",text/html; charset=utf-8,false,200,0,1,https://solvemymedia.com/uk/,308,1,,,0
21,https://solvemymedia.com/fr/vitesse-video,"Changer la vitesse de la vidéo - Éditeur vidéo rapide et lent - SolveMyMedia
SolveMyMedia - Free Online Media Optimization Tools",text/html; charset=utf-8,false,200,0,0,https://solvemymedia.com/fr/,308,1,,,0
21,https://solvemymedia.com/th/pidesiiyngwidiio,"ปิดเสียงวิดีโอออนไลน์ - ลบเสียงออกจากวิดีโอ - SolveMyMedia
SolveMyMedia - Free Online Media Optimization Tools",text/html; charset=utf-8,false,200,0,1,https://solvemymedia.com/th/,308,1,,,0
21,https://solvemymedia.com/zh/yin-pin-zuo-pin,"合并音频文件 - 免费音频连接器 - SolveMyMedia
SolveMyMedia - Free Online Media Optimization Tools",text/html; charset=utf-8,false,200,0,1,https://solvemymedia.com/zh/,308,1,,,0
21,https://solvemymedia.com/ar/dgt-lswt,"ضغط الصوت عبر الإنترنت - ضاغط الصوت المجاني - SolveMyMedia
SolveMyMedia - Free Online Media Optimization Tools",text/html; charset=utf-8,false,200,0,1,https://solvemymedia.com/ar/,308,1,,,0
21,https://solvemymedia.com/uk/audio-roboti,"Об'єднання аудіофайлів - безкоштовний аудіофайл - SolveMyMedia
SolveMyMedia - Free Online Media Optimization Tools",text/html; charset=utf-8,false,200,0,1,https://solvemymedia.com/uk/,308,1,,,0
21,https://solvemymedia.com/da/video-til-lyd,"Uddrag lyd fra video - Video til MP3-konverter - SolveMyMedia
SolveMyMedia - Free Online Media Optimization Tools",text/html; charset=utf-8,false,200,0,0,https://solvemymedia.com/da/,308,1,,,0
21,https://solvemymedia.com/no/lage-gif,"Video til GIF Maker - Konverter video til animert GIF - SolveMyMedia
SolveMyMedia - Free Online Media Optimization Tools",text/html; charset=utf-8,false,200,0,1,https://solvemymedia.com/no/,308,1,,,0
21,https://solvemymedia.com/ro/decupati-videoclipul,"Decupați video online - Instrument gratuit pentru tăiere video - SolveMyMedia
SolveMyMedia - Free Online Media Optimization Tools",text/html; charset=utf-8,false,200,0,1,https://solvemymedia.com/ro/,308,1,,,0
21,https://solvemymedia.com/no/videohastighet,"Endre videohastighet - Rask og sakte videoredigerer - SolveMyMedia
SolveMyMedia - Free Online Media Optimization Tools",text/html; charset=utf-8,false,200,0,0,https://solvemymedia.com/no/,308,1,,,0
21,https://solvemymedia.com/zh/zhuan-huan-yin-pin,"转换音频格式 - 免费在线音频转换器 - SolveMyMedia
SolveMyMedia - Free Online Media Optimization Tools",text/html; charset=utf-8,false,200,0,0,https://solvemymedia.com/zh/,308,1,,,0
21,https://solvemymedia.com/ko/odio-abcug,"온라인으로 오디오 압축 - 무료 오디오 압축기 - SolveMyMedia
SolveMyMedia - Free Online Media Optimization Tools",text/html; charset=utf-8,false,200,0,1,https://solvemymedia.com/ko/,308,1,,,0
21,https://solvemymedia.com/da/transskribere,"Lyd- og videotransskription - AI-tale til tekst - SolveMyMedia
SolveMyMedia - Free Online Media Optimization Tools",text/html; charset=utf-8,false,200,0,1,https://solvemymedia.com/da/,308,1,,,0
21,https://solvemymedia.com/ms/memampatkan-audio,"Mampat Audio Dalam Talian - Pemampat Audio Percuma - SolveMyMedia
SolveMyMedia - Free Online Media Optimization Tools",text/html; charset=utf-8,false,200,0,1,https://solvemymedia.com/ms/,308,1,,,0
21,https://solvemymedia.com/id/mengkonversi-video,"Konversi Format Video - Pengonversi Video Online Gratis - SolveMyMedia
SolveMyMedia - Free Online Media Optimization Tools",text/html; charset=utf-8,false,200,0,0,https://solvemymedia.com/id/,308,1,,,0
21,https://solvemymedia.com/tr/video-hizi,"Video Hızını Değiştir - Hızlı ve Ağır Çekim Video Düzenleyici - SolveMyMedia
SolveMyMedia - Free Online Media Optimization Tools",text/html; charset=utf-8,false,200,0,0,https://solvemymedia.com/tr/,308,1,,,0
21,https://solvemymedia.com/ja/bideowoya-suo-suru,"オンラインでビデオを圧縮 - 無料の安全なビデオ コンプレッサー - SolveMyMedia
SolveMyMedia - Free Online Media Optimization Tools",text/html; charset=utf-8,false,200,0,0,https://solvemymedia.com/ja/,308,1,,,0
21,https://solvemymedia.com/tr/sesi-sikistir,"Sesi Çevrimiçi Sıkıştır - Ücretsiz Ses Kompresörü - SolveMyMedia
SolveMyMedia - Free Online Media Optimization Tools",text/html; charset=utf-8,false,200,0,1,https://solvemymedia.com/tr/,308,1,,,0
21,https://solvemymedia.com/it/trascrivere,"Trascrizione audio e video - Discorso AI in testo - SolveMyMedia
SolveMyMedia - Free Online Media Optimization Tools",text/html; charset=utf-8,false,200,0,1,https://solvemymedia.com/it/,308,1,,,0
21,https://solvemymedia.com/vi/chuyen-doi-am-thanh,"Chuyển đổi định dạng âm thanh - Chuyển đổi âm thanh trực tuyến miễn phí - SolveMyMedia
SolveMyMedia - Free Online Media Optimization Tools",text/html; charset=utf-8,false,200,0,0,https://solvemymedia.com/vi/,308,1,,,0
21,https://solvemymedia.com/ms/menukar-video,"Tukar Format Video - Penukar Video Dalam Talian Percuma - SolveMyMedia
SolveMyMedia - Free Online Media Optimization Tools",text/html; charset=utf-8,false,200,0,1,https://solvemymedia.com/ms/,308,1,,,0
21,https://solvemymedia.com/ja/bideowobian-huan-suru,"ビデオ形式を変換 - 無料のオンラインビデオコンバーター - SolveMyMedia
SolveMyMedia - Free Online Media Optimization Tools",text/html; charset=utf-8,false,200,0,0,https://solvemymedia.com/ja/,308,1,,,0
21,https://solvemymedia.com/cs/video-na-zvuk,"Extrahujte zvuk z Video - Video do MP3 Converter - SolveMyMedia
SolveMyMedia - Free Online Media Optimization Tools",text/html; charset=utf-8,false,200,0,1,https://solvemymedia.com/cs/,308,1,,,0
21,https://solvemymedia.com/uk/video-v-audio,"Вилучення аудіо з відео - конвертер відео в MP3 - SolveMyMedia
SolveMyMedia - Free Online Media Optimization Tools",text/html; charset=utf-8,false,200,0,0,https://solvemymedia.com/uk/,308,1,,,0
21,https://solvemymedia.com/hi/viiddiyo-myuutt-kren,"ऑनलाइन वीडियो म्यूट करें - वीडियो से ऑडियो हटाएं - SolveMyMedia
SolveMyMedia - Free Online Media Optimization Tools",text/html; charset=utf-8,false,200,0,1,https://solvemymedia.com/hi/,308,1,,,0
21,https://solvemymedia.com/cs/prevest-video,"Převod video formátů – bezplatný online převodník videa - SolveMyMedia
SolveMyMedia - Free Online Media Optimization Tools",text/html; charset=utf-8,false,200,0,1,https://solvemymedia.com/cs/,308,1,,,0
21,https://solvemymedia.com/fr/video-en-audio,"Extraire l'audio d'une vidéo - Convertisseur vidéo en MP3 - SolveMyMedia
SolveMyMedia - Free Online Media Optimization Tools",text/html; charset=utf-8,false,200,0,0,https://solvemymedia.com/fr/,308,1,,,0
21,https://solvemymedia.com/ko/bidioreul-odioro,"비디오에서 오디오 추출 - 비디오를 MP3로 변환기 - SolveMyMedia
SolveMyMedia - Free Online Media Optimization Tools",text/html; charset=utf-8,false,200,0,1,https://solvemymedia.com/ko/,308,1,,,0
21,https://solvemymedia.com/de/gif-erstellen,"Video to GIF Maker – Video in animiertes GIF konvertieren - SolveMyMedia
SolveMyMedia - Free Online Media Optimization Tools",text/html; charset=utf-8,false,200,0,0,https://solvemymedia.com/de/,308,1,,,0
21,https://solvemymedia.com/ru/sozdat-gifku,"Video to GIF Maker - Конвертируйте видео в анимированный GIF - SolveMyMedia
SolveMyMedia - Free Online Media Optimization Tools",text/html; charset=utf-8,false,200,0,1,https://solvemymedia.com/ru/,308,1,,,0
21,https://solvemymedia.com/ar/thwyl-lswt,"تحويل صيغ الصوت - محول الصوت المجاني على الإنترنت - SolveMyMedia
SolveMyMedia - Free Online Media Optimization Tools",text/html; charset=utf-8,false,200,0,1,https://solvemymedia.com/ar/,308,1,,,0
21,https://solvemymedia.com/cs/oriznout-video,"Oříznout video online – bezplatný nástroj pro oříznutí videa - SolveMyMedia
SolveMyMedia - Free Online Media Optimization Tools",text/html; charset=utf-8,false,200,0,1,https://solvemymedia.com/cs/,308,1,,,0
21,https://solvemymedia.com/fr/video-de-recadrage,"Recadrer une vidéo en ligne - Outil de recadrage vidéo gratuit - SolveMyMedia
SolveMyMedia - Free Online Media Optimization Tools",text/html; charset=utf-8,false,200,0,0,https://solvemymedia.com/fr/,308,1,,,0
21,https://solvemymedia.com/ja/odeiowobian-huan-suru,"オーディオ形式を変換 - 無料のオンライン オーディオ コンバーター - SolveMyMedia
SolveMyMedia - Free Online Media Optimization Tools",text/html; charset=utf-8,false,200,0,0,https://solvemymedia.com/ja/,308,1,,,0
21,https://solvemymedia.com/uk/konvertuvati-video,"Перетворення відеоформатів - безкоштовний онлайн-конвертер відео - SolveMyMedia
SolveMyMedia - Free Online Media Optimization Tools",text/html; charset=utf-8,false,200,0,0,https://solvemymedia.com/uk/,308,1,,,0
21,https://solvemymedia.com/fr/creer-un-gif,"Vidéo en GIF Maker - Convertir une vidéo en GIF animé - SolveMyMedia
SolveMyMedia - Free Online Media Optimization Tools",text/html; charset=utf-8,false,200,0,0,https://solvemymedia.com/fr/,308,1,,,0
21,https://solvemymedia.com/uk/vimknuti-video,"Вимкнути відео в Інтернеті - видалити аудіо з відео - SolveMyMedia
SolveMyMedia - Free Online Media Optimization Tools",text/html; charset=utf-8,false,200,0,1,https://solvemymedia.com/uk/,308,1,,,0
21,https://solvemymedia.com/da/oprette-gif,"Video til GIF Maker - Konverter video til animeret GIF - SolveMyMedia
SolveMyMedia - Free Online Media Optimization Tools",text/html; charset=utf-8,false,200,0,1,https://solvemymedia.com/da/,308,1,,,0
21,https://solvemymedia.com/fi/videon-nopeus,"Muuta videon nopeutta - Nopea ja hidastettu videoeditori - SolveMyMedia
SolveMyMedia - Free Online Media Optimization Tools",text/html; charset=utf-8,false,200,0,1,https://solvemymedia.com/fi/,308,1,,,0
21,https://solvemymedia.com/es/velocidad-de-video,"Cambiar la velocidad del video: editor de video en cámara rápida y lenta - SolveMyMedia
SolveMyMedia - Free Online Media Optimization Tools",text/html; charset=utf-8,false,200,0,0,https://solvemymedia.com/es/,308,1,,,0
21,https://solvemymedia.com/el/ihitika-erga,"Συγχώνευση αρχείων ήχου - Δωρεάν Audio Joiner - SolveMyMedia
SolveMyMedia - Free Online Media Optimization Tools",text/html; charset=utf-8,false,200,0,1,https://solvemymedia.com/el/,308,1,,,0
21,https://solvemymedia.com/ro/recorder,"Screen & Audio Recorder - Înregistrare gratuită în studio - SolveMyMedia
SolveMyMedia - Free Online Media Optimization Tools",text/html; charset=utf-8,false,200,0,1,https://solvemymedia.com/ro/,308,1,,,0
21,https://solvemymedia.com/hi/rikonrddr,"स्क्रीन और ऑडियो रिकॉर्डर - निःशुल्क स्टूडियो रिकॉर्डिंग - SolveMyMedia
SolveMyMedia - Free Online Media Optimization Tools",text/html; charset=utf-8,false,200,0,1,https://solvemymedia.com/hi/,308,1,,,0
21,https://solvemymedia.com/ms/menukar-audio,"Tukar Format Audio - Penukar Audio Dalam Talian Percuma - SolveMyMedia
SolveMyMedia - Free Online Media Optimization Tools",text/html; charset=utf-8,false,200,0,1,https://solvemymedia.com/ms/,308,1,,,0
21,https://solvemymedia.com/nl/video-naar-audio,"Audio uit video extraheren - Video naar MP3-converter - SolveMyMedia
SolveMyMedia - Free Online Media Optimization Tools",text/html; charset=utf-8,false,200,0,0,https://solvemymedia.com/nl/,308,1,,,0
21,https://solvemymedia.com/uk,"SolveMyMedia | Усі медіа-інструменти в одному місці
SolveMyMedia - Free Online Media Optimization Tools",text/html; charset=utf-8,false,200,0,0,https://solvemymedia.com/uk/,308,1,,,0
21,https://solvemymedia.com/hi/ttaaip-krnaa,"ऑडियो और वीडियो ट्रांस्क्रिप्शन - एआई स्पीच टू टेक्स्ट - SolveMyMedia
SolveMyMedia - Free Online Media Optimization Tools",text/html; charset=utf-8,false,200,0,1,https://solvemymedia.com/hi/,308,1,,,0
21,https://solvemymedia.com/ro/sunetul-video,"Dezactivați sunetul video online - Eliminați sunetul din videoclip - SolveMyMedia
SolveMyMedia - Free Online Media Optimization Tools",text/html; charset=utf-8,false,200,0,1,https://solvemymedia.com/ro/,308,1,,,0
21,https://solvemymedia.com/da/komprimere-video,"Komprimer video online - Gratis sikker videokompressor - SolveMyMedia
SolveMyMedia - Free Online Media Optimization Tools",text/html; charset=utf-8,false,200,0,1,https://solvemymedia.com/da/,308,1,,,0
21,https://solvemymedia.com/uk/shvidkist-video,"Зміна швидкості відео - швидкий і уповільнений відеоредактор - SolveMyMedia
SolveMyMedia - Free Online Media Optimization Tools",text/html; charset=utf-8,false,200,0,0,https://solvemymedia.com/uk/,308,1,,,0
21,https://solvemymedia.com/tr/sesi-donustur,"Ses Formatlarını Dönüştür - Ücretsiz Çevrimiçi Ses Dönüştürücü - SolveMyMedia
SolveMyMedia - Free Online Media Optimization Tools",text/html; charset=utf-8,false,200,0,1,https://solvemymedia.com/tr/,308,1,,,0
21,https://solvemymedia.com/fi,"SolveMyMedia | Kaikki mediatyökalut yhdessä paikassa
SolveMyMedia - Free Online Media Optimization Tools",text/html; charset=utf-8,false,200,0,0,https://solvemymedia.com/fi/,308,1,,,0
21,https://solvemymedia.com/pl/wideo-do-dzwieku,"Wyodrębnij audio z wideo - konwerter wideo na MP3 - SolveMyMedia
SolveMyMedia - Free Online Media Optimization Tools",text/html; charset=utf-8,false,200,0,1,https://solvemymedia.com/pl/,308,1,,,0
21,https://solvemymedia.com/ru/konvertirovat-video,"Конвертировать форматы видео — бесплатный онлайн-конвертер видео - SolveMyMedia
SolveMyMedia - Free Online Media Optimization Tools",text/html; charset=utf-8,false,200,0,0,https://solvemymedia.com/ru/,308,1,,,0
21,https://solvemymedia.com/hi/viiddiyo-privrtit-kren,"वीडियो प्रारूप परिवर्तित करें - मुफ़्त ऑनलाइन वीडियो कनवर्टर - SolveMyMedia
SolveMyMedia - Free Online Media Optimization Tools",text/html; charset=utf-8,false,200,0,1,https://solvemymedia.com/hi/,308,1,,,0
21,https://solvemymedia.com/ko/bidio-sogdo,"비디오 속도 변경 - 패스트 & 슬로우 모션 비디오 편집기 - SolveMyMedia
SolveMyMedia - Free Online Media Optimization Tools",text/html; charset=utf-8,false,200,0,1,https://solvemymedia.com/ko/,308,1,,,0
21,https://solvemymedia.com/zh/shi-pin-su-du,"更改视频速度 - 快动作和慢动作视频编辑器 - SolveMyMedia
SolveMyMedia - Free Online Media Optimization Tools",text/html; charset=utf-8,false,200,0,0,https://solvemymedia.com/zh/,308,1,,,0
21,https://solvemymedia.com/id/video-ke-audio,"Ekstrak Audio dari Video - Konverter Video ke MP3 - SolveMyMedia
SolveMyMedia - Free Online Media Optimization Tools",text/html; charset=utf-8,false,200,0,0,https://solvemymedia.com/id/,308,1,,,0
21,https://solvemymedia.com/de/audio-konvertieren,"Konvertieren Sie Audioformate – Kostenloser Online-Audiokonverter - SolveMyMedia
SolveMyMedia - Free Online Media Optimization Tools",text/html; charset=utf-8,false,200,0,0,https://solvemymedia.com/de/,308,1,,,0
21,https://solvemymedia.com/pt/velocidade-do-video,"Alterar velocidade do vídeo - Editor de vídeo em câmera lenta e rápida - SolveMyMedia
SolveMyMedia - Free Online Media Optimization Tools",text/html; charset=utf-8,false,200,0,0,https://solvemymedia.com/pt/,308,1,,,0
21,https://solvemymedia.com/de,"SolveMyMedia | Alle Medientools an einem Ort
SolveMyMedia - Free Online Media Optimization Tools",text/html; charset=utf-8,false,200,0,0,https://solvemymedia.com/de/,308,1,,,0
21,https://solvemymedia.com/th/sraangkif,"Video to GIF Maker - แปลงวิดีโอเป็น GIF แบบเคลื่อนไหว - SolveMyMedia
SolveMyMedia - Free Online Media Optimization Tools",text/html; charset=utf-8,false,200,0,1,https://solvemymedia.com/th/,308,1,,,0
21,https://solvemymedia.com/hi/vonttrmaark-viiddiyo,"वीडियो में वॉटरमार्क जोड़ें - अपने मीडिया को सुरक्षित रखें - SolveMyMedia
SolveMyMedia - Free Online Media Optimization Tools",text/html; charset=utf-8,false,200,0,1,https://solvemymedia.com/hi/,308,1,,,0
21,https://solvemymedia.com/nl/audio-werkt,"Audiobestanden samenvoegen - Gratis audio-joiner - SolveMyMedia
SolveMyMedia - Free Online Media Optimization Tools",text/html; charset=utf-8,false,200,0,1,https://solvemymedia.com/nl/,308,1,,,0
21,https://solvemymedia.com/fr/convertir-laudio,"Convertir les formats audio - Convertisseur audio en ligne gratuit - SolveMyMedia
SolveMyMedia - Free Online Media Optimization Tools",text/html; charset=utf-8,false,200,0,0,https://solvemymedia.com/fr/,308,1,,,0
21,https://solvemymedia.com/it/laudio-funziona,"Unisci file audio - Joiner audio gratuito - SolveMyMedia
SolveMyMedia - Free Online Media Optimization Tools",text/html; charset=utf-8,false,200,0,1,https://solvemymedia.com/it/,308,1,,,0
21,https://solvemymedia.com/ja/bideosu-du,"ビデオ速度の変更 - 高速およびスローモーションビデオエディター - SolveMyMedia
SolveMyMedia - Free Online Media Optimization Tools",text/html; charset=utf-8,false,200,0,0,https://solvemymedia.com/ja/,308,1,,,0
21,https://solvemymedia.com/id/mengkonversi-audio,"Konversi Format Audio - Konverter Audio Online Gratis - SolveMyMedia
SolveMyMedia - Free Online Media Optimization Tools",text/html; charset=utf-8,false,200,0,0,https://solvemymedia.com/id/,308,1,,,0
21,https://solvemymedia.com/no/opptaker,"Skjerm- og lydopptaker - Gratis studioopptak - SolveMyMedia
SolveMyMedia - Free Online Media Optimization Tools",text/html; charset=utf-8,false,200,0,1,https://solvemymedia.com/no/,308,1,,,0
21,https://solvemymedia.com/hi/onddiyo-snpiiddit-kren,"ऑडियो ऑनलाइन कंप्रेस करें - मुफ़्त ऑडियो कंप्रेसर - SolveMyMedia
SolveMyMedia - Free Online Media Optimization Tools",text/html; charset=utf-8,false,200,0,1,https://solvemymedia.com/hi/,308,1,,,0
21,https://solvemymedia.com/es/comprimir-video,"Comprimir vídeo en línea: compresor de vídeo seguro gratuito - SolveMyMedia
SolveMyMedia - Free Online Media Optimization Tools",text/html; charset=utf-8,false,200,0,0,https://solvemymedia.com/es/,308,1,,,0
21,https://solvemymedia.com/it/video-filigrana,"Aggiungi filigrana al video: proteggi i tuoi contenuti multimediali - SolveMyMedia
SolveMyMedia - Free Online Media Optimization Tools",text/html; charset=utf-8,false,200,0,1,https://solvemymedia.com/it/,308,1,,,0
21,https://solvemymedia.com/ru/konvertirovat-audio,"Конвертировать аудиоформаты — бесплатный онлайн-аудио конвертер - SolveMyMedia
SolveMyMedia - Free Online Media Optimization Tools",text/html; charset=utf-8,false,200,0,0,https://solvemymedia.com/ru/,308,1,,,0
21,https://solvemymedia.com/hu/felvevo,"Képernyő- és hangrögzítő – Ingyenes stúdiófelvétel - SolveMyMedia
SolveMyMedia - Free Online Media Optimization Tools",text/html; charset=utf-8,false,200,0,1,https://solvemymedia.com/hu/,308,1,,,0
21,https://solvemymedia.com/th/biibadesiiyng,"บีบอัดเสียงออนไลน์ - บีบอัดเสียงฟรี - SolveMyMedia
SolveMyMedia - Free Online Media Optimization Tools",text/html; charset=utf-8,false,200,0,1,https://solvemymedia.com/th/,308,1,,,0
21,https://solvemymedia.com/sv/inspelare,"Skärm- och ljudinspelare - Gratis studioinspelning - SolveMyMedia
SolveMyMedia - Free Online Media Optimization Tools",text/html; charset=utf-8,false,200,0,1,https://solvemymedia.com/sv/,308,1,,,0
21,https://solvemymedia.com/ru/perepisyvat,"Транскрипция аудио и видео — преобразование речи AI в текст - SolveMyMedia
SolveMyMedia - Free Online Media Optimization Tools",text/html; charset=utf-8,false,200,0,1,https://solvemymedia.com/ru/,308,1,,,0
21,https://solvemymedia.com/uk/stiskati-audio,"Compress Audio Online - безкоштовний аудіокомпресор - SolveMyMedia
SolveMyMedia - Free Online Media Optimization Tools",text/html; charset=utf-8,false,200,0,1,https://solvemymedia.com/uk/,308,1,,,0
21,https://solvemymedia.com/it/comprimere-laudio,"Comprimi audio online: compressore audio gratuito - SolveMyMedia
SolveMyMedia - Free Online Media Optimization Tools",text/html; charset=utf-8,false,200,0,1,https://solvemymedia.com/it/,308,1,,,0
21,https://solvemymedia.com/ko/gocyeo-sseuda,"오디오 및 비디오 전사 - AI 음성을 텍스트로 변환 - SolveMyMedia
SolveMyMedia - Free Online Media Optimization Tools",text/html; charset=utf-8,false,200,0,1,https://solvemymedia.com/ko/,308,1,,,0
21,https://solvemymedia.com/pt/gravadora,"Gravador de tela e áudio - gravação gratuita em estúdio - SolveMyMedia
SolveMyMedia - Free Online Media Optimization Tools",text/html; charset=utf-8,false,200,0,1,https://solvemymedia.com/pt/,308,1,,,0
21,https://solvemymedia.com/no/beskjaere-video,"Crop Video Online - Gratis Video Cropper Tool - SolveMyMedia
SolveMyMedia - Free Online Media Optimization Tools",text/html; charset=utf-8,false,200,0,1,https://solvemymedia.com/no/,308,1,,,0
21,https://solvemymedia.com/th/ekhruuengbanthuek,"เครื่องบันทึกหน้าจอและเสียง - บันทึกสตูดิโอฟรี - SolveMyMedia
SolveMyMedia - Free Online Media Optimization Tools",text/html; charset=utf-8,false,200,0,1,https://solvemymedia.com/th/,308,1,,,0
21,https://solvemymedia.com/hu/hangot-konvertalni,"Hangformátumok konvertálása - Ingyenes online audio konverter - SolveMyMedia
SolveMyMedia - Free Online Media Optimization Tools",text/html; charset=utf-8,false,200,0,1,https://solvemymedia.com/hu/,308,1,,,0
21,https://solvemymedia.com/hu/video-nemitasa,"Videó némítása online – Hang eltávolítása a videóból - SolveMyMedia
SolveMyMedia - Free Online Media Optimization Tools",text/html; charset=utf-8,false,200,0,1,https://solvemymedia.com/hu/,308,1,,,0
21,https://solvemymedia.com/pl,"SolveMyMedia | Wszystkie narzędzia multimedialne w jednym miejscu
SolveMyMedia - Free Online Media Optimization Tools",text/html; charset=utf-8,false,200,0,0,https://solvemymedia.com/pl/,308,1,,,0
21,https://solvemymedia.com/el/vinteo-se-iho,"Εξαγωγή ήχου από βίντεο - Μετατροπέας βίντεο σε MP3 - SolveMyMedia
SolveMyMedia - Free Online Media Optimization Tools",text/html; charset=utf-8,false,200,0,1,https://solvemymedia.com/el/,308,1,,,0
21,https://solvemymedia.com/nl/video-comprimeren,"Video online comprimeren - Gratis veilige videocompressor - SolveMyMedia
SolveMyMedia - Free Online Media Optimization Tools",text/html; charset=utf-8,false,200,0,0,https://solvemymedia.com/nl/,308,1,,,0
21,https://solvemymedia.com/da,"SolveMyMedia | Alle medieværktøjer på ét sted
SolveMyMedia - Free Online Media Optimization Tools",text/html; charset=utf-8,false,200,0,0,https://solvemymedia.com/da/,308,1,,,0
21,https://solvemymedia.com/ru/video-s-vodyanymi-znakami,"Добавьте водяной знак к видео – защитите свои медиафайлы - SolveMyMedia
SolveMyMedia - Free Online Media Optimization Tools",text/html; charset=utf-8,false,200,0,1,https://solvemymedia.com/ru/,308,1,,,0
21,https://solvemymedia.com/fr,"SolveMyMedia | Tous les outils multimédias au même endroit
SolveMyMedia - Free Online Media Optimization Tools",text/html; charset=utf-8,false,200,0,0,https://solvemymedia.com/fr/,308,1,,,0
21,https://solvemymedia.com/hu/videorol-hangra,"Hang kivonása a videóból - Video MP3 konverter - SolveMyMedia
SolveMyMedia - Free Online Media Optimization Tools",text/html; charset=utf-8,false,200,0,1,https://solvemymedia.com/hu/,308,1,,,0
21,https://solvemymedia.com/ro/converti-audio,"Convertiți formate audio - Convertor audio online gratuit - SolveMyMedia
SolveMyMedia - Free Online Media Optimization Tools",text/html; charset=utf-8,false,200,0,1,https://solvemymedia.com/ro/,308,1,,,0
21,https://solvemymedia.com/sv/videohastighet,"Ändra videohastighet - Fast & Slow Motion Video Editor - SolveMyMedia
SolveMyMedia - Free Online Media Optimization Tools",text/html; charset=utf-8,false,200,0,0,https://solvemymedia.com/sv/,308,1,,,0
21,https://solvemymedia.com/pl/konwertuj-wideo,"Konwertuj formaty wideo — bezpłatny konwerter wideo online - SolveMyMedia
SolveMyMedia - Free Online Media Optimization Tools",text/html; charset=utf-8,false,200,0,0,https://solvemymedia.com/pl/,308,1,,,0
21,https://solvemymedia.com/ar/fydyw-laalm-lmyy,"أضف علامة مائية إلى الفيديو - قم بحماية الوسائط الخاصة بك - SolveMyMedia
SolveMyMedia - Free Online Media Optimization Tools",text/html; charset=utf-8,false,200,0,1,https://solvemymedia.com/ar/,308,1,,,0
21,https://solvemymedia.com/ko/odio-byeonhwan,"오디오 형식 변환 - 무료 온라인 오디오 변환기 - SolveMyMedia
SolveMyMedia - Free Online Media Optimization Tools",text/html; charset=utf-8,false,200,0,0,https://solvemymedia.com/ko/,308,1,,,0
21,https://solvemymedia.com/cs/komprimovat-zvuk,"Komprese zvuku online – bezplatný zvukový kompresor - SolveMyMedia
SolveMyMedia - Free Online Media Optimization Tools",text/html; charset=utf-8,false,200,0,1,https://solvemymedia.com/cs/,308,1,,,0
21,https://solvemymedia.com/th/thdesiiyng,"การถอดเสียงและวิดีโอ - คำพูด AI เป็นข้อความ - SolveMyMedia
SolveMyMedia - Free Online Media Optimization Tools",text/html; charset=utf-8,false,200,0,1,https://solvemymedia.com/th/,308,1,,,0
21,https://solvemymedia.com/pl/kompresowac-dzwiek,"Kompresuj dźwięk online - darmowy kompresor audio - SolveMyMedia
SolveMyMedia - Free Online Media Optimization Tools",text/html; charset=utf-8,false,200,0,1,https://solvemymedia.com/pl/,308,1,,,0
21,https://solvemymedia.com/it/creare-una-gif,"Video to GIF Maker: converti video in GIF animate - SolveMyMedia
SolveMyMedia - Free Online Media Optimization Tools",text/html; charset=utf-8,false,200,0,1,https://solvemymedia.com/it/,308,1,,,0
21,https://solvemymedia.com/fi/muuntaa-aanta,"Muunna ääniformaatteja - ilmainen online-äänimuunnin - SolveMyMedia
SolveMyMedia - Free Online Media Optimization Tools",text/html; charset=utf-8,false,200,0,1,https://solvemymedia.com/fi/,308,1,,,0
21,https://solvemymedia.com/sv/komprimera-ljud,"Komprimera ljud online - Gratis ljudkompressor - SolveMyMedia
SolveMyMedia - Free Online Media Optimization Tools",text/html; charset=utf-8,false,200,0,0,https://solvemymedia.com/sv/,308,1,,,0
21,https://solvemymedia.com/id/kompres-video,"Kompres Video Online - Kompresor Video Aman Gratis - SolveMyMedia
SolveMyMedia - Free Online Media Optimization Tools",text/html; charset=utf-8,false,200,0,0,https://solvemymedia.com/id/,308,1,,,0
21,https://solvemymedia.com/th/biibadwidiio,"บีบอัดวิดีโอออนไลน์ - โปรแกรมบีบอัดวิดีโอที่ปลอดภัยฟรี - SolveMyMedia
SolveMyMedia - Free Online Media Optimization Tools",text/html; charset=utf-8,false,200,0,1,https://solvemymedia.com/th/,308,1,,,0
21,https://solvemymedia.com/tr/videoyu-kirp,"Videoyu Çevrimiçi Kırp - Ücretsiz Video Kırpma Aracı - SolveMyMedia
SolveMyMedia - Free Online Media Optimization Tools",text/html; charset=utf-8,false,200,0,1,https://solvemymedia.com/tr/,308,1,,,0
21,https://solvemymedia.com/hi,"SolveMyMedia | सभी मीडिया उपकरण एक ही स्थान पर
SolveMyMedia - Free Online Media Optimization Tools",text/html; charset=utf-8,false,200,0,0,https://solvemymedia.com/hi/,308,1,,,0
21,https://solvemymedia.com/pl/rozpisac,"Transkrypcja audio i wideo — mowa AI na tekst - SolveMyMedia
SolveMyMedia - Free Online Media Optimization Tools",text/html; charset=utf-8,false,200,0,1,https://solvemymedia.com/pl/,308,1,,,0
21,https://solvemymedia.com/ru/audio-rabotaet,"Объединить аудиофайлы - Бесплатная программа для объединения аудио - SolveMyMedia
SolveMyMedia - Free Online Media Optimization Tools",text/html; charset=utf-8,false,200,0,1,https://solvemymedia.com/ru/,308,1,,,0
21,https://solvemymedia.com/vi/nen-am-thanh,"Nén âm thanh trực tuyến - Máy nén âm thanh miễn phí - SolveMyMedia
SolveMyMedia - Free Online Media Optimization Tools",text/html; charset=utf-8,false,200,0,0,https://solvemymedia.com/vi/,308,1,,,0
21,https://solvemymedia.com/nl/watermerkvideo,"Voeg een watermerk toe aan video - Bescherm uw media - SolveMyMedia
SolveMyMedia - Free Online Media Optimization Tools",text/html; charset=utf-8,false,200,0,1,https://solvemymedia.com/nl/,308,1,,,0
21,https://solvemymedia.com/hu/video-tomoritese,"Videó tömörítése online - Ingyenes biztonságos videokompresszor - SolveMyMedia
SolveMyMedia - Free Online Media Optimization Tools",text/html; charset=utf-8,false,200,0,0,https://solvemymedia.com/hu/,308,1,,,0
21,https://solvemymedia.com/pl/wideo-ze-znakiem-wodnym,"Dodaj znak wodny do wideo — chroń swoje multimedia - SolveMyMedia
SolveMyMedia - Free Online Media Optimization Tools",text/html; charset=utf-8,false,200,0,1,https://solvemymedia.com/pl/,308,1,,,0
21,https://solvemymedia.com/hi/viiddiyo-kii-gti,"वीडियो की गति बदलें - तेज़ और धीमी गति वाला वीडियो संपादक - SolveMyMedia
SolveMyMedia - Free Online Media Optimization Tools",text/html; charset=utf-8,false,200,0,1,https://solvemymedia.com/hi/,308,1,,,0
21,https://solvemymedia.com/vi/tao-anh-gif,"Video to GIF Maker - Chuyển đổi video thành GIF động - SolveMyMedia
SolveMyMedia - Free Online Media Optimization Tools",text/html; charset=utf-8,false,200,0,1,https://solvemymedia.com/vi/,308,1,,,0
21,https://solvemymedia.com/th/esiiyngaichngaanaid,"รวมไฟล์เสียง - โปรแกรมเชื่อมต่อเสียงฟรี - SolveMyMedia
SolveMyMedia - Free Online Media Optimization Tools",text/html; charset=utf-8,false,200,0,1,https://solvemymedia.com/th/,308,1,,,0
21,https://solvemymedia.com/th,"SolveMyMedia | เครื่องมือสื่อทั้งหมดในที่เดียว
SolveMyMedia - Free Online Media Optimization Tools",text/html; charset=utf-8,false,200,0,0,https://solvemymedia.com/th/,308,1,,,0
21,https://solvemymedia.com/hu/video-sebesseg,"Videosebesség módosítása – Gyors és lassított videószerkesztő - SolveMyMedia
SolveMyMedia - Free Online Media Optimization Tools",text/html; charset=utf-8,false,200,0,0,https://solvemymedia.com/hu/,308,1,,,0
21,https://solvemymedia.com/tr/videodan-sese,"Videodan Sesi Çıkarma - Videodan MP3'e Dönüştürücü - SolveMyMedia
SolveMyMedia - Free Online Media Optimization Tools",text/html; charset=utf-8,false,200,0,1,https://solvemymedia.com/tr/,308,1,,,0
21,https://solvemymedia.com/pt/comprimir-audio,"Comprimir Áudio Online - Compressor de Áudio Gratuito - SolveMyMedia
SolveMyMedia - Free Online Media Optimization Tools",text/html; charset=utf-8,false,200,0,0,https://solvemymedia.com/pt/,308,1,,,0
21,https://solvemymedia.com/zh/ya-suo-shi-pin,"在线压缩视频 - 免费安全视频压缩器 - SolveMyMedia
SolveMyMedia - Free Online Media Optimization Tools",text/html; charset=utf-8,false,200,0,0,https://solvemymedia.com/zh/,308,1,,,0
21,https://solvemymedia.com/hi/onddiyo-kaam-krtaa-hai,"ऑडियो फ़ाइलें मर्ज करें - निःशुल्क ऑडियो जॉइनर - SolveMyMedia
SolveMyMedia - Free Online Media Optimization Tools",text/html; charset=utf-8,false,200,0,1,https://solvemymedia.com/hi/,308,1,,,0
21,https://solvemymedia.com/nl/videosnelheid,"Verander de videosnelheid - Snelle en slow motion video-editor - SolveMyMedia
SolveMyMedia - Free Online Media Optimization Tools",text/html; charset=utf-8,false,200,0,1,https://solvemymedia.com/nl/,308,1,,,0
21,https://solvemymedia.com/nl,"SolveMyMedia | Alle mediatools op één plek
SolveMyMedia - Free Online Media Optimization Tools",text/html; charset=utf-8,false,200,0,0,https://solvemymedia.com/nl/,308,1,,,0
21,https://solvemymedia.com/id/kecepatan-video,"Ubah Kecepatan Video - Editor Video Gerak Cepat & Lambat - SolveMyMedia
SolveMyMedia - Free Online Media Optimization Tools",text/html; charset=utf-8,false,200,0,0,https://solvemymedia.com/id/,308,1,,,0
21,https://solvemymedia.com/es/video-a-audio,"Extraer audio de vídeo - Convertidor de vídeo a MP3 - SolveMyMedia
SolveMyMedia - Free Online Media Optimization Tools",text/html; charset=utf-8,false,200,0,0,https://solvemymedia.com/es/,308,1,,,0
21,https://solvemymedia.com/ja/odeiowoya-suo-suru,"オンラインでオーディオを圧縮 - 無料のオーディオ コンプレッサー - SolveMyMedia
SolveMyMedia - Free Online Media Optimization Tools",text/html; charset=utf-8,false,200,0,0,https://solvemymedia.com/ja/,308,1,,,0
21,https://solvemymedia.com/es,"SolveMyMedia | Todas las herramientas multimedia en un solo lugar
SolveMyMedia - Free Online Media Optimization Tools",text/html; charset=utf-8,false,200,0,0,https://solvemymedia.com/es/,308,1,,,0
21,https://solvemymedia.com/id/kompres-audio,"Kompres Audio Online - Kompresor Audio Gratis - SolveMyMedia
SolveMyMedia - Free Online Media Optimization Tools",text/html; charset=utf-8,false,200,0,0,https://solvemymedia.com/id/,308,1,,,0
21,https://solvemymedia.com/hi/phsl-viiddiyo,"क्रॉप वीडियो ऑनलाइन - मुफ़्त वीडियो क्रॉपर टूल - SolveMyMedia
SolveMyMedia - Free Online Media Optimization Tools",text/html; charset=utf-8,false,200,0,1,https://solvemymedia.com/hi/,308,1,,,0
21,https://solvemymedia.com/tr/uyarlamak,"Ses ve Video Transkripsiyonu - Yapay Zeka Konuşmasını Metne Dönüştürme - SolveMyMedia
SolveMyMedia - Free Online Media Optimization Tools",text/html; charset=utf-8,false,200,0,1,https://solvemymedia.com/tr/,308,1,,,0
21,https://solvemymedia.com/ja/gifwozuo-cheng,"ビデオ to GIF メーカー - ビデオをアニメーション GIF に変換 - SolveMyMedia
SolveMyMedia - Free Online Media Optimization Tools",text/html; charset=utf-8,false,200,0,0,https://solvemymedia.com/ja/,308,1,,,0
21,https://solvemymedia.com/th/aeplngwidiio,"แปลงรูปแบบวิดีโอ - แปลงวิดีโอออนไลน์ฟรี - SolveMyMedia
SolveMyMedia - Free Online Media Optimization Tools",text/html; charset=utf-8,false,200,0,1,https://solvemymedia.com/th/,308,1,,,0
21,https://solvemymedia.com/ro/converti-video,"Convertiți formate video - Convertor video online gratuit - SolveMyMedia
SolveMyMedia - Free Online Media Optimization Tools",text/html; charset=utf-8,false,200,0,1,https://solvemymedia.com/ro/,308,1,,,0
21,https://solvemymedia.com/pl/utworz-gifa,"Kreator wideo do GIF - Konwertuj wideo na animowany GIF - SolveMyMedia
SolveMyMedia - Free Online Media Optimization Tools",text/html; charset=utf-8,false,200,0,1,https://solvemymedia.com/pl/,308,1,,,0
21,https://solvemymedia.com/fi/mykistaa-videon,"Mykistä video verkossa - Poista ääni videosta - SolveMyMedia
SolveMyMedia - Free Online Media Optimization Tools",text/html; charset=utf-8,false,200,0,1,https://solvemymedia.com/fi/,308,1,,,0
21,https://solvemymedia.com/de/video-zuschneiden,"Video online zuschneiden – kostenloses Tool zum Zuschneiden von Videos - SolveMyMedia
SolveMyMedia - Free Online Media Optimization Tools",text/html; charset=utf-8,false,200,0,0,https://solvemymedia.com/de/,308,1,,,0
21,https://solvemymedia.com/ru/otklyuchit-video,"Отключить звук онлайн - удалить звук из видео - SolveMyMedia
SolveMyMedia - Free Online Media Optimization Tools",text/html; charset=utf-8,false,200,0,1,https://solvemymedia.com/ru/,308,1,,,0
21,https://solvemymedia.com/el/sympiesi-ihoy,"Compress Audio Online - Δωρεάν Audio Compressor - SolveMyMedia
SolveMyMedia - Free Online Media Optimization Tools",text/html; charset=utf-8,false,200,0,1,https://solvemymedia.com/el/,308,1,,,0
21,https://solvemymedia.com/ar/sraa-lfydyw,"تغيير سرعة الفيديو - محرر فيديو سريع وبطيء الحركة - SolveMyMedia
SolveMyMedia - Free Online Media Optimization Tools",text/html; charset=utf-8,false,200,0,1,https://solvemymedia.com/ar/,308,1,,,0
21,https://solvemymedia.com/no/konvertere-lyd,"Konverter lydformater - Gratis online lydkonvertering - SolveMyMedia
SolveMyMedia - Free Online Media Optimization Tools",text/html; charset=utf-8,false,200,0,0,https://solvemymedia.com/no/,308,1,,,0
21,https://solvemymedia.com/id/membuat-gif,"Pembuat Video ke GIF - Konversi Video ke GIF Animasi - SolveMyMedia
SolveMyMedia - Free Online Media Optimization Tools",text/html; charset=utf-8,false,200,0,0,https://solvemymedia.com/id/,308,1,,,0
21,https://solvemymedia.com/pt/video-para-audio,"Extraia áudio de vídeo - Conversor de vídeo para MP3 - SolveMyMedia
SolveMyMedia - Free Online Media Optimization Tools",text/html; charset=utf-8,false,200,0,0,https://solvemymedia.com/pt/,308,1,,,0
21,https://solvemymedia.com/ja/bideokaraodeiohe,"ビデオからオーディオを抽出 - ビデオから MP3 コンバーター - SolveMyMedia
SolveMyMedia - Free Online Media Optimization Tools",text/html; charset=utf-8,false,200,0,0,https://solvemymedia.com/ja/,308,1,,,0
21,https://solvemymedia.com/el/ydatografima-vinteo,"Προσθήκη υδατογραφήματος στο βίντεο - Προστατέψτε τα πολυμέσα σας - SolveMyMedia
SolveMyMedia - Free Online Media Optimization Tools",text/html; charset=utf-8,false,200,0,1,https://solvemymedia.com/el/,308,1,,,0
21,https://solvemymedia.com/el/metatropi-ihoy,"Μετατροπή μορφών ήχου - Δωρεάν διαδικτυακός μετατροπέας ήχου - SolveMyMedia
SolveMyMedia - Free Online Media Optimization Tools",text/html; charset=utf-8,false,200,0,1,https://solvemymedia.com/el/,308,1,,,0
21,https://solvemymedia.com/ko/bidio-jareugi,"온라인으로 비디오 자르기 - 무료 비디오 자르기 도구 - SolveMyMedia
SolveMyMedia - Free Online Media Optimization Tools",text/html; charset=utf-8,false,200,0,1,https://solvemymedia.com/ko/,308,1,,,0
21,https://solvemymedia.com/th/khrbtadwidiio,"ครอบตัดวิดีโอออนไลน์ - เครื่องมือครอบตัดวิดีโอฟรี - SolveMyMedia
SolveMyMedia - Free Online Media Optimization Tools",text/html; charset=utf-8,false,200,0,1,https://solvemymedia.com/th/,308,1,,,0
21,https://solvemymedia.com/nl/video-converteren,"Videoformaten converteren - Gratis online video-omzetter - SolveMyMedia
SolveMyMedia - Free Online Media Optimization Tools",text/html; charset=utf-8,false,200,0,0,https://solvemymedia.com/nl/,308,1,,,0
21,https://solvemymedia.com/es/crear-gif,"Creador de vídeo a GIF: convierte vídeo a GIF animado - SolveMyMedia
SolveMyMedia - Free Online Media Optimization Tools",text/html; charset=utf-8,false,200,0,0,https://solvemymedia.com/es/,308,1,,,0
21,https://solvemymedia.com/uk/transkribuvati,"Транскрипція аудіо та відео - ШІ-мовлення в текст - SolveMyMedia
SolveMyMedia - Free Online Media Optimization Tools",text/html; charset=utf-8,false,200,0,1,https://solvemymedia.com/uk/,308,1,,,0
21,https://solvemymedia.com/fr/convertir-une-video,"Convertir les formats vidéo - Convertisseur vidéo en ligne gratuit - SolveMyMedia
SolveMyMedia - Free Online Media Optimization Tools",text/html; charset=utf-8,false,200,0,0,https://solvemymedia.com/fr/,308,1,,,0
21,https://solvemymedia.com/pt/video-de-marca-dagua,"Adicione marca d'água ao vídeo - proteja sua mídia - SolveMyMedia
SolveMyMedia - Free Online Media Optimization Tools",text/html; charset=utf-8,false,200,0,1,https://solvemymedia.com/pt/,308,1,,,0
21,https://solvemymedia.com/es/convertir-audio,"Convertir formatos de audio - Convertidor de audio en línea gratuito - SolveMyMedia
SolveMyMedia - Free Online Media Optimization Tools",text/html; charset=utf-8,false,200,0,0,https://solvemymedia.com/es/,308,1,,,0
21,https://solvemymedia.com/no/video-til-lyd,"Trekk ut lyd fra video - Video til MP3 Converter - SolveMyMedia
SolveMyMedia - Free Online Media Optimization Tools",text/html; charset=utf-8,false,200,0,0,https://solvemymedia.com/no/,308,1,,,0
21,https://solvemymedia.com/it/ritagliare-il-video,"Ritaglia video online: strumento gratuito per ritagliare video - SolveMyMedia
SolveMyMedia - Free Online Media Optimization Tools",text/html; charset=utf-8,false,200,0,1,https://solvemymedia.com/it/,308,1,,,0
21,https://solvemymedia.com/es/comprimir-audio,"Comprimir audio en línea - Compresor de audio gratuito - SolveMyMedia
SolveMyMedia - Free Online Media Optimization Tools",text/html; charset=utf-8,false,200,0,0,https://solvemymedia.com/es/,308,1,,,0
21,https://solvemymedia.com/th/khwaamerwwidiio,"เปลี่ยนความเร็ววิดีโอ - โปรแกรมตัดต่อวิดีโอเร็วและช้า - SolveMyMedia
SolveMyMedia - Free Online Media Optimization Tools",text/html; charset=utf-8,false,200,0,1,https://solvemymedia.com/th/,308,1,,,0
21,https://solvemymedia.com/fi/aani-toimii,"Yhdistä äänitiedostoja - ilmainen äänipuuseppä - SolveMyMedia
SolveMyMedia - Free Online Media Optimization Tools",text/html; charset=utf-8,false,200,0,1,https://solvemymedia.com/fi/,308,1,,,0
21,https://solvemymedia.com/it/video-in-audio,"Estrai audio da video - Convertitore da video a MP3 - SolveMyMedia
SolveMyMedia - Free Online Media Optimization Tools",text/html; charset=utf-8,false,200,0,0,https://solvemymedia.com/it/,308,1,,,0
21,https://solvemymedia.com/hu/tomoriti-a-hangot,"Audio tömörítése online - Ingyenes hangkompresszor - SolveMyMedia
SolveMyMedia - Free Online Media Optimization Tools",text/html; charset=utf-8,false,200,0,1,https://solvemymedia.com/hu/,308,1,,,0
21,https://solvemymedia.com/el/antigrafo,"Μεταγραφή ήχου και βίντεο - AI Ομιλία σε κείμενο - SolveMyMedia
SolveMyMedia - Free Online Media Optimization Tools",text/html; charset=utf-8,false,200,0,1,https://solvemymedia.com/el/,308,1,,,0
21,https://solvemymedia.com/da/daempe-video,"Slå video fra online - Fjern lyd fra video - SolveMyMedia
SolveMyMedia - Free Online Media Optimization Tools",text/html; charset=utf-8,false,200,0,1,https://solvemymedia.com/da/,308,1,,,0
21,https://solvemymedia.com/fr/compresser-la-video,"Compresser une vidéo en ligne - Compresseur vidéo sécurisé gratuit - SolveMyMedia
SolveMyMedia - Free Online Media Optimization Tools",text/html; charset=utf-8,false,200,0,0,https://solvemymedia.com/fr/,308,1,,,0
21,https://solvemymedia.com/sv/komprimera-video,"Komprimera video online - Gratis säker videokompressor - SolveMyMedia
SolveMyMedia - Free Online Media Optimization Tools",text/html; charset=utf-8,false,200,0,0,https://solvemymedia.com/sv/,308,1,,,0
21,https://solvemymedia.com/vi/hinh-mo-video,"Thêm hình mờ vào video - Bảo vệ phương tiện của bạn - SolveMyMedia
SolveMyMedia - Free Online Media Optimization Tools",text/html; charset=utf-8,false,200,0,1,https://solvemymedia.com/vi/,308,1,,,0
21,https://solvemymedia.com/pl/kompresowac-wideo,"Kompresuj wideo online — bezpłatny, bezpieczny kompresor wideo - SolveMyMedia
SolveMyMedia - Free Online Media Optimization Tools",text/html; charset=utf-8,false,200,0,1,https://solvemymedia.com/pl/,308,1,,,0
21,https://solvemymedia.com/no/lyd-fungerer,"Slå sammen lydfiler - Gratis lydsnekker - SolveMyMedia
SolveMyMedia - Free Online Media Optimization Tools",text/html; charset=utf-8,false,200,0,1,https://solvemymedia.com/no/,308,1,,,0
21,https://solvemymedia.com/no/komprimere-video,"Komprimer video på nett - Gratis sikker videokompressor - SolveMyMedia
SolveMyMedia - Free Online Media Optimization Tools",text/html; charset=utf-8,false,200,0,0,https://solvemymedia.com/no/,308,1,,,0
21,https://solvemymedia.com/ar/thwyl-lfydyw,"تحويل صيغ الفيديو - محول الفيديو المجاني على الإنترنت - SolveMyMedia
SolveMyMedia - Free Online Media Optimization Tools",text/html; charset=utf-8,false,200,0,1,https://solvemymedia.com/ar/,308,1,,,0
21,https://solvemymedia.com/pl/dziala-dzwiek,"Scal pliki audio - darmowy program do łączenia plików audio - SolveMyMedia
SolveMyMedia - Free Online Media Optimization Tools",text/html; charset=utf-8,false,200,0,1,https://solvemymedia.com/pl/,308,1,,,0
21,https://solvemymedia.com/pl/wyciszenie-wideo,"Wycisz wideo online — usuń dźwięk z wideo - SolveMyMedia
SolveMyMedia - Free Online Media Optimization Tools",text/html; charset=utf-8,false,200,0,1,https://solvemymedia.com/pl/,308,1,,,0
21,https://solvemymedia.com/hu,"SolveMyMedia | Minden médiaeszköz egy helyen
SolveMyMedia - Free Online Media Optimization Tools",text/html; charset=utf-8,false,200,0,0,https://solvemymedia.com/hu/,308,1,,,0
21,https://solvemymedia.com/ko/yeongsang-eumsogeo,"온라인 비디오 음소거 - 비디오에서 오디오 제거 - SolveMyMedia
SolveMyMedia - Free Online Media Optimization Tools",text/html; charset=utf-8,false,200,0,1,https://solvemymedia.com/ko/,308,1,,,0
21,https://solvemymedia.com/el/dimioyrgia-gif,"Βίντεο σε Δημιουργός GIF - Μετατροπή βίντεο σε κινούμενο GIF - SolveMyMedia
SolveMyMedia - Free Online Media Optimization Tools",text/html; charset=utf-8,false,200,0,0,https://solvemymedia.com/el/,308,1,,,0
21,https://solvemymedia.com/da/lyd-virker,"Flet lydfiler - Gratis lydsnedker - SolveMyMedia
SolveMyMedia - Free Online Media Optimization Tools",text/html; charset=utf-8,false,200,0,1,https://solvemymedia.com/da/,308,1,,,0
21,https://solvemymedia.com/de/audio-komprimieren,"Audio online komprimieren – kostenloser Audiokompressor - SolveMyMedia
SolveMyMedia - Free Online Media Optimization Tools",text/html; charset=utf-8,false,200,0,0,https://solvemymedia.com/de/,308,1,,,0
21,https://solvemymedia.com/vi/chep-lai,"Phiên âm âm thanh & video - AI chuyển lời nói thành văn bản - SolveMyMedia
SolveMyMedia - Free Online Media Optimization Tools",text/html; charset=utf-8,false,200,0,1,https://solvemymedia.com/vi/,308,1,,,0
21,https://solvemymedia.com/hi/gif-bnaaen,"वीडियो से GIF मेकर - वीडियो को एनिमेटेड GIF में बदलें - SolveMyMedia
SolveMyMedia - Free Online Media Optimization Tools",text/html; charset=utf-8,false,200,0,1,https://solvemymedia.com/hi/,308,1,,,0
21,https://solvemymedia.com/es/convertir-video,"Convertir formatos de vídeo - Convertidor de vídeo en línea gratuito - SolveMyMedia
SolveMyMedia - Free Online Media Optimization Tools",text/html; charset=utf-8,false,200,0,0,https://solvemymedia.com/es/,308,1,,,0
21,https://solvemymedia.com/it,"SolveMyMedia | Tutti gli strumenti multimediali in un unico posto
SolveMyMedia - Free Online Media Optimization Tools",text/html; charset=utf-8,false,200,0,0,https://solvemymedia.com/it/,308,1,,,0
21,https://solvemymedia.com/ms/video-tera-air,"Tambahkan Tera Air pada Video - Lindungi Media Anda - SolveMyMedia
SolveMyMedia - Free Online Media Optimization Tools",text/html; charset=utf-8,false,200,0,1,https://solvemymedia.com/ms/,308,1,,,0
21,https://solvemymedia.com/it/video-muto,"Disattiva l'audio del video online: rimuovi l'audio dal video - SolveMyMedia
SolveMyMedia - Free Online Media Optimization Tools",text/html; charset=utf-8,false,200,0,1,https://solvemymedia.com/it/,308,1,,,0
21,https://solvemymedia.com/ar/lfydyw-l-lswt,"استخراج الصوت من الفيديو - فيديو لتحويل MP3 - SolveMyMedia
SolveMyMedia - Free Online Media Optimization Tools",text/html; charset=utf-8,false,200,0,1,https://solvemymedia.com/ar/,308,1,,,0
21,https://solvemymedia.com/ja,"SolveMyMedia | すべてのメディア ツールを 1 か所に
SolveMyMedia - Free Online Media Optimization Tools",text/html; charset=utf-8,false,200,0,0,https://solvemymedia.com/ja/,308,1,,,0
21,https://solvemymedia.com/ru/szhimat-audio,"Сжатие аудио онлайн — бесплатный аудиокомпрессор - SolveMyMedia
SolveMyMedia - Free Online Media Optimization Tools",text/html; charset=utf-8,false,200,0,1,https://solvemymedia.com/ru/,308,1,,,0
21,https://solvemymedia.com/it/convertire-video,"Converti formati video: convertitore video online gratuito - SolveMyMedia
SolveMyMedia - Free Online Media Optimization Tools",text/html; charset=utf-8,false,200,0,1,https://solvemymedia.com/it/,308,1,,,0
21,https://solvemymedia.com/no,"SolveMyMedia | Alle medieverktøy på ett sted
SolveMyMedia - Free Online Media Optimization Tools",text/html; charset=utf-8,false,200,0,0,https://solvemymedia.com/no/,308,1,,,0
21,https://solvemymedia.com/el/mihanima-eggrafis,"Screen & Audio Recorder - Δωρεάν εγγραφή στο Studio - SolveMyMedia
SolveMyMedia - Free Online Media Optimization Tools",text/html; charset=utf-8,false,200,0,1,https://solvemymedia.com/el/,308,1,,,0
21,https://solvemymedia.com/es/recortar-video,"Recortar videos en línea: herramienta gratuita para recortar videos - SolveMyMedia
SolveMyMedia - Free Online Media Optimization Tools",text/html; charset=utf-8,false,200,0,0,https://solvemymedia.com/es/,308,1,,,0
21,https://solvemymedia.com/th/widiiolaaynam,"เพิ่มลายน้ำให้กับวิดีโอ - ปกป้องสื่อของคุณ - SolveMyMedia
SolveMyMedia - Free Online Media Optimization Tools",text/html; charset=utf-8,false,200,0,1,https://solvemymedia.com/th/,308,1,,,0
21,https://solvemymedia.com/el/tahytita-vinteo,"Αλλαγή ταχύτητας βίντεο - Πρόγραμμα επεξεργασίας βίντεο γρήγορης και αργής κίνησης - SolveMyMedia
SolveMyMedia - Free Online Media Optimization Tools",text/html; charset=utf-8,false,200,0,1,https://solvemymedia.com/el/,308,1,,,0
21,https://solvemymedia.com/da/konvertere-video,"Konverter videoformater - Gratis online videokonverter - SolveMyMedia
SolveMyMedia - Free Online Media Optimization Tools",text/html; charset=utf-8,false,200,0,1,https://solvemymedia.com/da/,308,1,,,0
21,https://solvemymedia.com/el/metatropi-vinteo,"Μετατροπή μορφών βίντεο - Δωρεάν διαδικτυακός μετατροπέας βίντεο - SolveMyMedia
SolveMyMedia - Free Online Media Optimization Tools",text/html; charset=utf-8,false,200,0,1,https://solvemymedia.com/el/,308,1,,,0
21,https://solvemymedia.com/hu/vizjel-video,"Vízjel hozzáadása a videóhoz – Védje meg médiáját - SolveMyMedia
SolveMyMedia - Free Online Media Optimization Tools",text/html; charset=utf-8,false,200,0,1,https://solvemymedia.com/hu/,308,1,,,0
21,https://solvemymedia.com/tr/ses-isleri,"Ses Dosyalarını Birleştir - Ücretsiz Ses Birleştirici - SolveMyMedia
SolveMyMedia - Free Online Media Optimization Tools",text/html; charset=utf-8,false,200,0,1,https://solvemymedia.com/tr/,308,1,,,0
21,https://solvemymedia.com/id,"SolveMyMedia | Semua Alat Media di Satu Tempat
SolveMyMedia - Free Online Media Optimization Tools",text/html; charset=utf-8,false,200,0,0,https://solvemymedia.com/id/,308,1,,,0
21,https://solvemymedia.com/hi/viiddiyo-snpiiddit-kren,"ऑनलाइन वीडियो कंप्रेस करें - निःशुल्क सुरक्षित वीडियो कंप्रेसर - SolveMyMedia
SolveMyMedia - Free Online Media Optimization Tools",text/html; charset=utf-8,false,200,0,1,https://solvemymedia.com/hi/,308,1,,,0
21,https://solvemymedia.com/de/video-konvertieren,"Videoformate konvertieren – Kostenloser Online-Videokonverter - SolveMyMedia
SolveMyMedia - Free Online Media Optimization Tools",text/html; charset=utf-8,false,200,0,0,https://solvemymedia.com/de/,308,1,,,0
21,https://solvemymedia.com/ar/fydyw-lmhsyl,"قص الفيديو عبر الإنترنت - أداة قص الفيديو المجانية - SolveMyMedia
SolveMyMedia - Free Online Media Optimization Tools",text/html; charset=utf-8,false,200,0,1,https://solvemymedia.com/ar/,308,1,,,0
21,https://solvemymedia.com/sv/konvertera-ljud,"Konvertera ljudformat - Gratis Online Audio Converter - SolveMyMedia
SolveMyMedia - Free Online Media Optimization Tools",text/html; charset=utf-8,false,200,0,0,https://solvemymedia.com/sv/,308,1,,,0
21,https://solvemymedia.com/da/beskaer-video,"Beskær video online - Gratis videobeskæringsværktøj - SolveMyMedia
SolveMyMedia - Free Online Media Optimization Tools",text/html; charset=utf-8,false,200,0,1,https://solvemymedia.com/da/,308,1,,,0
21,https://solvemymedia.com/ja/bideowokurotupusuru,"オンラインでビデオをクロップ - 無料のビデオクロッパーツール - SolveMyMedia
SolveMyMedia - Free Online Media Optimization Tools",text/html; charset=utf-8,false,200,0,0,https://solvemymedia.com/ja/,308,1,,,0
21,https://solvemymedia.com/vi/am-thanh-hoat-dong,"Hợp nhất các tập tin âm thanh - Trình nối âm thanh miễn phí - SolveMyMedia
SolveMyMedia - Free Online Media Optimization Tools",text/html; charset=utf-8,false,200,0,1,https://solvemymedia.com/vi/,308,1,,,0
21,https://solvemymedia.com/nl/opnameapparaat,"Scherm- en audiorecorder - Gratis studio-opname - SolveMyMedia
SolveMyMedia - Free Online Media Optimization Tools",text/html; charset=utf-8,false,200,0,1,https://solvemymedia.com/nl/,308,1,,,0
21,https://solvemymedia.com/ru/obrezat-video,"Обрезать видео онлайн — бесплатный инструмент для обрезки видео - SolveMyMedia
SolveMyMedia - Free Online Media Optimization Tools",text/html; charset=utf-8,false,200,0,0,https://solvemymedia.com/ru/,308,1,,,0
21,https://solvemymedia.com/fi/luo-gif,"Video GIF Maker -muunna video animoiduksi GIF-muotoon - SolveMyMedia
SolveMyMedia - Free Online Media Optimization Tools",text/html; charset=utf-8,false,200,0,0,https://solvemymedia.com/fi/,308,1,,,0
21,https://solvemymedia.com/vi/video-thanh-am-thanh,"Trích xuất âm thanh từ video - Chuyển đổi video sang MP3 - SolveMyMedia
SolveMyMedia - Free Online Media Optimization Tools",text/html; charset=utf-8,false,200,0,1,https://solvemymedia.com/vi/,308,1,,,0
21,https://solvemymedia.com/cs/prevest-zvuk,"Převod audio formátů – bezplatný online audio převodník - SolveMyMedia
SolveMyMedia - Free Online Media Optimization Tools",text/html; charset=utf-8,false,200,0,1,https://solvemymedia.com/cs/,308,1,,,0
21,https://solvemymedia.com/de/video-zu-audio,"Audio aus Video extrahieren – Video-zu-MP3-Konverter - SolveMyMedia
SolveMyMedia - Free Online Media Optimization Tools",text/html; charset=utf-8,false,200,0,0,https://solvemymedia.com/de/,308,1,,,0
21,https://solvemymedia.com/sv/skapa-gif,"Video to GIF Maker - Konvertera video till animerad GIF - SolveMyMedia
SolveMyMedia - Free Online Media Optimization Tools",text/html; charset=utf-8,false,200,0,0,https://solvemymedia.com/sv/,308,1,,,0
21,https://solvemymedia.com/zh/shui-yin-shi-pin,"为视频添加水印 - 保护您的媒体 - SolveMyMedia
SolveMyMedia - Free Online Media Optimization Tools",text/html; charset=utf-8,false,200,0,1,https://solvemymedia.com/zh/,308,1,,,0
21,https://solvemymedia.com/da/konvertere-lyd,"Konverter lydformater - Gratis online lydkonverter - SolveMyMedia
SolveMyMedia - Free Online Media Optimization Tools",text/html; charset=utf-8,false,200,0,1,https://solvemymedia.com/da/,308,1,,,0
21,https://solvemymedia.com/cs/video-s-vodoznakem,"Přidat vodoznak do videa – Chraňte svá média - SolveMyMedia
SolveMyMedia - Free Online Media Optimization Tools",text/html; charset=utf-8,false,200,0,1,https://solvemymedia.com/cs/,308,1,,,0
21,https://solvemymedia.com/uk/stvoriti-gif,"Video to GIF Maker - конвертуйте відео в анімований GIF - SolveMyMedia
SolveMyMedia - Free Online Media Optimization Tools",text/html; charset=utf-8,false,200,0,0,https://solvemymedia.com/uk/,308,1,,,0
21,https://solvemymedia.com/cs/rychlost-videa,"Změna rychlosti videa – rychlý a zpomalený video editor - SolveMyMedia
SolveMyMedia - Free Online Media Optimization Tools",text/html; charset=utf-8,false,200,0,0,https://solvemymedia.com/cs/,308,1,,,0
21,https://solvemymedia.com/fi/videosta-aaneksi,"Pura ääni videosta - Video MP3 Converter - SolveMyMedia
SolveMyMedia - Free Online Media Optimization Tools",text/html; charset=utf-8,false,200,0,1,https://solvemymedia.com/fi/,308,1,,,0
21,https://solvemymedia.com/ro/video-in-audio,"Extrage audio din video - Convertor video în MP3 - SolveMyMedia
SolveMyMedia - Free Online Media Optimization Tools",text/html; charset=utf-8,false,200,0,1,https://solvemymedia.com/ro/,308,1,,,0
21,https://solvemymedia.com/no/dempe-video,"Demp video på nettet - Fjern lyd fra video - SolveMyMedia
SolveMyMedia - Free Online Media Optimization Tools",text/html; charset=utf-8,false,200,0,1,https://solvemymedia.com/no/,308,1,,,0
21,https://solvemymedia.com/el,"SolveMyMedia | Όλα τα εργαλεία πολυμέσων σε ένα μέρος
SolveMyMedia - Free Online Media Optimization Tools",text/html; charset=utf-8,false,200,0,0,https://solvemymedia.com/el/,308,1,,,0
21,https://solvemymedia.com/sv/beskara-video,"Crop Video Online - Gratis Video Cropper Tool - SolveMyMedia
SolveMyMedia - Free Online Media Optimization Tools",text/html; charset=utf-8,false,200,0,0,https://solvemymedia.com/sv/,308,1,,,0
21,https://solvemymedia.com/nl/audio-comprimeren,"Audio online comprimeren - Gratis audiocompressor - SolveMyMedia
SolveMyMedia - Free Online Media Optimization Tools",text/html; charset=utf-8,false,200,0,0,https://solvemymedia.com/nl/,308,1,,,0
21,https://solvemymedia.com/nl/video-bijsnijden,"Video online bijsnijden - Gratis tool voor het bijsnijden van video's - SolveMyMedia
SolveMyMedia - Free Online Media Optimization Tools",text/html; charset=utf-8,false,200,0,0,https://solvemymedia.com/nl/,308,1,,,0
21,https://solvemymedia.com/sv/video-till-ljud,"Extrahera ljud från video - Video till MP3 Converter - SolveMyMedia
SolveMyMedia - Free Online Media Optimization Tools",text/html; charset=utf-8,false,200,0,0,https://solvemymedia.com/sv/,308,1,,,0
21,https://solvemymedia.com/fi/tallennin,"Näytön ja äänen tallennin - ilmainen studiotallennus - SolveMyMedia
SolveMyMedia - Free Online Media Optimization Tools",text/html; charset=utf-8,false,200,0,1,https://solvemymedia.com/fi/,308,1,,,0
21,https://solvemymedia.com/no/transkribere,"Lyd- og videotranskripsjon - AI tale til tekst - SolveMyMedia
SolveMyMedia - Free Online Media Optimization Tools",text/html; charset=utf-8,false,200,0,1,https://solvemymedia.com/no/,308,1,,,0
21,https://solvemymedia.com/ar/nsh-swr-mthrk,"Video to GIF Maker - تحويل الفيديو إلى GIF المتحركة - SolveMyMedia
SolveMyMedia - Free Online Media Optimization Tools",text/html; charset=utf-8,false,200,0,1,https://solvemymedia.com/ar/,308,1,,,0
