PR,URL,Title,Content type,Is rendered page,HTTP status code,Organic traffic,Is in sitemap,Referenced in sitemaps,No. of all inlinks
2,https://solvemymedia.com/mp4-to-gif,,text/plain; charset=utf-8,false,404,0,true,https://solvemymedia.com/sitemap.xml,58
2,https://solvemymedia.com/sk/zaznamnik,,text/plain; charset=utf-8,false,404,0,true,https://solvemymedia.com/sitemap.xml,45
2,https://solvemymedia.com/resize-video-for-tiktok,,text/plain; charset=utf-8,false,404,0,true,https://solvemymedia.com/sitemap.xml,58
2,https://solvemymedia.com/add-watermark-to-mp4,,text/plain; charset=utf-8,false,404,0,true,https://solvemymedia.com/sitemap.xml,58
2,https://solvemymedia.com/m4a-to-mp3,,text/plain; charset=utf-8,false,404,0,true,https://solvemymedia.com/sitemap.xml,58
2,https://solvemymedia.com/audio-recorder,,text/plain; charset=utf-8,false,404,0,true,https://solvemymedia.com/sitemap.xml,58
2,https://solvemymedia.com/compress-mp3,,text/plain; charset=utf-8,false,404,0,true,https://solvemymedia.com/sitemap.xml,58
2,https://solvemymedia.com/compress-wav,,text/plain; charset=utf-8,false,404,0,true,https://solvemymedia.com/sitemap.xml,58
2,https://solvemymedia.com/crop-mp4,,text/plain; charset=utf-8,false,404,0,true,https://solvemymedia.com/sitemap.xml,58
2,https://solvemymedia.com/mov-to-mp4,,text/plain; charset=utf-8,false,404,0,true,https://solvemymedia.com/sitemap.xml,58
2,https://solvemymedia.com/mov-to-gif,,text/plain; charset=utf-8,false,404,0,true,https://solvemymedia.com/sitemap.xml,58
2,https://solvemymedia.com/remove-audio-from-video,,text/plain; charset=utf-8,false,404,0,true,https://solvemymedia.com/sitemap.xml,58
2,https://solvemymedia.com/screen-recorder,,text/plain; charset=utf-8,false,404,0,true,https://solvemymedia.com/sitemap.xml,58
2,https://solvemymedia.com/transcribe-mp4,,text/plain; charset=utf-8,false,404,0,true,https://solvemymedia.com/sitemap.xml,58
2,https://solvemymedia.com/avi-to-mp4,,text/plain; charset=utf-8,false,404,0,true,https://solvemymedia.com/sitemap.xml,58
2,https://solvemymedia.com/merge-mp3,,text/plain; charset=utf-8,false,404,0,true,https://solvemymedia.com/sitemap.xml,58
2,https://solvemymedia.com/speed-up-mp4,,text/plain; charset=utf-8,false,404,0,true,https://solvemymedia.com/sitemap.xml,58
2,https://solvemymedia.com/wav-to-mp3,,text/plain; charset=utf-8,false,404,0,true,https://solvemymedia.com/sitemap.xml,58
2,https://solvemymedia.com/compress-mp4,,text/plain; charset=utf-8,false,404,0,true,https://solvemymedia.com/sitemap.xml,58
2,https://solvemymedia.com/mute-mp4,,text/plain; charset=utf-8,false,404,0,true,https://solvemymedia.com/sitemap.xml,58
2,https://solvemymedia.com/flac-to-mp3,,text/plain; charset=utf-8,false,404,0,true,https://solvemymedia.com/sitemap.xml,58
2,https://solvemymedia.com/mkv-to-mp4,,text/plain; charset=utf-8,false,404,0,true,https://solvemymedia.com/sitemap.xml,58
2,https://solvemymedia.com/transcribe-mp3,,text/plain; charset=utf-8,false,404,0,true,https://solvemymedia.com/sitemap.xml,58
2,https://solvemymedia.com/slow-down-mp4,,text/plain; charset=utf-8,false,404,0,true,https://solvemymedia.com/sitemap.xml,58
2,https://solvemymedia.com/webm-to-mp4,,text/plain; charset=utf-8,false,404,0,true,https://solvemymedia.com/sitemap.xml,58
2,https://solvemymedia.com/ogg-to-mp3,,text/plain; charset=utf-8,false,404,0,true,https://solvemymedia.com/sitemap.xml,58
2,https://solvemymedia.com/sk/stlmit-video,,text/plain; charset=utf-8,false,404,0,true,https://solvemymedia.com/sitemap.xml,46
2,https://solvemymedia.com/compress-mov,,text/plain; charset=utf-8,false,404,0,true,https://solvemymedia.com/sitemap.xml,58
2,https://solvemymedia.com/join-audio-files,,text/plain; charset=utf-8,false,404,0,true,https://solvemymedia.com/sitemap.xml,58
2,https://solvemymedia.com/mp4-to-mp3,,text/plain; charset=utf-8,false,404,0,true,https://solvemymedia.com/sitemap.xml,58
2,https://solvemymedia.com/compress-webm,,text/plain; charset=utf-8,false,404,0,true,https://solvemymedia.com/sitemap.xml,58
1,https://solvemymedia.com/el/video-se-audio,,text/plain; charset=utf-8,false,404,0,true,https://solvemymedia.com/sitemap.xml,29
1,https://solvemymedia.com/sk/supported-languages,,text/plain; charset=utf-8,false,404,0,true,https://solvemymedia.com/sitemap.xml,29
1,https://solvemymedia.com/uk/mov-to-gif,,text/plain; charset=utf-8,false,404,0,true,https://solvemymedia.com/sitemap.xml,29
1,https://solvemymedia.com/pl/slow-down-mp4,,text/plain; charset=utf-8,false,404,0,true,https://solvemymedia.com/sitemap.xml,29
1,https://solvemymedia.com/hi/compress-mp4,,text/plain; charset=utf-8,false,404,0,true,https://solvemymedia.com/sitemap.xml,29
1,https://solvemymedia.com/fr/webm-to-mp4,,text/plain; charset=utf-8,false,404,0,true,https://solvemymedia.com/sitemap.xml,29
1,https://solvemymedia.com/sv/slow-down-mp4,,text/plain; charset=utf-8,false,404,0,true,https://solvemymedia.com/sitemap.xml,29
1,https://solvemymedia.com/no/mov-to-mp4,,text/plain; charset=utf-8,false,404,0,true,https://solvemymedia.com/sitemap.xml,29
1,https://solvemymedia.com/th/compress-mp4,,text/plain; charset=utf-8,false,404,0,true,https://solvemymedia.com/sitemap.xml,29
1,https://solvemymedia.com/es/slow-down-mp4,,text/plain; charset=utf-8,false,404,0,true,https://solvemymedia.com/sitemap.xml,29
1,https://solvemymedia.com/cs/avi-to-mp4,,text/plain; charset=utf-8,false,404,0,true,https://solvemymedia.com/sitemap.xml,29
1,https://solvemymedia.com/hi/m4a-to-mp3,,text/plain; charset=utf-8,false,404,0,true,https://solvemymedia.com/sitemap.xml,29
1,https://solvemymedia.com/ko/compress-mov,,text/plain; charset=utf-8,false,404,0,true,https://solvemymedia.com/sitemap.xml,29
1,https://solvemymedia.com/ru/flac-to-mp3,,text/plain; charset=utf-8,false,404,0,true,https://solvemymedia.com/sitemap.xml,29
1,https://solvemymedia.com/sk/compress-mp3,,text/plain; charset=utf-8,false,404,0,true,https://solvemymedia.com/sitemap.xml,29
1,https://solvemymedia.com/ko/mp4-to-mp3,,text/plain; charset=utf-8,false,404,0,true,https://solvemymedia.com/sitemap.xml,29
1,https://solvemymedia.com/zh/he-bing-yin-pin,,text/plain; charset=utf-8,false,404,0,true,https://solvemymedia.com/sitemap.xml,29
1,https://solvemymedia.com/tr/video-sessiz,,text/plain; charset=utf-8,false,404,0,true,https://solvemymedia.com/sitemap.xml,29
1,https://solvemymedia.com/cs/flac-to-mp3,,text/plain; charset=utf-8,false,404,0,true,https://solvemymedia.com/sitemap.xml,29
1,https://solvemymedia.com/id/crop-mp4,,text/plain; charset=utf-8,false,404,0,true,https://solvemymedia.com/sitemap.xml,29
1,https://solvemymedia.com/uk/avi-to-mp4,,text/plain; charset=utf-8,false,404,0,true,https://solvemymedia.com/sitemap.xml,29
1,https://solvemymedia.com/tr/video-kirp,,text/plain; charset=utf-8,false,404,0,true,https://solvemymedia.com/sitemap.xml,29
1,https://solvemymedia.com/ms/video-ke-audio,,text/plain; charset=utf-8,false,404,0,true,https://solvemymedia.com/sitemap.xml,29
1,https://solvemymedia.com/he/supported-languages,,text/plain; charset=utf-8,false,404,0,true,https://solvemymedia.com/sitemap.xml,29
1,https://solvemymedia.com/vi/crop-mp4,,text/plain; charset=utf-8,false,404,0,true,https://solvemymedia.com/sitemap.xml,29
1,https://solvemymedia.com/ru/compress-mp4,,text/plain; charset=utf-8,false,404,0,true,https://solvemymedia.com/sitemap.xml,29
1,https://solvemymedia.com/sv/compress-mp4,,text/plain; charset=utf-8,false,404,0,true,https://solvemymedia.com/sitemap.xml,29
1,https://solvemymedia.com/sv/mp4-to-gif,,text/plain; charset=utf-8,false,404,0,true,https://solvemymedia.com/sitemap.xml,29
1,https://solvemymedia.com/ko/avi-to-mp4,,text/plain; charset=utf-8,false,404,0,true,https://solvemymedia.com/sitemap.xml,29
1,https://solvemymedia.com/cs/compress-webm,,text/plain; charset=utf-8,false,404,0,true,https://solvemymedia.com/sitemap.xml,29
1,https://solvemymedia.com/ro/combina-audio,,text/plain; charset=utf-8,false,404,0,true,https://solvemymedia.com/sitemap.xml,29
1,https://solvemymedia.com/zh/avi-to-mp4,,text/plain; charset=utf-8,false,404,0,true,https://solvemymedia.com/sitemap.xml,29
1,https://solvemymedia.com/da/sluk-for-video,,text/plain; charset=utf-8,false,404,0,true,https://solvemymedia.com/sitemap.xml,29
1,https://solvemymedia.com/el/symnpiesost-audio,,text/plain; charset=utf-8,false,404,0,true,https://solvemymedia.com/sitemap.xml,29
1,https://solvemymedia.com/ro/video-la-audio,,text/plain; charset=utf-8,false,404,0,true,https://solvemymedia.com/sitemap.xml,29
1,https://solvemymedia.com/uk/mute-mp4,,text/plain; charset=utf-8,false,404,0,true,https://solvemymedia.com/sitemap.xml,29
1,https://solvemymedia.com/sk/wav-to-mp3,,text/plain; charset=utf-8,false,404,0,true,https://solvemymedia.com/sitemap.xml,29
1,https://solvemymedia.com/ko/mov-to-gif,,text/plain; charset=utf-8,false,404,0,true,https://solvemymedia.com/sitemap.xml,29
1,https://solvemymedia.com/da/komprimer-lyd,,text/plain; charset=utf-8,false,404,0,true,https://solvemymedia.com/sitemap.xml,29
1,https://solvemymedia.com/ru/speed-up-mp4,,text/plain; charset=utf-8,false,404,0,true,https://solvemymedia.com/sitemap.xml,29
1,https://solvemymedia.com/hi/audio-merge-kare,,text/plain; charset=utf-8,false,404,0,true,https://solvemymedia.com/sitemap.xml,29
1,https://solvemymedia.com/vi/tao-gif,,text/plain; charset=utf-8,false,404,0,true,https://solvemymedia.com/sitemap.xml,29
1,https://solvemymedia.com/uk/screen-recorder,,text/plain; charset=utf-8,false,404,0,true,https://solvemymedia.com/sitemap.xml,29
1,https://solvemymedia.com/tr/speed-up-mp4,,text/plain; charset=utf-8,false,404,0,true,https://solvemymedia.com/sitemap.xml,29
1,https://solvemymedia.com/es/wav-to-mp3,,text/plain; charset=utf-8,false,404,0,true,https://solvemymedia.com/sitemap.xml,29
1,https://solvemymedia.com/sk/flac-to-mp3,,text/plain; charset=utf-8,false,404,0,true,https://solvemymedia.com/sitemap.xml,29
1,https://solvemymedia.com/ms/webm-to-mp4,,text/plain; charset=utf-8,false,404,0,true,https://solvemymedia.com/sitemap.xml,29
1,https://solvemymedia.com/no/resize-video-for-tiktok,,text/plain; charset=utf-8,false,404,0,true,https://solvemymedia.com/sitemap.xml,29
1,https://solvemymedia.com/uk/flac-to-mp3,,text/plain; charset=utf-8,false,404,0,true,https://solvemymedia.com/sitemap.xml,29
1,https://solvemymedia.com/ko/bidio-sokdo,,text/plain; charset=utf-8,false,404,0,true,https://solvemymedia.com/sitemap.xml,29
1,https://solvemymedia.com/uk/sty-snuti-video,,text/plain; charset=utf-8,false,404,0,true,https://solvemymedia.com/sitemap.xml,29
1,https://solvemymedia.com/hu/mov-to-mp4,,text/plain; charset=utf-8,false,404,0,true,https://solvemymedia.com/sitemap.xml,29
1,https://solvemymedia.com/it/unisci-audio,,text/plain; charset=utf-8,false,404,0,true,https://solvemymedia.com/sitemap.xml,29
1,https://solvemymedia.com/nl/mute-mp4,,text/plain; charset=utf-8,false,404,0,true,https://solvemymedia.com/sitemap.xml,29
1,https://solvemymedia.com/pl/m4a-to-mp3,,text/plain; charset=utf-8,false,404,0,true,https://solvemymedia.com/sitemap.xml,29
1,https://solvemymedia.com/cs/mute-mp4,,text/plain; charset=utf-8,false,404,0,true,https://solvemymedia.com/sitemap.xml,29
1,https://solvemymedia.com/it/crea-gif,,text/plain; charset=utf-8,false,404,0,true,https://solvemymedia.com/sitemap.xml,29
1,https://solvemymedia.com/fi/remove-audio-from-video,,text/plain; charset=utf-8,false,404,0,true,https://solvemymedia.com/sitemap.xml,29
1,https://solvemymedia.com/es/join-audio-files,,text/plain; charset=utf-8,false,404,0,true,https://solvemymedia.com/sitemap.xml,29
1,https://solvemymedia.com/zh/wav-to-mp3,,text/plain; charset=utf-8,false,404,0,true,https://solvemymedia.com/sitemap.xml,29
1,https://solvemymedia.com/es/ogg-to-mp3,,text/plain; charset=utf-8,false,404,0,true,https://solvemymedia.com/sitemap.xml,29
1,https://solvemymedia.com/ja/avi-to-mp4,,text/plain; charset=utf-8,false,404,0,true,https://solvemymedia.com/sitemap.xml,29
1,https://solvemymedia.com/sv/transcribe-mp4,,text/plain; charset=utf-8,false,404,0,true,https://solvemymedia.com/sitemap.xml,29
1,https://solvemymedia.com/da/mp4-to-gif,,text/plain; charset=utf-8,false,404,0,true,https://solvemymedia.com/sitemap.xml,29
1,https://solvemymedia.com/pt/compress-mp3,,text/plain; charset=utf-8,false,404,0,true,https://solvemymedia.com/sitemap.xml,29
1,https://solvemymedia.com/cs/ogg-to-mp3,,text/plain; charset=utf-8,false,404,0,true,https://solvemymedia.com/sitemap.xml,29
1,https://solvemymedia.com/no/compress-webm,,text/plain; charset=utf-8,false,404,0,true,https://solvemymedia.com/sitemap.xml,29
1,https://solvemymedia.com/hi/add-watermark-to-mp4,,text/plain; charset=utf-8,false,404,0,true,https://solvemymedia.com/sitemap.xml,29
1,https://solvemymedia.com/ar/remove-audio-from-video,,text/plain; charset=utf-8,false,404,0,true,https://solvemymedia.com/sitemap.xml,29
1,https://solvemymedia.com/hu/flac-to-mp3,,text/plain; charset=utf-8,false,404,0,true,https://solvemymedia.com/sitemap.xml,29
1,https://solvemymedia.com/ru/wav-to-mp3,,text/plain; charset=utf-8,false,404,0,true,https://solvemymedia.com/sitemap.xml,29
1,https://solvemymedia.com/ms/mp4-to-gif,,text/plain; charset=utf-8,false,404,0,true,https://solvemymedia.com/sitemap.xml,29
1,https://solvemymedia.com/id/compress-mp4,,text/plain; charset=utf-8,false,404,0,true,https://solvemymedia.com/sitemap.xml,29
1,https://solvemymedia.com/vi/them-chu-ky-video,,text/plain; charset=utf-8,false,404,0,true,https://solvemymedia.com/sitemap.xml,29
1,https://solvemymedia.com/el/avi-to-mp4,,text/plain; charset=utf-8,false,404,0,true,https://solvemymedia.com/sitemap.xml,29
1,https://solvemymedia.com/zh/mov-to-gif,,text/plain; charset=utf-8,false,404,0,true,https://solvemymedia.com/sitemap.xml,29
1,https://solvemymedia.com/ru/add-watermark-to-mp4,,text/plain; charset=utf-8,false,404,0,true,https://solvemymedia.com/sitemap.xml,29
1,https://solvemymedia.com/hi/video-crop-kare,,text/plain; charset=utf-8,false,404,0,true,https://solvemymedia.com/sitemap.xml,29
1,https://solvemymedia.com/fi/mov-to-mp4,,text/plain; charset=utf-8,false,404,0,true,https://solvemymedia.com/sitemap.xml,29
1,https://solvemymedia.com/ru/transcribe-mp3,,text/plain; charset=utf-8,false,404,0,true,https://solvemymedia.com/sitemap.xml,29
1,https://solvemymedia.com/cs/merge-mp3,,text/plain; charset=utf-8,false,404,0,true,https://solvemymedia.com/sitemap.xml,29
1,https://solvemymedia.com/pt/crop-mp4,,text/plain; charset=utf-8,false,404,0,true,https://solvemymedia.com/sitemap.xml,29
1,https://solvemymedia.com/zh/compress-mp3,,text/plain; charset=utf-8,false,404,0,true,https://solvemymedia.com/sitemap.xml,29
1,https://solvemymedia.com/ro/screen-recorder,,text/plain; charset=utf-8,false,404,0,true,https://solvemymedia.com/sitemap.xml,29
1,https://solvemymedia.com/es/webm-to-mp4,,text/plain; charset=utf-8,false,404,0,true,https://solvemymedia.com/sitemap.xml,29
1,https://solvemymedia.com/th/compress-mov,,text/plain; charset=utf-8,false,404,0,true,https://solvemymedia.com/sitemap.xml,29
1,https://solvemymedia.com/pl/polacz-audio,,text/plain; charset=utf-8,false,404,0,true,https://solvemymedia.com/sitemap.xml,29
1,https://solvemymedia.com/ja/speed-up-mp4,,text/plain; charset=utf-8,false,404,0,true,https://solvemymedia.com/sitemap.xml,29
1,https://solvemymedia.com/sv/crop-mp4,,text/plain; charset=utf-8,false,404,0,true,https://solvemymedia.com/sitemap.xml,29
1,https://solvemymedia.com/fi/litteroi,,text/plain; charset=utf-8,false,404,0,true,https://solvemymedia.com/sitemap.xml,29
1,https://solvemymedia.com/id/avi-to-mp4,,text/plain; charset=utf-8,false,404,0,true,https://solvemymedia.com/sitemap.xml,29
1,https://solvemymedia.com/ko/m4a-to-mp3,,text/plain; charset=utf-8,false,404,0,true,https://solvemymedia.com/sitemap.xml,29
1,https://solvemymedia.com/ja/compress-webm,,text/plain; charset=utf-8,false,404,0,true,https://solvemymedia.com/sitemap.xml,29
1,https://solvemymedia.com/vi/compress-mp3,,text/plain; charset=utf-8,false,404,0,true,https://solvemymedia.com/sitemap.xml,29
1,https://solvemymedia.com/uk/compress-mov,,text/plain; charset=utf-8,false,404,0,true,https://solvemymedia.com/sitemap.xml,29
1,https://solvemymedia.com/sk/m4a-to-mp3,,text/plain; charset=utf-8,false,404,0,true,https://solvemymedia.com/sitemap.xml,29
1,https://solvemymedia.com/nl/compress-mov,,text/plain; charset=utf-8,false,404,0,true,https://solvemymedia.com/sitemap.xml,29
1,https://solvemymedia.com/nl/screen-recorder,,text/plain; charset=utf-8,false,404,0,true,https://solvemymedia.com/sitemap.xml,29
1,https://solvemymedia.com/pl/transcribe-mp3,,text/plain; charset=utf-8,false,404,0,true,https://solvemymedia.com/sitemap.xml,29
1,https://solvemymedia.com/fr/compress-mp3,,text/plain; charset=utf-8,false,404,0,true,https://solvemymedia.com/sitemap.xml,29
1,https://solvemymedia.com/ja/mov-to-gif,,text/plain; charset=utf-8,false,404,0,true,https://solvemymedia.com/sitemap.xml,29
1,https://solvemymedia.com/ro/resize-video-for-tiktok,,text/plain; charset=utf-8,false,404,0,true,https://solvemymedia.com/sitemap.xml,29
1,https://solvemymedia.com/cs/screen-recorder,,text/plain; charset=utf-8,false,404,0,true,https://solvemymedia.com/sitemap.xml,29
1,https://solvemymedia.com/nl/avi-to-mp4,,text/plain; charset=utf-8,false,404,0,true,https://solvemymedia.com/sitemap.xml,29
1,https://solvemymedia.com/sv/merge-mp3,,text/plain; charset=utf-8,false,404,0,true,https://solvemymedia.com/sitemap.xml,29
1,https://solvemymedia.com/fr/compress-mov,,text/plain; charset=utf-8,false,404,0,true,https://solvemymedia.com/sitemap.xml,29
1,https://solvemymedia.com/ro/add-watermark-to-mp4,,text/plain; charset=utf-8,false,404,0,true,https://solvemymedia.com/sitemap.xml,29
1,https://solvemymedia.com/pl/znak-wodny-wideo,,text/plain; charset=utf-8,false,404,0,true,https://solvemymedia.com/sitemap.xml,29
1,https://solvemymedia.com/pt/webm-to-mp4,,text/plain; charset=utf-8,false,404,0,true,https://solvemymedia.com/sitemap.xml,29
1,https://solvemymedia.com/it/mute-mp4,,text/plain; charset=utf-8,false,404,0,true,https://solvemymedia.com/sitemap.xml,29
1,https://solvemymedia.com/nl/video-snelheid,,text/plain; charset=utf-8,false,404,0,true,https://solvemymedia.com/sitemap.xml,29
1,https://solvemymedia.com/sk/audio-recorder,,text/plain; charset=utf-8,false,404,0,true,https://solvemymedia.com/sitemap.xml,29
1,https://solvemymedia.com/es/mov-to-gif,,text/plain; charset=utf-8,false,404,0,true,https://solvemymedia.com/sitemap.xml,29
1,https://solvemymedia.com/pt/marca-dagua-no-video,,text/plain; charset=utf-8,false,404,0,true,https://solvemymedia.com/sitemap.xml,29
1,https://solvemymedia.com/da/konverter-lyd,,text/plain; charset=utf-8,false,404,0,true,https://solvemymedia.com/sitemap.xml,29
1,https://solvemymedia.com/he/pricing,,text/plain; charset=utf-8,false,404,0,true,https://solvemymedia.com/sitemap.xml,29
1,https://solvemymedia.com/cs/webm-to-mp4,,text/plain; charset=utf-8,false,404,0,true,https://solvemymedia.com/sitemap.xml,29
1,https://solvemymedia.com/ko/compress-wav,,text/plain; charset=utf-8,false,404,0,true,https://solvemymedia.com/sitemap.xml,29
1,https://solvemymedia.com/uk/merge-mp3,,text/plain; charset=utf-8,false,404,0,true,https://solvemymedia.com/sitemap.xml,29
1,https://solvemymedia.com/no/remove-audio-from-video,,text/plain; charset=utf-8,false,404,0,true,https://solvemymedia.com/sitemap.xml,29
1,https://solvemymedia.com/ms/avi-to-mp4,,text/plain; charset=utf-8,false,404,0,true,https://solvemymedia.com/sitemap.xml,29
1,https://solvemymedia.com/de/webm-to-mp4,,text/plain; charset=utf-8,false,404,0,true,https://solvemymedia.com/sitemap.xml,29
1,https://solvemymedia.com/it/crop-mp4,,text/plain; charset=utf-8,false,404,0,true,https://solvemymedia.com/sitemap.xml,29
1,https://solvemymedia.com/it/avi-to-mp4,,text/plain; charset=utf-8,false,404,0,true,https://solvemymedia.com/sitemap.xml,29
1,https://solvemymedia.com/he/compare,,text/plain; charset=utf-8,false,404,0,true,https://solvemymedia.com/sitemap.xml,29
1,https://solvemymedia.com/he/about-us,,text/plain; charset=utf-8,false,404,0,true,https://solvemymedia.com/sitemap.xml,29
1,https://solvemymedia.com/id/audio-recorder,,text/plain; charset=utf-8,false,404,0,true,https://solvemymedia.com/sitemap.xml,29
1,https://solvemymedia.com/hi/transcribe-mp4,,text/plain; charset=utf-8,false,404,0,true,https://solvemymedia.com/sitemap.xml,29
1,https://solvemymedia.com/el/crop-mp4,,text/plain; charset=utf-8,false,404,0,true,https://solvemymedia.com/sitemap.xml,29
1,https://solvemymedia.com/ms/speed-up-mp4,,text/plain; charset=utf-8,false,404,0,true,https://solvemymedia.com/sitemap.xml,29
1,https://solvemymedia.com/vi/screen-recorder,,text/plain; charset=utf-8,false,404,0,true,https://solvemymedia.com/sitemap.xml,29
1,https://solvemymedia.com/sk/about-us,,text/plain; charset=utf-8,false,404,0,true,https://solvemymedia.com/sitemap.xml,29
1,https://solvemymedia.com/hi/video-convert-kare,,text/plain; charset=utf-8,false,404,0,true,https://solvemymedia.com/sitemap.xml,29
1,https://solvemymedia.com/sk/compare,,text/plain; charset=utf-8,false,404,0,true,https://solvemymedia.com/sitemap.xml,29
1,https://solvemymedia.com/zh/screen-recorder,,text/plain; charset=utf-8,false,404,0,true,https://solvemymedia.com/sitemap.xml,29
1,https://solvemymedia.com/ar/anshaaa-gif,,text/plain; charset=utf-8,false,404,0,true,https://solvemymedia.com/sitemap.xml,29
1,https://solvemymedia.com/el/merge-mp3,,text/plain; charset=utf-8,false,404,0,true,https://solvemymedia.com/sitemap.xml,29
1,https://solvemymedia.com/uk/obedna-ti-audio,,text/plain; charset=utf-8,false,404,0,true,https://solvemymedia.com/sitemap.xml,29
1,https://solvemymedia.com/ms/compress-webm,,text/plain; charset=utf-8,false,404,0,true,https://solvemymedia.com/sitemap.xml,29
1,https://solvemymedia.com/fi/slow-down-mp4,,text/plain; charset=utf-8,false,404,0,true,https://solvemymedia.com/sitemap.xml,29
1,https://solvemymedia.com/ko/join-audio-files,,text/plain; charset=utf-8,false,404,0,true,https://solvemymedia.com/sitemap.xml,29
1,https://solvemymedia.com/ro/join-audio-files,,text/plain; charset=utf-8,false,404,0,true,https://solvemymedia.com/sitemap.xml,29
1,https://solvemymedia.com/nl/ogg-to-mp3,,text/plain; charset=utf-8,false,404,0,true,https://solvemymedia.com/sitemap.xml,29
1,https://solvemymedia.com/fr/audio-recorder,,text/plain; charset=utf-8,false,404,0,true,https://solvemymedia.com/sitemap.xml,29
1,https://solvemymedia.com/it/mov-to-gif,,text/plain; charset=utf-8,false,404,0,true,https://solvemymedia.com/sitemap.xml,29
1,https://solvemymedia.com/it/slow-down-mp4,,text/plain; charset=utf-8,false,404,0,true,https://solvemymedia.com/sitemap.xml,29
1,https://solvemymedia.com/uk/wav-to-mp3,,text/plain; charset=utf-8,false,404,0,true,https://solvemymedia.com/sitemap.xml,29
1,https://solvemymedia.com/it/trascrivi,,text/plain; charset=utf-8,false,404,0,true,https://solvemymedia.com/sitemap.xml,29
1,https://solvemymedia.com/hi/transcribe-mp3,,text/plain; charset=utf-8,false,404,0,true,https://solvemymedia.com/sitemap.xml,29
1,https://solvemymedia.com/fr/crop-mp4,,text/plain; charset=utf-8,false,404,0,true,https://solvemymedia.com/sitemap.xml,29
1,https://solvemymedia.com/fi/audio-recorder,,text/plain; charset=utf-8,false,404,0,true,https://solvemymedia.com/sitemap.xml,29
1,https://solvemymedia.com/it/compress-wav,,text/plain; charset=utf-8,false,404,0,true,https://solvemymedia.com/sitemap.xml,29
1,https://solvemymedia.com/cs/transcribe-mp3,,text/plain; charset=utf-8,false,404,0,true,https://solvemymedia.com/sitemap.xml,29
1,https://solvemymedia.com/id/compress-mov,,text/plain; charset=utf-8,false,404,0,true,https://solvemymedia.com/sitemap.xml,29
1,https://solvemymedia.com/cs/mov-to-gif,,text/plain; charset=utf-8,false,404,0,true,https://solvemymedia.com/sitemap.xml,29
1,https://solvemymedia.com/da/compress-mp3,,text/plain; charset=utf-8,false,404,0,true,https://solvemymedia.com/sitemap.xml,29
1,https://solvemymedia.com/fr/mp4-to-gif,,text/plain; charset=utf-8,false,404,0,true,https://solvemymedia.com/sitemap.xml,29
1,https://solvemymedia.com/el/mkv-to-mp4,,text/plain; charset=utf-8,false,404,0,true,https://solvemymedia.com/sitemap.xml,29
1,https://solvemymedia.com/th/ogg-to-mp3,,text/plain; charset=utf-8,false,404,0,true,https://solvemymedia.com/sitemap.xml,29
1,https://solvemymedia.com/hu/video-vagasa,,text/plain; charset=utf-8,false,404,0,true,https://solvemymedia.com/sitemap.xml,29
1,https://solvemymedia.com/fi/muunna-audio,,text/plain; charset=utf-8,false,404,0,true,https://solvemymedia.com/sitemap.xml,29
1,https://solvemymedia.com/da/beskare-video,,text/plain; charset=utf-8,false,404,0,true,https://solvemymedia.com/sitemap.xml,29
1,https://solvemymedia.com/pl/compress-wav,,text/plain; charset=utf-8,false,404,0,true,https://solvemymedia.com/sitemap.xml,29
1,https://solvemymedia.com/da/resize-video-for-tiktok,,text/plain; charset=utf-8,false,404,0,true,https://solvemymedia.com/sitemap.xml,29
1,https://solvemymedia.com/es/transcribe-mp4,,text/plain; charset=utf-8,false,404,0,true,https://solvemymedia.com/sitemap.xml,29
1,https://solvemymedia.com/ru/szhat-video,,text/plain; charset=utf-8,false,404,0,true,https://solvemymedia.com/sitemap.xml,29
1,https://solvemymedia.com/th/avi-to-mp4,,text/plain; charset=utf-8,false,404,0,true,https://solvemymedia.com/sitemap.xml,29
1,https://solvemymedia.com/hi/resize-video-for-tiktok,,text/plain; charset=utf-8,false,404,0,true,https://solvemymedia.com/sitemap.xml,29
1,https://solvemymedia.com/nl/mp4-to-mp3,,text/plain; charset=utf-8,false,404,0,true,https://solvemymedia.com/sitemap.xml,29
1,https://solvemymedia.com/fr/flac-to-mp3,,text/plain; charset=utf-8,false,404,0,true,https://solvemymedia.com/sitemap.xml,29
1,https://solvemymedia.com/sk/zlucit-audio,,text/plain; charset=utf-8,false,404,0,true,https://solvemymedia.com/sitemap.xml,29
1,https://solvemymedia.com/cs/compress-wav,,text/plain; charset=utf-8,false,404,0,true,https://solvemymedia.com/sitemap.xml,29
1,https://solvemymedia.com/sk/konvertovat-video,,text/plain; charset=utf-8,false,404,0,true,https://solvemymedia.com/sitemap.xml,40
1,https://solvemymedia.com/fr/screen-recorder,,text/plain; charset=utf-8,false,404,0,true,https://solvemymedia.com/sitemap.xml,29
1,https://solvemymedia.com/ko/odio-byeonghap,,text/plain; charset=utf-8,false,404,0,true,https://solvemymedia.com/sitemap.xml,29
1,https://solvemymedia.com/nl/slow-down-mp4,,text/plain; charset=utf-8,false,404,0,true,https://solvemymedia.com/sitemap.xml,29
1,https://solvemymedia.com/it/add-watermark-to-mp4,,text/plain; charset=utf-8,false,404,0,true,https://solvemymedia.com/sitemap.xml,29
1,https://solvemymedia.com/ms/mov-to-mp4,,text/plain; charset=utf-8,false,404,0,true,https://solvemymedia.com/sitemap.xml,29
1,https://solvemymedia.com/zh/transcribe-mp3,,text/plain; charset=utf-8,false,404,0,true,https://solvemymedia.com/sitemap.xml,29
1,https://solvemymedia.com/no/mute-mp4,,text/plain; charset=utf-8,false,404,0,true,https://solvemymedia.com/sitemap.xml,29
1,https://solvemymedia.com/hu/hang-konvertalasa,,text/plain; charset=utf-8,false,404,0,true,https://solvemymedia.com/sitemap.xml,29
1,https://solvemymedia.com/fr/m4a-to-mp3,,text/plain; charset=utf-8,false,404,0,true,https://solvemymedia.com/sitemap.xml,29
1,https://solvemymedia.com/fr/mute-mp4,,text/plain; charset=utf-8,false,404,0,true,https://solvemymedia.com/sitemap.xml,29
1,https://solvemymedia.com/ms/tera-air-video,,text/plain; charset=utf-8,false,404,0,true,https://solvemymedia.com/sitemap.xml,29
1,https://solvemymedia.com/th/m4a-to-mp3,,text/plain; charset=utf-8,false,404,0,true,https://solvemymedia.com/sitemap.xml,29
1,https://solvemymedia.com/hi/screen-recorder,,text/plain; charset=utf-8,false,404,0,true,https://solvemymedia.com/sitemap.xml,29
1,https://solvemymedia.com/pl/mp4-to-gif,,text/plain; charset=utf-8,false,404,0,true,https://solvemymedia.com/sitemap.xml,29
1,https://solvemymedia.com/hu/merge-mp3,,text/plain; charset=utf-8,false,404,0,true,https://solvemymedia.com/sitemap.xml,29
1,https://solvemymedia.com/nl/mp4-to-gif,,text/plain; charset=utf-8,false,404,0,true,https://solvemymedia.com/sitemap.xml,29
1,https://solvemymedia.com/el/mov-to-mp4,,text/plain; charset=utf-8,false,404,0,true,https://solvemymedia.com/sitemap.xml,29
1,https://solvemymedia.com/hi/ogg-to-mp3,,text/plain; charset=utf-8,false,404,0,true,https://solvemymedia.com/sitemap.xml,29
1,https://solvemymedia.com/ms/merge-mp3,,text/plain; charset=utf-8,false,404,0,true,https://solvemymedia.com/sitemap.xml,29
1,https://solvemymedia.com/fr/resize-video-for-tiktok,,text/plain; charset=utf-8,false,404,0,true,https://solvemymedia.com/sitemap.xml,29
1,https://solvemymedia.com/th/pid-siang-wideo,,text/plain; charset=utf-8,false,404,0,true,https://solvemymedia.com/sitemap.xml,29
1,https://solvemymedia.com/de/merge-mp3,,text/plain; charset=utf-8,false,404,0,true,https://solvemymedia.com/sitemap.xml,29
1,https://solvemymedia.com/de/slow-down-mp4,,text/plain; charset=utf-8,false,404,0,true,https://solvemymedia.com/sitemap.xml,29
1,https://solvemymedia.com/th/mkv-to-mp4,,text/plain; charset=utf-8,false,404,0,true,https://solvemymedia.com/sitemap.xml,29
1,https://solvemymedia.com/ru/compress-mp3,,text/plain; charset=utf-8,false,404,0,true,https://solvemymedia.com/sitemap.xml,29
1,https://solvemymedia.com/ar/compress-webm,,text/plain; charset=utf-8,false,404,0,true,https://solvemymedia.com/sitemap.xml,29
1,https://solvemymedia.com/ro/transcribe-mp4,,text/plain; charset=utf-8,false,404,0,true,https://solvemymedia.com/sitemap.xml,29
1,https://solvemymedia.com/sv/compress-webm,,text/plain; charset=utf-8,false,404,0,true,https://solvemymedia.com/sitemap.xml,29
1,https://solvemymedia.com/ms/gabung-audio,,text/plain; charset=utf-8,false,404,0,true,https://solvemymedia.com/sitemap.xml,29
1,https://solvemymedia.com/fr/mkv-to-mp4,,text/plain; charset=utf-8,false,404,0,true,https://solvemymedia.com/sitemap.xml,29
1,https://solvemymedia.com/ms/transcribe-mp3,,text/plain; charset=utf-8,false,404,0,true,https://solvemymedia.com/sitemap.xml,29
1,https://solvemymedia.com/he/hmr-video,,text/plain; charset=utf-8,false,404,0,true,https://solvemymedia.com/sitemap.xml,29
1,https://solvemymedia.com/cs/wav-to-mp3,,text/plain; charset=utf-8,false,404,0,true,https://solvemymedia.com/sitemap.xml,29
1,https://solvemymedia.com/fi/merge-mp3,,text/plain; charset=utf-8,false,404,0,true,https://solvemymedia.com/sitemap.xml,29
1,https://solvemymedia.com/tr/video-sikistir,,text/plain; charset=utf-8,false,404,0,true,https://solvemymedia.com/sitemap.xml,29
1,https://solvemymedia.com/sk/transcribe-mp4,,text/plain; charset=utf-8,false,404,0,true,https://solvemymedia.com/sitemap.xml,29
1,https://solvemymedia.com/tr/mp4-to-mp3,,text/plain; charset=utf-8,false,404,0,true,https://solvemymedia.com/sitemap.xml,29
1,https://solvemymedia.com/ko/mov-to-mp4,,text/plain; charset=utf-8,false,404,0,true,https://solvemymedia.com/sitemap.xml,29
1,https://solvemymedia.com/el/m4a-to-mp3,,text/plain; charset=utf-8,false,404,0,true,https://solvemymedia.com/sitemap.xml,29
1,https://solvemymedia.com/ja/transcribe-mp3,,text/plain; charset=utf-8,false,404,0,true,https://solvemymedia.com/sitemap.xml,29
1,https://solvemymedia.com/zh/transcribe-mp4,,text/plain; charset=utf-8,false,404,0,true,https://solvemymedia.com/sitemap.xml,29
1,https://solvemymedia.com/vi/avi-to-mp4,,text/plain; charset=utf-8,false,404,0,true,https://solvemymedia.com/sitemap.xml,29
1,https://solvemymedia.com/ro/inregistrator,,text/plain; charset=utf-8,false,404,0,true,https://solvemymedia.com/sitemap.xml,29
1,https://solvemymedia.com/da/m4a-to-mp3,,text/plain; charset=utf-8,false,404,0,true,https://solvemymedia.com/sitemap.xml,29
1,https://solvemymedia.com/da/ogg-to-mp3,,text/plain; charset=utf-8,false,404,0,true,https://solvemymedia.com/sitemap.xml,29
1,https://solvemymedia.com/he/m4a-to-mp3,,text/plain; charset=utf-8,false,404,0,true,https://solvemymedia.com/sitemap.xml,29
1,https://solvemymedia.com/ms/senyap-video,,text/plain; charset=utf-8,false,404,0,true,https://solvemymedia.com/sitemap.xml,29
1,https://solvemymedia.com/tr/flac-to-mp3,,text/plain; charset=utf-8,false,404,0,true,https://solvemymedia.com/sitemap.xml,29
1,https://solvemymedia.com/ms/tukar-audio,,text/plain; charset=utf-8,false,404,0,true,https://solvemymedia.com/sitemap.xml,29
1,https://solvemymedia.com/it/screen-recorder,,text/plain; charset=utf-8,false,404,0,true,https://solvemymedia.com/sitemap.xml,29
1,https://solvemymedia.com/ru/merge-mp3,,text/plain; charset=utf-8,false,404,0,true,https://solvemymedia.com/sitemap.xml,29
1,https://solvemymedia.com/he/remove-audio-from-video,,text/plain; charset=utf-8,false,404,0,true,https://solvemymedia.com/sitemap.xml,29
1,https://solvemymedia.com/de/mov-to-mp4,,text/plain; charset=utf-8,false,404,0,true,https://solvemymedia.com/sitemap.xml,29
1,https://solvemymedia.com/id/join-audio-files,,text/plain; charset=utf-8,false,404,0,true,https://solvemymedia.com/sitemap.xml,29
1,https://solvemymedia.com/de/mute-mp4,,text/plain; charset=utf-8,false,404,0,true,https://solvemymedia.com/sitemap.xml,29
1,https://solvemymedia.com/es/mute-mp4,,text/plain; charset=utf-8,false,404,0,true,https://solvemymedia.com/sitemap.xml,29
1,https://solvemymedia.com/fi/flac-to-mp3,,text/plain; charset=utf-8,false,404,0,true,https://solvemymedia.com/sitemap.xml,29
1,https://solvemymedia.com/vi/gop-am-thanh,,text/plain; charset=utf-8,false,404,0,true,https://solvemymedia.com/sitemap.xml,29
1,https://solvemymedia.com/el/apografos,,text/plain; charset=utf-8,false,404,0,true,https://solvemymedia.com/sitemap.xml,29
1,https://solvemymedia.com/pt/add-watermark-to-mp4,,text/plain; charset=utf-8,false,404,0,true,https://solvemymedia.com/sitemap.xml,29
1,https://solvemymedia.com/he/audio-recorder,,text/plain; charset=utf-8,false,404,0,true,https://solvemymedia.com/sitemap.xml,29
1,https://solvemymedia.com/sk/security,,text/plain; charset=utf-8,false,404,0,true,https://solvemymedia.com/sitemap.xml,29
1,https://solvemymedia.com/ro/flac-to-mp3,,text/plain; charset=utf-8,false,404,0,true,https://solvemymedia.com/sitemap.xml,29
1,https://solvemymedia.com/uk/vodyanyi-znak-video,,text/plain; charset=utf-8,false,404,0,true,https://solvemymedia.com/sitemap.xml,29
1,https://solvemymedia.com/sk/compress-webm,,text/plain; charset=utf-8,false,404,0,true,https://solvemymedia.com/sitemap.xml,29
1,https://solvemymedia.com/cs/sloucit-audio,,text/plain; charset=utf-8,false,404,0,true,https://solvemymedia.com/sitemap.xml,29
1,https://solvemymedia.com/fr/avi-to-mp4,,text/plain; charset=utf-8,false,404,0,true,https://solvemymedia.com/sitemap.xml,29
1,https://solvemymedia.com/pt/mp4-to-gif,,text/plain; charset=utf-8,false,404,0,true,https://solvemymedia.com/sitemap.xml,29
1,https://solvemymedia.com/ru/remove-audio-from-video,,text/plain; charset=utf-8,false,404,0,true,https://solvemymedia.com/sitemap.xml,29
1,https://solvemymedia.com/sk/webm-to-mp4,,text/plain; charset=utf-8,false,404,0,true,https://solvemymedia.com/sitemap.xml,29
1,https://solvemymedia.com/ja/mov-to-mp4,,text/plain; charset=utf-8,false,404,0,true,https://solvemymedia.com/sitemap.xml,29
1,https://solvemymedia.com/vi/mov-to-gif,,text/plain; charset=utf-8,false,404,0,true,https://solvemymedia.com/sitemap.xml,29
1,https://solvemymedia.com/zh/slow-down-mp4,,text/plain; charset=utf-8,false,404,0,true,https://solvemymedia.com/sitemap.xml,29
1,https://solvemymedia.com/pl/compress-webm,,text/plain; charset=utf-8,false,404,0,true,https://solvemymedia.com/sitemap.xml,29
1,https://solvemymedia.com/ar/mp4-to-mp3,,text/plain; charset=utf-8,false,404,0,true,https://solvemymedia.com/sitemap.xml,29
1,https://solvemymedia.com/ru/slow-down-mp4,,text/plain; charset=utf-8,false,404,0,true,https://solvemymedia.com/sitemap.xml,29
1,https://solvemymedia.com/sv/mute-mp4,,text/plain; charset=utf-8,false,404,0,true,https://solvemymedia.com/sitemap.xml,29
1,https://solvemymedia.com/cs/mp4-to-gif,,text/plain; charset=utf-8,false,404,0,true,https://solvemymedia.com/sitemap.xml,29
1,https://solvemymedia.com/sv/inspelning,,text/plain; charset=utf-8,false,404,0,true,https://solvemymedia.com/sitemap.xml,29
1,https://solvemymedia.com/ro/compress-webm,,text/plain; charset=utf-8,false,404,0,true,https://solvemymedia.com/sitemap.xml,29
1,https://solvemymedia.com/sk/konvertovat-audio,,text/plain; charset=utf-8,false,404,0,true,https://solvemymedia.com/sitemap.xml,29
1,https://solvemymedia.com/ko/teuksi-keurib,,text/plain; charset=utf-8,false,404,0,true,https://solvemymedia.com/sitemap.xml,29
1,https://solvemymedia.com/sv/compress-mp3,,text/plain; charset=utf-8,false,404,0,true,https://solvemymedia.com/sitemap.xml,29
1,https://solvemymedia.com/sv/transcribe-mp3,,text/plain; charset=utf-8,false,404,0,true,https://solvemymedia.com/sitemap.xml,29
1,https://solvemymedia.com/sk/transcribe-mp3,,text/plain; charset=utf-8,false,404,0,true,https://solvemymedia.com/sitemap.xml,29
1,https://solvemymedia.com/id/remove-audio-from-video,,text/plain; charset=utf-8,false,404,0,true,https://solvemymedia.com/sitemap.xml,29
1,https://solvemymedia.com/hi/mp4-to-gif,,text/plain; charset=utf-8,false,404,0,true,https://solvemymedia.com/sitemap.xml,29
1,https://solvemymedia.com/ru/transkribirovat,,text/plain; charset=utf-8,false,404,0,true,https://solvemymedia.com/sitemap.xml,29
1,https://solvemymedia.com/tr/m4a-to-mp3,,text/plain; charset=utf-8,false,404,0,true,https://solvemymedia.com/sitemap.xml,29
1,https://solvemymedia.com/ms/laju-video,,text/plain; charset=utf-8,false,404,0,true,https://solvemymedia.com/sitemap.xml,29
1,https://solvemymedia.com/he/compress-webm,,text/plain; charset=utf-8,false,404,0,true,https://solvemymedia.com/sitemap.xml,29
1,https://solvemymedia.com/cs/mkv-to-mp4,,text/plain; charset=utf-8,false,404,0,true,https://solvemymedia.com/sitemap.xml,29
1,https://solvemymedia.com/ro/slow-down-mp4,,text/plain; charset=utf-8,false,404,0,true,https://solvemymedia.com/sitemap.xml,29
1,https://solvemymedia.com/fi/compress-mp3,,text/plain; charset=utf-8,false,404,0,true,https://solvemymedia.com/sitemap.xml,29
1,https://solvemymedia.com/no/sla-sammen-lyd,,text/plain; charset=utf-8,false,404,0,true,https://solvemymedia.com/sitemap.xml,29
1,https://solvemymedia.com/tr/screen-recorder,,text/plain; charset=utf-8,false,404,0,true,https://solvemymedia.com/sitemap.xml,29
1,https://solvemymedia.com/vi/wav-to-mp3,,text/plain; charset=utf-8,false,404,0,true,https://solvemymedia.com/sitemap.xml,29
1,https://solvemymedia.com/zh/compress-mp4,,text/plain; charset=utf-8,false,404,0,true,https://solvemymedia.com/sitemap.xml,29
1,https://solvemymedia.com/sv/mov-to-gif,,text/plain; charset=utf-8,false,404,0,true,https://solvemymedia.com/sitemap.xml,29
1,https://solvemymedia.com/cs/komprimovat-audio,,text/plain; charset=utf-8,false,404,0,true,https://solvemymedia.com/sitemap.xml,29
1,https://solvemymedia.com/ar/compress-mp4,,text/plain; charset=utf-8,false,404,0,true,https://solvemymedia.com/sitemap.xml,29
1,https://solvemymedia.com/vi/mov-to-mp4,,text/plain; charset=utf-8,false,404,0,true,https://solvemymedia.com/sitemap.xml,29
1,https://solvemymedia.com/pl/add-watermark-to-mp4,,text/plain; charset=utf-8,false,404,0,true,https://solvemymedia.com/sitemap.xml,29
1,https://solvemymedia.com/th/crop-mp4,,text/plain; charset=utf-8,false,404,0,true,https://solvemymedia.com/sitemap.xml,29
1,https://solvemymedia.com/th/pli-an-wideo,,text/plain; charset=utf-8,false,404,0,true,https://solvemymedia.com/sitemap.xml,29
1,https://solvemymedia.com/ro/mute-video,,text/plain; charset=utf-8,false,404,0,true,https://solvemymedia.com/sitemap.xml,29
1,https://solvemymedia.com/zh/audio-recorder,,text/plain; charset=utf-8,false,404,0,true,https://solvemymedia.com/sitemap.xml,29
1,https://solvemymedia.com/tr/ekran-kaydet,,text/plain; charset=utf-8,false,404,0,true,https://solvemymedia.com/sitemap.xml,29
1,https://solvemymedia.com/pt/wav-to-mp3,,text/plain; charset=utf-8,false,404,0,true,https://solvemymedia.com/sitemap.xml,29
1,https://solvemymedia.com/uk/compress-webm,,text/plain; charset=utf-8,false,404,0,true,https://solvemymedia.com/sitemap.xml,29
1,https://solvemymedia.com/ro/audio-recorder,,text/plain; charset=utf-8,false,404,0,true,https://solvemymedia.com/sitemap.xml,29
1,https://solvemymedia.com/uk/obrizati-video,,text/plain; charset=utf-8,false,404,0,true,https://solvemymedia.com/sitemap.xml,29
1,https://solvemymedia.com/fr/join-audio-files,,text/plain; charset=utf-8,false,404,0,true,https://solvemymedia.com/sitemap.xml,29
1,https://solvemymedia.com/tr/compress-mov,,text/plain; charset=utf-8,false,404,0,true,https://solvemymedia.com/sitemap.xml,29
1,https://solvemymedia.com/sk/privacy-policy,,text/plain; charset=utf-8,false,404,0,true,https://solvemymedia.com/sitemap.xml,29
1,https://solvemymedia.com/ko/compress-webm,,text/plain; charset=utf-8,false,404,0,true,https://solvemymedia.com/sitemap.xml,29
1,https://solvemymedia.com/pl/webm-to-mp4,,text/plain; charset=utf-8,false,404,0,true,https://solvemymedia.com/sitemap.xml,29
1,https://solvemymedia.com/pt/transcribe-mp4,,text/plain; charset=utf-8,false,404,0,true,https://solvemymedia.com/sitemap.xml,29
1,https://solvemymedia.com/zh/resize-video-for-tiktok,,text/plain; charset=utf-8,false,404,0,true,https://solvemymedia.com/sitemap.xml,29
1,https://solvemymedia.com/vi/resize-video-for-tiktok,,text/plain; charset=utf-8,false,404,0,true,https://solvemymedia.com/sitemap.xml,29
1,https://solvemymedia.com/el/egrafos,,text/plain; charset=utf-8,false,404,0,true,https://solvemymedia.com/sitemap.xml,29
1,https://solvemymedia.com/sv/join-audio-files,,text/plain; charset=utf-8,false,404,0,true,https://solvemymedia.com/sitemap.xml,29
1,https://solvemymedia.com/es/compress-wav,,text/plain; charset=utf-8,false,404,0,true,https://solvemymedia.com/sitemap.xml,29
1,https://solvemymedia.com/ro/webm-to-mp4,,text/plain; charset=utf-8,false,404,0,true,https://solvemymedia.com/sitemap.xml,29
1,https://solvemymedia.com/sk/komprimovat-audio,,text/plain; charset=utf-8,false,404,0,true,https://solvemymedia.com/sitemap.xml,29
1,https://solvemymedia.com/it/compress-mov,,text/plain; charset=utf-8,false,404,0,true,https://solvemymedia.com/sitemap.xml,29
1,https://solvemymedia.com/ro/mp4-to-gif,,text/plain; charset=utf-8,false,404,0,true,https://solvemymedia.com/sitemap.xml,29
1,https://solvemymedia.com/da/flac-to-mp3,,text/plain; charset=utf-8,false,404,0,true,https://solvemymedia.com/sitemap.xml,29
1,https://solvemymedia.com/uk/remove-audio-from-video,,text/plain; charset=utf-8,false,404,0,true,https://solvemymedia.com/sitemap.xml,29
1,https://solvemymedia.com/ko/webm-to-mp4,,text/plain; charset=utf-8,false,404,0,true,https://solvemymedia.com/sitemap.xml,29
1,https://solvemymedia.com/ru/compress-wav,,text/plain; charset=utf-8,false,404,0,true,https://solvemymedia.com/sitemap.xml,29
1,https://solvemymedia.com/de/speed-up-mp4,,text/plain; charset=utf-8,false,404,0,true,https://solvemymedia.com/sitemap.xml,29
1,https://solvemymedia.com/ru/screen-recorder,,text/plain; charset=utf-8,false,404,0,true,https://solvemymedia.com/sitemap.xml,29
1,https://solvemymedia.com/hu/compress-mp4,,text/plain; charset=utf-8,false,404,0,true,https://solvemymedia.com/sitemap.xml,29
1,https://solvemymedia.com/th/mp4-to-gif,,text/plain; charset=utf-8,false,404,0,true,https://solvemymedia.com/sitemap.xml,29
1,https://solvemymedia.com/ro/m4a-to-mp3,,text/plain; charset=utf-8,false,404,0,true,https://solvemymedia.com/sitemap.xml,29
1,https://solvemymedia.com/ro/merge-mp3,,text/plain; charset=utf-8,false,404,0,true,https://solvemymedia.com/sitemap.xml,29
1,https://solvemymedia.com/ro/speed-up-mp4,,text/plain; charset=utf-8,false,404,0,true,https://solvemymedia.com/sitemap.xml,29
1,https://solvemymedia.com/de/avi-to-mp4,,text/plain; charset=utf-8,false,404,0,true,https://solvemymedia.com/sitemap.xml,29
1,https://solvemymedia.com/no/speed-up-mp4,,text/plain; charset=utf-8,false,404,0,true,https://solvemymedia.com/sitemap.xml,29
1,https://solvemymedia.com/el/mov-to-gif,,text/plain; charset=utf-8,false,404,0,true,https://solvemymedia.com/sitemap.xml,29
1,https://solvemymedia.com/ms/mampat-video,,text/plain; charset=utf-8,false,404,0,true,https://solvemymedia.com/sitemap.xml,29
1,https://solvemymedia.com/id/transcribe-mp4,,text/plain; charset=utf-8,false,404,0,true,https://solvemymedia.com/sitemap.xml,29
1,https://solvemymedia.com/es/resize-video-for-tiktok,,text/plain; charset=utf-8,false,404,0,true,https://solvemymedia.com/sitemap.xml,29
1,https://solvemymedia.com/id/compress-webm,,text/plain; charset=utf-8,false,404,0,true,https://solvemymedia.com/sitemap.xml,29
1,https://solvemymedia.com/ja/mp4-to-mp3,,text/plain; charset=utf-8,false,404,0,true,https://solvemymedia.com/sitemap.xml,29
1,https://solvemymedia.com/fr/mov-to-mp4,,text/plain; charset=utf-8,false,404,0,true,https://solvemymedia.com/sitemap.xml,29
1,https://solvemymedia.com/ru/sozdat-gif,,text/plain; charset=utf-8,false,404,0,true,https://solvemymedia.com/sitemap.xml,29
1,https://solvemymedia.com/vi/flac-to-mp3,,text/plain; charset=utf-8,false,404,0,true,https://solvemymedia.com/sitemap.xml,29
1,https://solvemymedia.com/sv/speed-up-mp4,,text/plain; charset=utf-8,false,404,0,true,https://solvemymedia.com/sitemap.xml,29
1,https://solvemymedia.com/ar/dght-alsawt,,text/plain; charset=utf-8,false,404,0,true,https://solvemymedia.com/sitemap.xml,29
1,https://solvemymedia.com/uk/slow-down-mp4,,text/plain; charset=utf-8,false,404,0,true,https://solvemymedia.com/sitemap.xml,29
1,https://solvemymedia.com/ar/compress-mov,,text/plain; charset=utf-8,false,404,0,true,https://solvemymedia.com/sitemap.xml,29
1,https://solvemymedia.com/th/krot-wideo,,text/plain; charset=utf-8,false,404,0,true,https://solvemymedia.com/sitemap.xml,29
1,https://solvemymedia.com/it/silenzia-video,,text/plain; charset=utf-8,false,404,0,true,https://solvemymedia.com/sitemap.xml,29
1,https://solvemymedia.com/el/join-audio-files,,text/plain; charset=utf-8,false,404,0,true,https://solvemymedia.com/sitemap.xml,29
1,https://solvemymedia.com/ru/mkv-to-mp4,,text/plain; charset=utf-8,false,404,0,true,https://solvemymedia.com/sitemap.xml,29
1,https://solvemymedia.com/el/flac-to-mp3,,text/plain; charset=utf-8,false,404,0,true,https://solvemymedia.com/sitemap.xml,29
1,https://solvemymedia.com/hu/hang-osszefuzese,,text/plain; charset=utf-8,false,404,0,true,https://solvemymedia.com/sitemap.xml,29
1,https://solvemymedia.com/sk/komprimovat-video,,text/plain; charset=utf-8,false,404,0,true,https://solvemymedia.com/sitemap.xml,42
1,https://solvemymedia.com/fi/mp4-to-gif,,text/plain; charset=utf-8,false,404,0,true,https://solvemymedia.com/sitemap.xml,29
1,https://solvemymedia.com/it/transcribe-mp3,,text/plain; charset=utf-8,false,404,0,true,https://solvemymedia.com/sitemap.xml,29
1,https://solvemymedia.com/he/transcribe-mp3,,text/plain; charset=utf-8,false,404,0,true,https://solvemymedia.com/sitemap.xml,29
1,https://solvemymedia.com/zh/mp4-to-gif,,text/plain; charset=utf-8,false,404,0,true,https://solvemymedia.com/sitemap.xml,29
1,https://solvemymedia.com/he/mov-to-mp4,,text/plain; charset=utf-8,false,404,0,true,https://solvemymedia.com/sitemap.xml,29
1,https://solvemymedia.com/th/kwam-rew-wideo,,text/plain; charset=utf-8,false,404,0,true,https://solvemymedia.com/sitemap.xml,29
1,https://solvemymedia.com/uk/compress-wav,,text/plain; charset=utf-8,false,404,0,true,https://solvemymedia.com/sitemap.xml,29
1,https://solvemymedia.com/he/slow-down-mp4,,text/plain; charset=utf-8,false,404,0,true,https://solvemymedia.com/sitemap.xml,29
1,https://solvemymedia.com/hi/compress-mov,,text/plain; charset=utf-8,false,404,0,true,https://solvemymedia.com/sitemap.xml,29
1,https://solvemymedia.com/tr/ogg-to-mp3,,text/plain; charset=utf-8,false,404,0,true,https://solvemymedia.com/sitemap.xml,29
1,https://solvemymedia.com/zh/shi-pin-shui-yin,,text/plain; charset=utf-8,false,404,0,true,https://solvemymedia.com/sitemap.xml,29
1,https://solvemymedia.com/hi/video-compress-kare,,text/plain; charset=utf-8,false,404,0,true,https://solvemymedia.com/sitemap.xml,29
1,https://solvemymedia.com/it/mkv-to-mp4,,text/plain; charset=utf-8,false,404,0,true,https://solvemymedia.com/sitemap.xml,29
1,https://solvemymedia.com/ko/compress-mp4,,text/plain; charset=utf-8,false,404,0,true,https://solvemymedia.com/sitemap.xml,29
1,https://solvemymedia.com/ar/mjl-alshashat,,text/plain; charset=utf-8,false,404,0,true,https://solvemymedia.com/sitemap.xml,29
1,https://solvemymedia.com/de/remove-audio-from-video,,text/plain; charset=utf-8,false,404,0,true,https://solvemymedia.com/sitemap.xml,29
1,https://solvemymedia.com/da/compress-mov,,text/plain; charset=utf-8,false,404,0,true,https://solvemymedia.com/sitemap.xml,29
1,https://solvemymedia.com/fr/transcribe-mp3,,text/plain; charset=utf-8,false,404,0,true,https://solvemymedia.com/sitemap.xml,29
1,https://solvemymedia.com/vi/mp4-to-gif,,text/plain; charset=utf-8,false,404,0,true,https://solvemymedia.com/sitemap.xml,29
1,https://solvemymedia.com/zh/remove-audio-from-video,,text/plain; charset=utf-8,false,404,0,true,https://solvemymedia.com/sitemap.xml,29
1,https://solvemymedia.com/cs/orezat-video,,text/plain; charset=utf-8,false,404,0,true,https://solvemymedia.com/sitemap.xml,29
1,https://solvemymedia.com/uk/add-watermark-to-mp4,,text/plain; charset=utf-8,false,404,0,true,https://solvemymedia.com/sitemap.xml,29
1,https://solvemymedia.com/sv/mov-to-mp4,,text/plain; charset=utf-8,false,404,0,true,https://solvemymedia.com/sitemap.xml,29
1,https://solvemymedia.com/zh/mp4-to-mp3,,text/plain; charset=utf-8,false,404,0,true,https://solvemymedia.com/sitemap.xml,29
1,https://solvemymedia.com/no/compress-mp4,,text/plain; charset=utf-8,false,404,0,true,https://solvemymedia.com/sitemap.xml,29
1,https://solvemymedia.com/sk/mov-to-gif,,text/plain; charset=utf-8,false,404,0,true,https://solvemymedia.com/sitemap.xml,29
1,https://solvemymedia.com/tr/mp4-to-gif,,text/plain; charset=utf-8,false,404,0,true,https://solvemymedia.com/sitemap.xml,29
1,https://solvemymedia.com/sk/terms-of-service,,text/plain; charset=utf-8,false,404,0,true,https://solvemymedia.com/sitemap.xml,29
1,https://solvemymedia.com/ms/crop-mp4,,text/plain; charset=utf-8,false,404,0,true,https://solvemymedia.com/sitemap.xml,29
1,https://solvemymedia.com/fr/mov-to-gif,,text/plain; charset=utf-8,false,404,0,true,https://solvemymedia.com/sitemap.xml,29
1,https://solvemymedia.com/uk/mkv-to-mp4,,text/plain; charset=utf-8,false,404,0,true,https://solvemymedia.com/sitemap.xml,29
1,https://solvemymedia.com/pl/mp4-to-mp3,,text/plain; charset=utf-8,false,404,0,true,https://solvemymedia.com/sitemap.xml,29
1,https://solvemymedia.com/cs/mov-to-mp4,,text/plain; charset=utf-8,false,404,0,true,https://solvemymedia.com/sitemap.xml,29
1,https://solvemymedia.com/fi/compress-mov,,text/plain; charset=utf-8,false,404,0,true,https://solvemymedia.com/sitemap.xml,29
1,https://solvemymedia.com/ar/mov-to-mp4,,text/plain; charset=utf-8,false,404,0,true,https://solvemymedia.com/sitemap.xml,29
1,https://solvemymedia.com/uk/resize-video-for-tiktok,,text/plain; charset=utf-8,false,404,0,true,https://solvemymedia.com/sitemap.xml,29
1,https://solvemymedia.com/nl/compress-webm,,text/plain; charset=utf-8,false,404,0,true,https://solvemymedia.com/sitemap.xml,29
1,https://solvemymedia.com/th/mov-to-gif,,text/plain; charset=utf-8,false,404,0,true,https://solvemymedia.com/sitemap.xml,29
1,https://solvemymedia.com/nl/resize-video-for-tiktok,,text/plain; charset=utf-8,false,404,0,true,https://solvemymedia.com/sitemap.xml,29
1,https://solvemymedia.com/pt/mesclar-audio,,text/plain; charset=utf-8,false,404,0,true,https://solvemymedia.com/sitemap.xml,29
1,https://solvemymedia.com/ar/flac-to-mp3,,text/plain; charset=utf-8,false,404,0,true,https://solvemymedia.com/sitemap.xml,29
1,https://solvemymedia.com/no/avi-to-mp4,,text/plain; charset=utf-8,false,404,0,true,https://solvemymedia.com/sitemap.xml,29
1,https://solvemymedia.com/hi/speed-up-mp4,,text/plain; charset=utf-8,false,404,0,true,https://solvemymedia.com/sitemap.xml,29
1,https://solvemymedia.com/pt/merge-mp3,,text/plain; charset=utf-8,false,404,0,true,https://solvemymedia.com/sitemap.xml,29
1,https://solvemymedia.com/hi/audio-compress-kare,,text/plain; charset=utf-8,false,404,0,true,https://solvemymedia.com/sitemap.xml,29
1,https://solvemymedia.com/sk/video-na-audio,,text/plain; charset=utf-8,false,404,0,true,https://solvemymedia.com/sitemap.xml,29
1,https://solvemymedia.com/id/mov-to-mp4,,text/plain; charset=utf-8,false,404,0,true,https://solvemymedia.com/sitemap.xml,29
1,https://solvemymedia.com/da/webm-to-mp4,,text/plain; charset=utf-8,false,404,0,true,https://solvemymedia.com/sitemap.xml,29
1,https://solvemymedia.com/no/mkv-to-mp4,,text/plain; charset=utf-8,false,404,0,true,https://solvemymedia.com/sitemap.xml,29
1,https://solvemymedia.com/ja/ogg-to-mp3,,text/plain; charset=utf-8,false,404,0,true,https://solvemymedia.com/sitemap.xml,29
1,https://solvemymedia.com/sk/rychlost-videa,,text/plain; charset=utf-8,false,404,0,true,https://solvemymedia.com/sitemap.xml,37
1,https://solvemymedia.com/hi/mkv-to-mp4,,text/plain; charset=utf-8,false,404,0,true,https://solvemymedia.com/sitemap.xml,29
1,https://solvemymedia.com/fi/mykista-video,,text/plain; charset=utf-8,false,404,0,true,https://solvemymedia.com/sitemap.xml,29
1,https://solvemymedia.com/pt/compress-mp4,,text/plain; charset=utf-8,false,404,0,true,https://solvemymedia.com/sitemap.xml,29
1,https://solvemymedia.com/es/mkv-to-mp4,,text/plain; charset=utf-8,false,404,0,true,https://solvemymedia.com/sitemap.xml,29
1,https://solvemymedia.com/hu/video-eln%C3%A9mitasa,,text/plain; charset=utf-8,false,404,0,true,https://solvemymedia.com/sitemap.xml,29
1,https://solvemymedia.com/id/mute-mp4,,text/plain; charset=utf-8,false,404,0,true,https://solvemymedia.com/sitemap.xml,29
1,https://solvemymedia.com/fr/add-watermark-to-mp4,,text/plain; charset=utf-8,false,404,0,true,https://solvemymedia.com/sitemap.xml,29
1,https://solvemymedia.com/he/compress-mp3,,text/plain; charset=utf-8,false,404,0,true,https://solvemymedia.com/sitemap.xml,29
1,https://solvemymedia.com/es/compress-mp3,,text/plain; charset=utf-8,false,404,0,true,https://solvemymedia.com/sitemap.xml,29
1,https://solvemymedia.com/es/m4a-to-mp3,,text/plain; charset=utf-8,false,404,0,true,https://solvemymedia.com/sitemap.xml,29
1,https://solvemymedia.com/pl/kompresuj-audio,,text/plain; charset=utf-8,false,404,0,true,https://solvemymedia.com/sitemap.xml,29
1,https://solvemymedia.com/vi/speed-up-mp4,,text/plain; charset=utf-8,false,404,0,true,https://solvemymedia.com/sitemap.xml,29
1,https://solvemymedia.com/ar/nasg-alsawt,,text/plain; charset=utf-8,false,404,0,true,https://solvemymedia.com/sitemap.xml,29
1,https://solvemymedia.com/fr/remove-audio-from-video,,text/plain; charset=utf-8,false,404,0,true,https://solvemymedia.com/sitemap.xml,29
1,https://solvemymedia.com/fr/merge-mp3,,text/plain; charset=utf-8,false,404,0,true,https://solvemymedia.com/sitemap.xml,29
1,https://solvemymedia.com/pl/ogg-to-mp3,,text/plain; charset=utf-8,false,404,0,true,https://solvemymedia.com/sitemap.xml,29
1,https://solvemymedia.com/de/audio-recorder,,text/plain; charset=utf-8,false,404,0,true,https://solvemymedia.com/sitemap.xml,29
1,https://solvemymedia.com/id/mp4-to-gif,,text/plain; charset=utf-8,false,404,0,true,https://solvemymedia.com/sitemap.xml,29
1,https://solvemymedia.com/it/ogg-to-mp3,,text/plain; charset=utf-8,false,404,0,true,https://solvemymedia.com/sitemap.xml,29
1,https://solvemymedia.com/he/speed-up-mp4,,text/plain; charset=utf-8,false,404,0,true,https://solvemymedia.com/sitemap.xml,29
1,https://solvemymedia.com/da/join-audio-files,,text/plain; charset=utf-8,false,404,0,true,https://solvemymedia.com/sitemap.xml,29
1,https://solvemymedia.com/he/mizog-audio,,text/plain; charset=utf-8,false,404,0,true,https://solvemymedia.com/sitemap.xml,29
1,https://solvemymedia.com/hu/wav-to-mp3,,text/plain; charset=utf-8,false,404,0,true,https://solvemymedia.com/sitemap.xml,29
1,https://solvemymedia.com/it/ritaglia-video,,text/plain; charset=utf-8,false,404,0,true,https://solvemymedia.com/sitemap.xml,29
1,https://solvemymedia.com/no/lag-gif,,text/plain; charset=utf-8,false,404,0,true,https://solvemymedia.com/sitemap.xml,29
1,https://solvemymedia.com/th/lomrak-num-wideo,,text/plain; charset=utf-8,false,404,0,true,https://solvemymedia.com/sitemap.xml,29
1,https://solvemymedia.com/zh/compress-webm,,text/plain; charset=utf-8,false,404,0,true,https://solvemymedia.com/sitemap.xml,29
1,https://solvemymedia.com/el/speed-up-mp4,,text/plain; charset=utf-8,false,404,0,true,https://solvemymedia.com/sitemap.xml,29
1,https://solvemymedia.com/ja/screen-recorder,,text/plain; charset=utf-8,false,404,0,true,https://solvemymedia.com/sitemap.xml,29
1,https://solvemymedia.com/vi/compress-wav,,text/plain; charset=utf-8,false,404,0,true,https://solvemymedia.com/sitemap.xml,29
1,https://solvemymedia.com/he/resize-video-for-tiktok,,text/plain; charset=utf-8,false,404,0,true,https://solvemymedia.com/sitemap.xml,29
1,https://solvemymedia.com/ms/join-audio-files,,text/plain; charset=utf-8,false,404,0,true,https://solvemymedia.com/sitemap.xml,29
1,https://solvemymedia.com/es/compress-mov,,text/plain; charset=utf-8,false,404,0,true,https://solvemymedia.com/sitemap.xml,29
1,https://solvemymedia.com/nl/remove-audio-from-video,,text/plain; charset=utf-8,false,404,0,true,https://solvemymedia.com/sitemap.xml,29
1,https://solvemymedia.com/he/mekolet,,text/plain; charset=utf-8,false,404,0,true,https://solvemymedia.com/sitemap.xml,29
1,https://solvemymedia.com/ms/compress-mp4,,text/plain; charset=utf-8,false,404,0,true,https://solvemymedia.com/sitemap.xml,29
1,https://solvemymedia.com/hi/video-se-audio,,text/plain; charset=utf-8,false,404,0,true,https://solvemymedia.com/sitemap.xml,29
1,https://solvemymedia.com/ru/ogg-to-mp3,,text/plain; charset=utf-8,false,404,0,true,https://solvemymedia.com/sitemap.xml,29
1,https://solvemymedia.com/uk/vimknuti-zvuk-video,,text/plain; charset=utf-8,false,404,0,true,https://solvemymedia.com/sitemap.xml,29
1,https://solvemymedia.com/fr/wav-to-mp3,,text/plain; charset=utf-8,false,404,0,true,https://solvemymedia.com/sitemap.xml,29
1,https://solvemymedia.com/ko/resize-video-for-tiktok,,text/plain; charset=utf-8,false,404,0,true,https://solvemymedia.com/sitemap.xml,29
1,https://solvemymedia.com/zh/m4a-to-mp3,,text/plain; charset=utf-8,false,404,0,true,https://solvemymedia.com/sitemap.xml,29
1,https://solvemymedia.com/es/remove-audio-from-video,,text/plain; charset=utf-8,false,404,0,true,https://solvemymedia.com/sitemap.xml,29
1,https://solvemymedia.com/fi/screen-recorder,,text/plain; charset=utf-8,false,404,0,true,https://solvemymedia.com/sitemap.xml,29
1,https://solvemymedia.com/hi/compress-mp3,,text/plain; charset=utf-8,false,404,0,true,https://solvemymedia.com/sitemap.xml,29
1,https://solvemymedia.com/vi/slow-down-mp4,,text/plain; charset=utf-8,false,404,0,true,https://solvemymedia.com/sitemap.xml,29
1,https://solvemymedia.com/ja/m4a-to-mp3,,text/plain; charset=utf-8,false,404,0,true,https://solvemymedia.com/sitemap.xml,29
1,https://solvemymedia.com/nl/compress-mp4,,text/plain; charset=utf-8,false,404,0,true,https://solvemymedia.com/sitemap.xml,29
1,https://solvemymedia.com/hi/audio-recorder,,text/plain; charset=utf-8,false,404,0,true,https://solvemymedia.com/sitemap.xml,29
1,https://solvemymedia.com/it/m4a-to-mp3,,text/plain; charset=utf-8,false,404,0,true,https://solvemymedia.com/sitemap.xml,29
1,https://solvemymedia.com/el/transcribe-mp4,,text/plain; charset=utf-8,false,404,0,true,https://solvemymedia.com/sitemap.xml,29
1,https://solvemymedia.com/ro/mp4-to-mp3,,text/plain; charset=utf-8,false,404,0,true,https://solvemymedia.com/sitemap.xml,29
1,https://solvemymedia.com/vi/video-sang-am-thanh,,text/plain; charset=utf-8,false,404,0,true,https://solvemymedia.com/sitemap.xml,29
1,https://solvemymedia.com/fi/mp4-to-mp3,,text/plain; charset=utf-8,false,404,0,true,https://solvemymedia.com/sitemap.xml,29
1,https://solvemymedia.com/vi/mkv-to-mp4,,text/plain; charset=utf-8,false,404,0,true,https://solvemymedia.com/sitemap.xml,29
1,https://solvemymedia.com/ms/mov-to-gif,,text/plain; charset=utf-8,false,404,0,true,https://solvemymedia.com/sitemap.xml,29
1,https://solvemymedia.com/it/compress-mp3,,text/plain; charset=utf-8,false,404,0,true,https://solvemymedia.com/sitemap.xml,29
1,https://solvemymedia.com/ar/transcribe-mp4,,text/plain; charset=utf-8,false,404,0,true,https://solvemymedia.com/sitemap.xml,29
1,https://solvemymedia.com/hu/audio-recorder,,text/plain; charset=utf-8,false,404,0,true,https://solvemymedia.com/sitemap.xml,29
1,https://solvemymedia.com/ru/obedinie-audio,,text/plain; charset=utf-8,false,404,0,true,https://solvemymedia.com/sitemap.xml,29
1,https://solvemymedia.com/ko/wav-to-mp3,,text/plain; charset=utf-8,false,404,0,true,https://solvemymedia.com/sitemap.xml,29
1,https://solvemymedia.com/hu/remove-audio-from-video,,text/plain; charset=utf-8,false,404,0,true,https://solvemymedia.com/sitemap.xml,29
1,https://solvemymedia.com/vi/join-audio-files,,text/plain; charset=utf-8,false,404,0,true,https://solvemymedia.com/sitemap.xml,29
1,https://solvemymedia.com/zh/webm-to-mp4,,text/plain; charset=utf-8,false,404,0,true,https://solvemymedia.com/sitemap.xml,29
1,https://solvemymedia.com/da/compress-mp4,,text/plain; charset=utf-8,false,404,0,true,https://solvemymedia.com/sitemap.xml,29
1,https://solvemymedia.com/tr/ses-sikistir,,text/plain; charset=utf-8,false,404,0,true,https://solvemymedia.com/sitemap.xml,29
1,https://solvemymedia.com/da/flet-lyd,,text/plain; charset=utf-8,false,404,0,true,https://solvemymedia.com/sitemap.xml,29
1,https://solvemymedia.com/no/mp4-to-gif,,text/plain; charset=utf-8,false,404,0,true,https://solvemymedia.com/sitemap.xml,29
1,https://solvemymedia.com/ms/audio-recorder,,text/plain; charset=utf-8,false,404,0,true,https://solvemymedia.com/sitemap.xml,29
1,https://solvemymedia.com/nl/audio-samenvoegen,,text/plain; charset=utf-8,false,404,0,true,https://solvemymedia.com/sitemap.xml,29
1,https://solvemymedia.com/cs/compress-mp3,,text/plain; charset=utf-8,false,404,0,true,https://solvemymedia.com/sitemap.xml,29
1,https://solvemymedia.com/ar/merge-mp3,,text/plain; charset=utf-8,false,404,0,true,https://solvemymedia.com/sitemap.xml,29
1,https://solvemymedia.com/tr/compress-webm,,text/plain; charset=utf-8,false,404,0,true,https://solvemymedia.com/sitemap.xml,29
1,https://solvemymedia.com/hi/transcript-kare,,text/plain; charset=utf-8,false,404,0,true,https://solvemymedia.com/sitemap.xml,29
1,https://solvemymedia.com/tr/video-filigran,,text/plain; charset=utf-8,false,404,0,true,https://solvemymedia.com/sitemap.xml,29
1,https://solvemymedia.com/nl/compress-wav,,text/plain; charset=utf-8,false,404,0,true,https://solvemymedia.com/sitemap.xml,29
1,https://solvemymedia.com/he,,text/plain; charset=utf-8,false,404,0,true,https://solvemymedia.com/sitemap.xml,29
1,https://solvemymedia.com/ko/mp4-to-gif,,text/plain; charset=utf-8,false,404,0,true,https://solvemymedia.com/sitemap.xml,29
1,https://solvemymedia.com/ar/mkv-to-mp4,,text/plain; charset=utf-8,false,404,0,true,https://solvemymedia.com/sitemap.xml,29
1,https://solvemymedia.com/da/transcribe-mp3,,text/plain; charset=utf-8,false,404,0,true,https://solvemymedia.com/sitemap.xml,29
1,https://solvemymedia.com/hi/crop-mp4,,text/plain; charset=utf-8,false,404,0,true,https://solvemymedia.com/sitemap.xml,29
1,https://solvemymedia.com/vi/mp4-to-mp3,,text/plain; charset=utf-8,false,404,0,true,https://solvemymedia.com/sitemap.xml,29
1,https://solvemymedia.com/ko/merge-mp3,,text/plain; charset=utf-8,false,404,0,true,https://solvemymedia.com/sitemap.xml,29
1,https://solvemymedia.com/nl/audio-recorder,,text/plain; charset=utf-8,false,404,0,true,https://solvemymedia.com/sitemap.xml,29
1,https://solvemymedia.com/ko/audio-recorder,,text/plain; charset=utf-8,false,404,0,true,https://solvemymedia.com/sitemap.xml,29
1,https://solvemymedia.com/pt/transcribe-mp3,,text/plain; charset=utf-8,false,404,0,true,https://solvemymedia.com/sitemap.xml,29
1,https://solvemymedia.com/cs/compress-mov,,text/plain; charset=utf-8,false,404,0,true,https://solvemymedia.com/sitemap.xml,29
1,https://solvemymedia.com/de/compress-mp3,,text/plain; charset=utf-8,false,404,0,true,https://solvemymedia.com/sitemap.xml,29
1,https://solvemymedia.com/hu/mute-mp4,,text/plain; charset=utf-8,false,404,0,true,https://solvemymedia.com/sitemap.xml,29
1,https://solvemymedia.com/cs/transcribe-mp4,,text/plain; charset=utf-8,false,404,0,true,https://solvemymedia.com/sitemap.xml,29
1,https://solvemymedia.com/it/filigrana-video,,text/plain; charset=utf-8,false,404,0,true,https://solvemymedia.com/sitemap.xml,29
1,https://solvemymedia.com/th/wav-to-mp3,,text/plain; charset=utf-8,false,404,0,true,https://solvemymedia.com/sitemap.xml,29
1,https://solvemymedia.com/pl/transkrybuj,,text/plain; charset=utf-8,false,404,0,true,https://solvemymedia.com/sitemap.xml,29
1,https://solvemymedia.com/ms/resize-video-for-tiktok,,text/plain; charset=utf-8,false,404,0,true,https://solvemymedia.com/sitemap.xml,29
1,https://solvemymedia.com/ms/flac-to-mp3,,text/plain; charset=utf-8,false,404,0,true,https://solvemymedia.com/sitemap.xml,29
1,https://solvemymedia.com/ro/mov-to-mp4,,text/plain; charset=utf-8,false,404,0,true,https://solvemymedia.com/sitemap.xml,29
1,https://solvemymedia.com/pt/slow-down-mp4,,text/plain; charset=utf-8,false,404,0,true,https://solvemymedia.com/sitemap.xml,29
1,https://solvemymedia.com/cs/crop-mp4,,text/plain; charset=utf-8,false,404,0,true,https://solvemymedia.com/sitemap.xml,29
1,https://solvemymedia.com/de/mkv-to-mp4,,text/plain; charset=utf-8,false,404,0,true,https://solvemymedia.com/sitemap.xml,29
1,https://solvemymedia.com/ja/resize-video-for-tiktok,,text/plain; charset=utf-8,false,404,0,true,https://solvemymedia.com/sitemap.xml,29
1,https://solvemymedia.com/el/afonos-video,,text/plain; charset=utf-8,false,404,0,true,https://solvemymedia.com/sitemap.xml,29
1,https://solvemymedia.com/ar/webm-to-mp4,,text/plain; charset=utf-8,false,404,0,true,https://solvemymedia.com/sitemap.xml,29
1,https://solvemymedia.com/pt/ogg-to-mp3,,text/plain; charset=utf-8,false,404,0,true,https://solvemymedia.com/sitemap.xml,29
1,https://solvemymedia.com/es/mp4-to-mp3,,text/plain; charset=utf-8,false,404,0,true,https://solvemymedia.com/sitemap.xml,29
1,https://solvemymedia.com/ar/dmj-alsawt,,text/plain; charset=utf-8,false,404,0,true,https://solvemymedia.com/sitemap.xml,29
1,https://solvemymedia.com/id/add-watermark-to-mp4,,text/plain; charset=utf-8,false,404,0,true,https://solvemymedia.com/sitemap.xml,29
1,https://solvemymedia.com/fi/webm-to-mp4,,text/plain; charset=utf-8,false,404,0,true,https://solvemymedia.com/sitemap.xml,29
1,https://solvemymedia.com/nl/webm-to-mp4,,text/plain; charset=utf-8,false,404,0,true,https://solvemymedia.com/sitemap.xml,29
1,https://solvemymedia.com/hi/mute-mp4,,text/plain; charset=utf-8,false,404,0,true,https://solvemymedia.com/sitemap.xml,29
1,https://solvemymedia.com/sk/slow-down-mp4,,text/plain; charset=utf-8,false,404,0,true,https://solvemymedia.com/sitemap.xml,29
1,https://solvemymedia.com/da/mp4-to-mp3,,text/plain; charset=utf-8,false,404,0,true,https://solvemymedia.com/sitemap.xml,29
1,https://solvemymedia.com/pl/speed-up-mp4,,text/plain; charset=utf-8,false,404,0,true,https://solvemymedia.com/sitemap.xml,29
1,https://solvemymedia.com/da/mov-to-gif,,text/plain; charset=utf-8,false,404,0,true,https://solvemymedia.com/sitemap.xml,29
1,https://solvemymedia.com/id/compress-wav,,text/plain; charset=utf-8,false,404,0,true,https://solvemymedia.com/sitemap.xml,29
1,https://solvemymedia.com/fi/compress-wav,,text/plain; charset=utf-8,false,404,0,true,https://solvemymedia.com/sitemap.xml,29
1,https://solvemymedia.com/ja/remove-audio-from-video,,text/plain; charset=utf-8,false,404,0,true,https://solvemymedia.com/sitemap.xml,29
1,https://solvemymedia.com/he/crop-mp4,,text/plain; charset=utf-8,false,404,0,true,https://solvemymedia.com/sitemap.xml,29
1,https://solvemymedia.com/hu/compress-webm,,text/plain; charset=utf-8,false,404,0,true,https://solvemymedia.com/sitemap.xml,29
1,https://solvemymedia.com/th/compress-webm,,text/plain; charset=utf-8,false,404,0,true,https://solvemymedia.com/sitemap.xml,29
1,https://solvemymedia.com/uk/mp4-to-gif,,text/plain; charset=utf-8,false,404,0,true,https://solvemymedia.com/sitemap.xml,29
1,https://solvemymedia.com/sk/mp4-to-mp3,,text/plain; charset=utf-8,false,404,0,true,https://solvemymedia.com/sitemap.xml,29
1,https://solvemymedia.com/ms/transcribe-mp4,,text/plain; charset=utf-8,false,404,0,true,https://solvemymedia.com/sitemap.xml,29
1,https://solvemymedia.com/pt/join-audio-files,,text/plain; charset=utf-8,false,404,0,true,https://solvemymedia.com/sitemap.xml,29
1,https://solvemymedia.com/de/resize-video-for-tiktok,,text/plain; charset=utf-8,false,404,0,true,https://solvemymedia.com/sitemap.xml,29
1,https://solvemymedia.com/no/transcribe-mp3,,text/plain; charset=utf-8,false,404,0,true,https://solvemymedia.com/sitemap.xml,29
1,https://solvemymedia.com/ms/ogg-to-mp3,,text/plain; charset=utf-8,false,404,0,true,https://solvemymedia.com/sitemap.xml,29
1,https://solvemymedia.com/nl/crop-mp4,,text/plain; charset=utf-8,false,404,0,true,https://solvemymedia.com/sitemap.xml,29
1,https://solvemymedia.com/ro/converteste-video,,text/plain; charset=utf-8,false,404,0,true,https://solvemymedia.com/sitemap.xml,29
1,https://solvemymedia.com/sv/tystad-video,,text/plain; charset=utf-8,false,404,0,true,https://solvemymedia.com/sitemap.xml,29
1,https://solvemymedia.com/pl/screen-recorder,,text/plain; charset=utf-8,false,404,0,true,https://solvemymedia.com/sitemap.xml,29
1,https://solvemymedia.com/hu/compress-mp3,,text/plain; charset=utf-8,false,404,0,true,https://solvemymedia.com/sitemap.xml,29
1,https://solvemymedia.com/de/transcribe-mp4,,text/plain; charset=utf-8,false,404,0,true,https://solvemymedia.com/sitemap.xml,29
1,https://solvemymedia.com/sk/pricing,,text/plain; charset=utf-8,false,404,0,true,https://solvemymedia.com/sitemap.xml,29
1,https://solvemymedia.com/da/komprimer-video,,text/plain; charset=utf-8,false,404,0,true,https://solvemymedia.com/sitemap.xml,29
1,https://solvemymedia.com/da/audio-recorder,,text/plain; charset=utf-8,false,404,0,true,https://solvemymedia.com/sitemap.xml,29
1,https://solvemymedia.com/th/webm-to-mp4,,text/plain; charset=utf-8,false,404,0,true,https://solvemymedia.com/sitemap.xml,29
1,https://solvemymedia.com/da/avi-to-mp4,,text/plain; charset=utf-8,false,404,0,true,https://solvemymedia.com/sitemap.xml,29
1,https://solvemymedia.com/he/dchisot-audio,,text/plain; charset=utf-8,false,404,0,true,https://solvemymedia.com/sitemap.xml,29
1,https://solvemymedia.com/cs/join-audio-files,,text/plain; charset=utf-8,false,404,0,true,https://solvemymedia.com/sitemap.xml,29
1,https://solvemymedia.com/no/flac-to-mp3,,text/plain; charset=utf-8,false,404,0,true,https://solvemymedia.com/sitemap.xml,29
1,https://solvemymedia.com/uk/transkriba,,text/plain; charset=utf-8,false,404,0,true,https://solvemymedia.com/sitemap.xml,29
1,https://solvemymedia.com/pt/compress-webm,,text/plain; charset=utf-8,false,404,0,true,https://solvemymedia.com/sitemap.xml,29
1,https://solvemymedia.com/el/compress-wav,,text/plain; charset=utf-8,false,404,0,true,https://solvemymedia.com/sitemap.xml,29
1,https://solvemymedia.com/id/transcribe-mp3,,text/plain; charset=utf-8,false,404,0,true,https://solvemymedia.com/sitemap.xml,29
1,https://solvemymedia.com/ar/thwyl-alfidyo,,text/plain; charset=utf-8,false,404,0,true,https://solvemymedia.com/sitemap.xml,29
1,https://solvemymedia.com/uk/join-audio-files,,text/plain; charset=utf-8,false,404,0,true,https://solvemymedia.com/sitemap.xml,29
1,https://solvemymedia.com/el/wav-to-mp3,,text/plain; charset=utf-8,false,404,0,true,https://solvemymedia.com/sitemap.xml,29
1,https://solvemymedia.com/ru/compress-mov,,text/plain; charset=utf-8,false,404,0,true,https://solvemymedia.com/sitemap.xml,29
1,https://solvemymedia.com/vi/ogg-to-mp3,,text/plain; charset=utf-8,false,404,0,true,https://solvemymedia.com/sitemap.xml,29
1,https://solvemymedia.com/hu/crop-mp4,,text/plain; charset=utf-8,false,404,0,true,https://solvemymedia.com/sitemap.xml,29
1,https://solvemymedia.com/tr/mkv-to-mp4,,text/plain; charset=utf-8,false,404,0,true,https://solvemymedia.com/sitemap.xml,29
1,https://solvemymedia.com/el/compress-mp3,,text/plain; charset=utf-8,false,404,0,true,https://solvemymedia.com/sitemap.xml,29
1,https://solvemymedia.com/el/compress-mp4,,text/plain; charset=utf-8,false,404,0,true,https://solvemymedia.com/sitemap.xml,29
1,https://solvemymedia.com/id/mp4-to-mp3,,text/plain; charset=utf-8,false,404,0,true,https://solvemymedia.com/sitemap.xml,29
1,https://solvemymedia.com/zh/compress-mov,,text/plain; charset=utf-8,false,404,0,true,https://solvemymedia.com/sitemap.xml,29
1,https://solvemymedia.com/tr/wav-to-mp3,,text/plain; charset=utf-8,false,404,0,true,https://solvemymedia.com/sitemap.xml,29
1,https://solvemymedia.com/fr/slow-down-mp4,,text/plain; charset=utf-8,false,404,0,true,https://solvemymedia.com/sitemap.xml,29
1,https://solvemymedia.com/he/merge-mp3,,text/plain; charset=utf-8,false,404,0,true,https://solvemymedia.com/sitemap.xml,29
1,https://solvemymedia.com/ms/slow-down-mp4,,text/plain; charset=utf-8,false,404,0,true,https://solvemymedia.com/sitemap.xml,29
1,https://solvemymedia.com/da/add-watermark-to-mp4,,text/plain; charset=utf-8,false,404,0,true,https://solvemymedia.com/sitemap.xml,29
1,https://solvemymedia.com/ar/mp4-to-gif,,text/plain; charset=utf-8,false,404,0,true,https://solvemymedia.com/sitemap.xml,29
1,https://solvemymedia.com/el/synergasia-audio,,text/plain; charset=utf-8,false,404,0,true,https://solvemymedia.com/sitemap.xml,29
1,https://solvemymedia.com/hi/video-speed,,text/plain; charset=utf-8,false,404,0,true,https://solvemymedia.com/sitemap.xml,29
1,https://solvemymedia.com/hu/speed-up-mp4,,text/plain; charset=utf-8,false,404,0,true,https://solvemymedia.com/sitemap.xml,29
1,https://solvemymedia.com/no/join-audio-files,,text/plain; charset=utf-8,false,404,0,true,https://solvemymedia.com/sitemap.xml,29
1,https://solvemymedia.com/nl/m4a-to-mp3,,text/plain; charset=utf-8,false,404,0,true,https://solvemymedia.com/sitemap.xml,29
1,https://solvemymedia.com/zh/compress-wav,,text/plain; charset=utf-8,false,404,0,true,https://solvemymedia.com/sitemap.xml,29
1,https://solvemymedia.com/he/hmr-audio,,text/plain; charset=utf-8,false,404,0,true,https://solvemymedia.com/sitemap.xml,29
1,https://solvemymedia.com/nl/join-audio-files,,text/plain; charset=utf-8,false,404,0,true,https://solvemymedia.com/sitemap.xml,29
1,https://solvemymedia.com/he/join-audio-files,,text/plain; charset=utf-8,false,404,0,true,https://solvemymedia.com/sitemap.xml,29
1,https://solvemymedia.com/pl/compress-mp3,,text/plain; charset=utf-8,false,404,0,true,https://solvemymedia.com/sitemap.xml,29
1,https://solvemymedia.com/ro/taie-video,,text/plain; charset=utf-8,false,404,0,true,https://solvemymedia.com/sitemap.xml,29
1,https://solvemymedia.com/fi/ogg-to-mp3,,text/plain; charset=utf-8,false,404,0,true,https://solvemymedia.com/sitemap.xml,29
1,https://solvemymedia.com/el/mp4-to-gif,,text/plain; charset=utf-8,false,404,0,true,https://solvemymedia.com/sitemap.xml,29
1,https://solvemymedia.com/ja/audio-recorder,,text/plain; charset=utf-8,false,404,0,true,https://solvemymedia.com/sitemap.xml,29
1,https://solvemymedia.com/da/remove-audio-from-video,,text/plain; charset=utf-8,false,404,0,true,https://solvemymedia.com/sitemap.xml,29
1,https://solvemymedia.com/cs/konvertovat-audio,,text/plain; charset=utf-8,false,404,0,true,https://solvemymedia.com/sitemap.xml,29
1,https://solvemymedia.com/no/demp-video,,text/plain; charset=utf-8,false,404,0,true,https://solvemymedia.com/sitemap.xml,29
1,https://solvemymedia.com/pt/speed-up-mp4,,text/plain; charset=utf-8,false,404,0,true,https://solvemymedia.com/sitemap.xml,29
1,https://solvemymedia.com/ar/crop-mp4,,text/plain; charset=utf-8,false,404,0,true,https://solvemymedia.com/sitemap.xml,29
1,https://solvemymedia.com/hu/mp4-to-gif,,text/plain; charset=utf-8,false,404,0,true,https://solvemymedia.com/sitemap.xml,29
1,https://solvemymedia.com/fi/speed-up-mp4,,text/plain; charset=utf-8,false,404,0,true,https://solvemymedia.com/sitemap.xml,29
1,https://solvemymedia.com/ar/dght-alfidyo,,text/plain; charset=utf-8,false,404,0,true,https://solvemymedia.com/sitemap.xml,29
1,https://solvemymedia.com/el/symnpiesost-video,,text/plain; charset=utf-8,false,404,0,true,https://solvemymedia.com/sitemap.xml,29
1,https://solvemymedia.com/de/m4a-to-mp3,,text/plain; charset=utf-8,false,404,0,true,https://solvemymedia.com/sitemap.xml,29
1,https://solvemymedia.com/he/mkv-to-mp4,,text/plain; charset=utf-8,false,404,0,true,https://solvemymedia.com/sitemap.xml,29
1,https://solvemymedia.com/tr/transcribe-mp4,,text/plain; charset=utf-8,false,404,0,true,https://solvemymedia.com/sitemap.xml,29
1,https://solvemymedia.com/ar/m4a-to-mp3,,text/plain; charset=utf-8,false,404,0,true,https://solvemymedia.com/sitemap.xml,29
1,https://solvemymedia.com/sv/remove-audio-from-video,,text/plain; charset=utf-8,false,404,0,true,https://solvemymedia.com/sitemap.xml,29
1,https://solvemymedia.com/uk/zapis-ekrana,,text/plain; charset=utf-8,false,404,0,true,https://solvemymedia.com/sitemap.xml,29
1,https://solvemymedia.com/ro/compress-mov,,text/plain; charset=utf-8,false,404,0,true,https://solvemymedia.com/sitemap.xml,29
1,https://solvemymedia.com/th/screen-recorder,,text/plain; charset=utf-8,false,404,0,true,https://solvemymedia.com/sitemap.xml,29
1,https://solvemymedia.com/ko/screen-recorder,,text/plain; charset=utf-8,false,404,0,true,https://solvemymedia.com/sitemap.xml,29
1,https://solvemymedia.com/sk/merge-mp3,,text/plain; charset=utf-8,false,404,0,true,https://solvemymedia.com/sitemap.xml,29
1,https://solvemymedia.com/sv/avi-to-mp4,,text/plain; charset=utf-8,false,404,0,true,https://solvemymedia.com/sitemap.xml,29
1,https://solvemymedia.com/nl/mov-to-gif,,text/plain; charset=utf-8,false,404,0,true,https://solvemymedia.com/sitemap.xml,29
1,https://solvemymedia.com/da/crop-mp4,,text/plain; charset=utf-8,false,404,0,true,https://solvemymedia.com/sitemap.xml,29
1,https://solvemymedia.com/th/merge-mp3,,text/plain; charset=utf-8,false,404,0,true,https://solvemymedia.com/sitemap.xml,29
1,https://solvemymedia.com/ru/mp4-to-gif,,text/plain; charset=utf-8,false,404,0,true,https://solvemymedia.com/sitemap.xml,29
1,https://solvemymedia.com/id/wav-to-mp3,,text/plain; charset=utf-8,false,404,0,true,https://solvemymedia.com/sitemap.xml,29
1,https://solvemymedia.com/hu/mp4-to-mp3,,text/plain; charset=utf-8,false,404,0,true,https://solvemymedia.com/sitemap.xml,29
1,https://solvemymedia.com/th/compress-wav,,text/plain; charset=utf-8,false,404,0,true,https://solvemymedia.com/sitemap.xml,29
1,https://solvemymedia.com/sk,,text/plain; charset=utf-8,false,404,0,true,https://solvemymedia.com/sitemap.xml,29
1,https://solvemymedia.com/tr/mute-mp4,,text/plain; charset=utf-8,false,404,0,true,https://solvemymedia.com/sitemap.xml,29
1,https://solvemymedia.com/zh/mute-mp4,,text/plain; charset=utf-8,false,404,0,true,https://solvemymedia.com/sitemap.xml,29
1,https://solvemymedia.com/it/wav-to-mp3,,text/plain; charset=utf-8,false,404,0,true,https://solvemymedia.com/sitemap.xml,29
1,https://solvemymedia.com/fi/compress-webm,,text/plain; charset=utf-8,false,404,0,true,https://solvemymedia.com/sitemap.xml,29
1,https://solvemymedia.com/id/merge-mp3,,text/plain; charset=utf-8,false,404,0,true,https://solvemymedia.com/sitemap.xml,29
1,https://solvemymedia.com/sv/wav-to-mp3,,text/plain; charset=utf-8,false,404,0,true,https://solvemymedia.com/sitemap.xml,29
1,https://solvemymedia.com/pl/mov-to-mp4,,text/plain; charset=utf-8,false,404,0,true,https://solvemymedia.com/sitemap.xml,29
1,https://solvemymedia.com/no/transkriben,,text/plain; charset=utf-8,false,404,0,true,https://solvemymedia.com/sitemap.xml,29
1,https://solvemymedia.com/tr/avi-to-mp4,,text/plain; charset=utf-8,false,404,0,true,https://solvemymedia.com/sitemap.xml,29
1,https://solvemymedia.com/de/mov-to-gif,,text/plain; charset=utf-8,false,404,0,true,https://solvemymedia.com/sitemap.xml,29
1,https://solvemymedia.com/th/audio-recorder,,text/plain; charset=utf-8,false,404,0,true,https://solvemymedia.com/sitemap.xml,29
1,https://solvemymedia.com/sv/mp4-to-mp3,,text/plain; charset=utf-8,false,404,0,true,https://solvemymedia.com/sitemap.xml,29
1,https://solvemymedia.com/it/flac-to-mp3,,text/plain; charset=utf-8,false,404,0,true,https://solvemymedia.com/sitemap.xml,29
1,https://solvemymedia.com/ms/mp4-to-mp3,,text/plain; charset=utf-8,false,404,0,true,https://solvemymedia.com/sitemap.xml,29
1,https://solvemymedia.com/el/webm-to-mp4,,text/plain; charset=utf-8,false,404,0,true,https://solvemymedia.com/sitemap.xml,29
1,https://solvemymedia.com/it/audio-recorder,,text/plain; charset=utf-8,false,404,0,true,https://solvemymedia.com/sitemap.xml,29
1,https://solvemymedia.com/ms/compress-wav,,text/plain; charset=utf-8,false,404,0,true,https://solvemymedia.com/sitemap.xml,29
1,https://solvemymedia.com/tr/remove-audio-from-video,,text/plain; charset=utf-8,false,404,0,true,https://solvemymedia.com/sitemap.xml,29
1,https://solvemymedia.com/sk/compress-mov,,text/plain; charset=utf-8,false,404,0,true,https://solvemymedia.com/sitemap.xml,29
1,https://solvemymedia.com/sv/mkv-to-mp4,,text/plain; charset=utf-8,false,404,0,true,https://solvemymedia.com/sitemap.xml,29
1,https://solvemymedia.com/ar/mov-to-gif,,text/plain; charset=utf-8,false,404,0,true,https://solvemymedia.com/sitemap.xml,29
1,https://solvemymedia.com/de/wav-to-mp3,,text/plain; charset=utf-8,false,404,0,true,https://solvemymedia.com/sitemap.xml,29
1,https://solvemymedia.com/sk/join-audio-files,,text/plain; charset=utf-8,false,404,0,true,https://solvemymedia.com/sitemap.xml,29
1,https://solvemymedia.com/el/audio-recorder,,text/plain; charset=utf-8,false,404,0,true,https://solvemymedia.com/sitemap.xml,29
1,https://solvemymedia.com/pl/mkv-to-mp4,,text/plain; charset=utf-8,false,404,0,true,https://solvemymedia.com/sitemap.xml,29
1,https://solvemymedia.com/pl/merge-mp3,,text/plain; charset=utf-8,false,404,0,true,https://solvemymedia.com/sitemap.xml,29
1,https://solvemymedia.com/ar/screen-recorder,,text/plain; charset=utf-8,false,404,0,true,https://solvemymedia.com/sitemap.xml,29
1,https://solvemymedia.com/id/mov-to-gif,,text/plain; charset=utf-8,false,404,0,true,https://solvemymedia.com/sitemap.xml,29
1,https://solvemymedia.com/ar/transcribe-mp3,,text/plain; charset=utf-8,false,404,0,true,https://solvemymedia.com/sitemap.xml,29
1,https://solvemymedia.com/hu/transcribe-mp3,,text/plain; charset=utf-8,false,404,0,true,https://solvemymedia.com/sitemap.xml,29
1,https://solvemymedia.com/ms/compress-mp3,,text/plain; charset=utf-8,false,404,0,true,https://solvemymedia.com/sitemap.xml,29
1,https://solvemymedia.com/ar/join-audio-files,,text/plain; charset=utf-8,false,404,0,true,https://solvemymedia.com/sitemap.xml,29
1,https://solvemymedia.com/ro/compress-mp4,,text/plain; charset=utf-8,false,404,0,true,https://solvemymedia.com/sitemap.xml,29
1,https://solvemymedia.com/tr/ses-birlestir,,text/plain; charset=utf-8,false,404,0,true,https://solvemymedia.com/sitemap.xml,29
1,https://solvemymedia.com/sk/mov-to-mp4,,text/plain; charset=utf-8,false,404,0,true,https://solvemymedia.com/sitemap.xml,29
1,https://solvemymedia.com/uk/speed-up-mp4,,text/plain; charset=utf-8,false,404,0,true,https://solvemymedia.com/sitemap.xml,29
1,https://solvemymedia.com/no/crop-mp4,,text/plain; charset=utf-8,false,404,0,true,https://solvemymedia.com/sitemap.xml,29
1,https://solvemymedia.com/he/avi-to-mp4,,text/plain; charset=utf-8,false,404,0,true,https://solvemymedia.com/sitemap.xml,29
1,https://solvemymedia.com/el/remove-audio-from-video,,text/plain; charset=utf-8,false,404,0,true,https://solvemymedia.com/sitemap.xml,29
1,https://solvemymedia.com/tr/compress-mp4,,text/plain; charset=utf-8,false,404,0,true,https://solvemymedia.com/sitemap.xml,29
1,https://solvemymedia.com/nl/transcribe-mp4,,text/plain; charset=utf-8,false,404,0,true,https://solvemymedia.com/sitemap.xml,29
1,https://solvemymedia.com/no/webm-to-mp4,,text/plain; charset=utf-8,false,404,0,true,https://solvemymedia.com/sitemap.xml,29
1,https://solvemymedia.com/ms/wav-to-mp3,,text/plain; charset=utf-8,false,404,0,true,https://solvemymedia.com/sitemap.xml,29
1,https://solvemymedia.com/he/tzor-gif,,text/plain; charset=utf-8,false,404,0,true,https://solvemymedia.com/sitemap.xml,29
1,https://solvemymedia.com/hi/video-watermark,,text/plain; charset=utf-8,false,404,0,true,https://solvemymedia.com/sitemap.xml,29
1,https://solvemymedia.com/es/audio-recorder,,text/plain; charset=utf-8,false,404,0,true,https://solvemymedia.com/sitemap.xml,29
1,https://solvemymedia.com/es/add-watermark-to-mp4,,text/plain; charset=utf-8,false,404,0,true,https://solvemymedia.com/sitemap.xml,29
1,https://solvemymedia.com/hi/merge-mp3,,text/plain; charset=utf-8,false,404,0,true,https://solvemymedia.com/sitemap.xml,29
1,https://solvemymedia.com/cs/video-na-audio,,text/plain; charset=utf-8,false,404,0,true,https://solvemymedia.com/sitemap.xml,29
1,https://solvemymedia.com/ja/mp4-to-gif,,text/plain; charset=utf-8,false,404,0,true,https://solvemymedia.com/sitemap.xml,29
1,https://solvemymedia.com/ru/webm-to-mp4,,text/plain; charset=utf-8,false,404,0,true,https://solvemymedia.com/sitemap.xml,29
1,https://solvemymedia.com/he/video-leaudio,,text/plain; charset=utf-8,false,404,0,true,https://solvemymedia.com/sitemap.xml,29
1,https://solvemymedia.com/de/crop-mp4,,text/plain; charset=utf-8,false,404,0,true,https://solvemymedia.com/sitemap.xml,29
1,https://solvemymedia.com/no/m4a-to-mp3,,text/plain; charset=utf-8,false,404,0,true,https://solvemymedia.com/sitemap.xml,29
1,https://solvemymedia.com/vi/m4a-to-mp3,,text/plain; charset=utf-8,false,404,0,true,https://solvemymedia.com/sitemap.xml,29
1,https://solvemymedia.com/de/ogg-to-mp3,,text/plain; charset=utf-8,false,404,0,true,https://solvemymedia.com/sitemap.xml,29
1,https://solvemymedia.com/de/compress-mov,,text/plain; charset=utf-8,false,404,0,true,https://solvemymedia.com/sitemap.xml,29
1,https://solvemymedia.com/id/webm-to-mp4,,text/plain; charset=utf-8,false,404,0,true,https://solvemymedia.com/sitemap.xml,29
1,https://solvemymedia.com/pt/compress-wav,,text/plain; charset=utf-8,false,404,0,true,https://solvemymedia.com/sitemap.xml,29
1,https://solvemymedia.com/sk/compress-wav,,text/plain; charset=utf-8,false,404,0,true,https://solvemymedia.com/sitemap.xml,29
1,https://solvemymedia.com/pl/transcribe-mp4,,text/plain; charset=utf-8,false,404,0,true,https://solvemymedia.com/sitemap.xml,29
1,https://solvemymedia.com/he/wav-to-mp3,,text/plain; charset=utf-8,false,404,0,true,https://solvemymedia.com/sitemap.xml,29
1,https://solvemymedia.com/he/mp4-to-mp3,,text/plain; charset=utf-8,false,404,0,true,https://solvemymedia.com/sitemap.xml,29
1,https://solvemymedia.com/sv/screen-recorder,,text/plain; charset=utf-8,false,404,0,true,https://solvemymedia.com/sitemap.xml,29
1,https://solvemymedia.com/ko/odio-apchuk,,text/plain; charset=utf-8,false,404,0,true,https://solvemymedia.com/sitemap.xml,29
1,https://solvemymedia.com/vi/compress-webm,,text/plain; charset=utf-8,false,404,0,true,https://solvemymedia.com/sitemap.xml,29
1,https://solvemymedia.com/it/merge-mp3,,text/plain; charset=utf-8,false,404,0,true,https://solvemymedia.com/sitemap.xml,29
1,https://solvemymedia.com/hu/add-watermark-to-mp4,,text/plain; charset=utf-8,false,404,0,true,https://solvemymedia.com/sitemap.xml,29
1,https://solvemymedia.com/cs/mp4-to-mp3,,text/plain; charset=utf-8,false,404,0,true,https://solvemymedia.com/sitemap.xml,29
1,https://solvemymedia.com/pl/compress-mov,,text/plain; charset=utf-8,false,404,0,true,https://solvemymedia.com/sitemap.xml,29
1,https://solvemymedia.com/no/wav-to-mp3,,text/plain; charset=utf-8,false,404,0,true,https://solvemymedia.com/sitemap.xml,29
1,https://solvemymedia.com/id/mkv-to-mp4,,text/plain; charset=utf-8,false,404,0,true,https://solvemymedia.com/sitemap.xml,29
1,https://solvemymedia.com/sk/vytvorit-gif,,text/plain; charset=utf-8,false,404,0,true,https://solvemymedia.com/sitemap.xml,39
1,https://solvemymedia.com/ru/zapis,,text/plain; charset=utf-8,false,404,0,true,https://solvemymedia.com/sitemap.xml,29
1,https://solvemymedia.com/fi/resize-video-for-tiktok,,text/plain; charset=utf-8,false,404,0,true,https://solvemymedia.com/sitemap.xml,29
1,https://solvemymedia.com/hi/mov-to-mp4,,text/plain; charset=utf-8,false,404,0,true,https://solvemymedia.com/sitemap.xml,29
1,https://solvemymedia.com/uk/compress-mp3,,text/plain; charset=utf-8,false,404,0,true,https://solvemymedia.com/sitemap.xml,29
1,https://solvemymedia.com/cs/vodoznak-video,,text/plain; charset=utf-8,false,404,0,true,https://solvemymedia.com/sitemap.xml,29
1,https://solvemymedia.com/hi/compress-wav,,text/plain; charset=utf-8,false,404,0,true,https://solvemymedia.com/sitemap.xml,29
1,https://solvemymedia.com/da/transskriber,,text/plain; charset=utf-8,false,404,0,true,https://solvemymedia.com/sitemap.xml,29
1,https://solvemymedia.com/ru/avi-to-mp4,,text/plain; charset=utf-8,false,404,0,true,https://solvemymedia.com/sitemap.xml,29
1,https://solvemymedia.com/fr/compress-mp4,,text/plain; charset=utf-8,false,404,0,true,https://solvemymedia.com/sitemap.xml,29
1,https://solvemymedia.com/ko/add-watermark-to-mp4,,text/plain; charset=utf-8,false,404,0,true,https://solvemymedia.com/sitemap.xml,29
1,https://solvemymedia.com/ar/wav-to-mp3,,text/plain; charset=utf-8,false,404,0,true,https://solvemymedia.com/sitemap.xml,29
1,https://solvemymedia.com/fi/mov-to-gif,,text/plain; charset=utf-8,false,404,0,true,https://solvemymedia.com/sitemap.xml,29
1,https://solvemymedia.com/sk/vodoznak-video,,text/plain; charset=utf-8,false,404,0,true,https://solvemymedia.com/sitemap.xml,29
1,https://solvemymedia.com/tr/mov-to-mp4,,text/plain; charset=utf-8,false,404,0,true,https://solvemymedia.com/sitemap.xml,29
1,https://solvemymedia.com/he/mp4-to-gif,,text/plain; charset=utf-8,false,404,0,true,https://solvemymedia.com/sitemap.xml,29
1,https://solvemymedia.com/sv/m4a-to-mp3,,text/plain; charset=utf-8,false,404,0,true,https://solvemymedia.com/sitemap.xml,29
1,https://solvemymedia.com/no/mp4-to-mp3,,text/plain; charset=utf-8,false,404,0,true,https://solvemymedia.com/sitemap.xml,29
1,https://solvemymedia.com/ro/compress-mp3,,text/plain; charset=utf-8,false,404,0,true,https://solvemymedia.com/sitemap.xml,29
1,https://solvemymedia.com/ar/compress-mp3,,text/plain; charset=utf-8,false,404,0,true,https://solvemymedia.com/sitemap.xml,29
1,https://solvemymedia.com/ar/slow-down-mp4,,text/plain; charset=utf-8,false,404,0,true,https://solvemymedia.com/sitemap.xml,29
1,https://solvemymedia.com/vi/compress-mp4,,text/plain; charset=utf-8,false,404,0,true,https://solvemymedia.com/sitemap.xml,29
1,https://solvemymedia.com/ro/mute-mp4,,text/plain; charset=utf-8,false,404,0,true,https://solvemymedia.com/sitemap.xml,29
1,https://solvemymedia.com/ko/mute-mp4,,text/plain; charset=utf-8,false,404,0,true,https://solvemymedia.com/sitemap.xml,29
1,https://solvemymedia.com/th/wideo-phen-siang,,text/plain; charset=utf-8,false,404,0,true,https://solvemymedia.com/sitemap.xml,29
1,https://solvemymedia.com/ja/slow-down-mp4,,text/plain; charset=utf-8,false,404,0,true,https://solvemymedia.com/sitemap.xml,29
1,https://solvemymedia.com/nl/merge-mp3,,text/plain; charset=utf-8,false,404,0,true,https://solvemymedia.com/sitemap.xml,29
1,https://solvemymedia.com/tr/videodan-ses,,text/plain; charset=utf-8,false,404,0,true,https://solvemymedia.com/sitemap.xml,29
1,https://solvemymedia.com/es/avi-to-mp4,,text/plain; charset=utf-8,false,404,0,true,https://solvemymedia.com/sitemap.xml,29
1,https://solvemymedia.com/ar/speed-up-mp4,,text/plain; charset=utf-8,false,404,0,true,https://solvemymedia.com/sitemap.xml,29
1,https://solvemymedia.com/ko/bidio-jallagi,,text/plain; charset=utf-8,false,404,0,true,https://solvemymedia.com/sitemap.xml,29
1,https://solvemymedia.com/th/mute-mp4,,text/plain; charset=utf-8,false,404,0,true,https://solvemymedia.com/sitemap.xml,29
1,https://solvemymedia.com/sv/compress-wav,,text/plain; charset=utf-8,false,404,0,true,https://solvemymedia.com/sitemap.xml,29
1,https://solvemymedia.com/de/mp4-to-mp3,,text/plain; charset=utf-8,false,404,0,true,https://solvemymedia.com/sitemap.xml,29
1,https://solvemymedia.com/it/speed-up-mp4,,text/plain; charset=utf-8,false,404,0,true,https://solvemymedia.com/sitemap.xml,29
1,https://solvemymedia.com/th/slow-down-mp4,,text/plain; charset=utf-8,false,404,0,true,https://solvemymedia.com/sitemap.xml,29
1,https://solvemymedia.com/da/opret-gif,,text/plain; charset=utf-8,false,404,0,true,https://solvemymedia.com/sitemap.xml,29
1,https://solvemymedia.com/hu/mov-to-gif,,text/plain; charset=utf-8,false,404,0,true,https://solvemymedia.com/sitemap.xml,29
1,https://solvemymedia.com/fi/transcribe-mp3,,text/plain; charset=utf-8,false,404,0,true,https://solvemymedia.com/sitemap.xml,29
1,https://solvemymedia.com/no/compress-mp3,,text/plain; charset=utf-8,false,404,0,true,https://solvemymedia.com/sitemap.xml,29
1,https://solvemymedia.com/sk/mkv-to-mp4,,text/plain; charset=utf-8,false,404,0,true,https://solvemymedia.com/sitemap.xml,29
1,https://solvemymedia.com/id/slow-down-mp4,,text/plain; charset=utf-8,false,404,0,true,https://solvemymedia.com/sitemap.xml,29
1,https://solvemymedia.com/ro/creeaza-gif,,text/plain; charset=utf-8,false,404,0,true,https://solvemymedia.com/sitemap.xml,29
1,https://solvemymedia.com/he/hashket-video,,text/plain; charset=utf-8,false,404,0,true,https://solvemymedia.com/sitemap.xml,29
1,https://solvemymedia.com/hu/video-hanggya,,text/plain; charset=utf-8,false,404,0,true,https://solvemymedia.com/sitemap.xml,29
1,https://solvemymedia.com/ru/crop-mp4,,text/plain; charset=utf-8,false,404,0,true,https://solvemymedia.com/sitemap.xml,29
1,https://solvemymedia.com/fi/add-watermark-to-mp4,,text/plain; charset=utf-8,false,404,0,true,https://solvemymedia.com/sitemap.xml,29
1,https://solvemymedia.com/he/dchisot-video,,text/plain; charset=utf-8,false,404,0,true,https://solvemymedia.com/sitemap.xml,29
1,https://solvemymedia.com/da/compress-webm,,text/plain; charset=utf-8,false,404,0,true,https://solvemymedia.com/sitemap.xml,29
1,https://solvemymedia.com/hu/atiratas,,text/plain; charset=utf-8,false,404,0,true,https://solvemymedia.com/sitemap.xml,29
1,https://solvemymedia.com/da/mute-mp4,,text/plain; charset=utf-8,false,404,0,true,https://solvemymedia.com/sitemap.xml,29
1,https://solvemymedia.com/sv/sla-ihop-ljud,,text/plain; charset=utf-8,false,404,0,true,https://solvemymedia.com/sitemap.xml,29
1,https://solvemymedia.com/th/pli-an-audio,,text/plain; charset=utf-8,false,404,0,true,https://solvemymedia.com/sitemap.xml,29
1,https://solvemymedia.com/uk/transcribe-mp4,,text/plain; charset=utf-8,false,404,0,true,https://solvemymedia.com/sitemap.xml,29
1,https://solvemymedia.com/pl/join-audio-files,,text/plain; charset=utf-8,false,404,0,true,https://solvemymedia.com/sitemap.xml,29
1,https://solvemymedia.com/it/converti-video,,text/plain; charset=utf-8,false,404,0,true,https://solvemymedia.com/sitemap.xml,29
1,https://solvemymedia.com/el/taxyta-video,,text/plain; charset=utf-8,false,404,0,true,https://solvemymedia.com/sitemap.xml,29
1,https://solvemymedia.com/ms/screen-recorder,,text/plain; charset=utf-8,false,404,0,true,https://solvemymedia.com/sitemap.xml,29
1,https://solvemymedia.com/ru/resize-video-for-tiktok,,text/plain; charset=utf-8,false,404,0,true,https://solvemymedia.com/sitemap.xml,29
1,https://solvemymedia.com/pt/mute-mp4,,text/plain; charset=utf-8,false,404,0,true,https://solvemymedia.com/sitemap.xml,29
1,https://solvemymedia.com/hu/avi-to-mp4,,text/plain; charset=utf-8,false,404,0,true,https://solvemymedia.com/sitemap.xml,29
1,https://solvemymedia.com/pl/resize-video-for-tiktok,,text/plain; charset=utf-8,false,404,0,true,https://solvemymedia.com/sitemap.xml,29
1,https://solvemymedia.com/no/audio-recorder,,text/plain; charset=utf-8,false,404,0,true,https://solvemymedia.com/sitemap.xml,29
1,https://solvemymedia.com/ms/mute-mp4,,text/plain; charset=utf-8,false,404,0,true,https://solvemymedia.com/sitemap.xml,29
1,https://solvemymedia.com/cs/slow-down-mp4,,text/plain; charset=utf-8,false,404,0,true,https://solvemymedia.com/sitemap.xml,29
1,https://solvemymedia.com/vi/sao-chep-am-thanh,,text/plain; charset=utf-8,false,404,0,true,https://solvemymedia.com/sitemap.xml,29
1,https://solvemymedia.com/pl/stworz-gif,,text/plain; charset=utf-8,false,404,0,true,https://solvemymedia.com/sitemap.xml,29
1,https://solvemymedia.com/th/resize-video-for-tiktok,,text/plain; charset=utf-8,false,404,0,true,https://solvemymedia.com/sitemap.xml,29
1,https://solvemymedia.com/da/mkv-to-mp4,,text/plain; charset=utf-8,false,404,0,true,https://solvemymedia.com/sitemap.xml,29
1,https://solvemymedia.com/ar/alaalm-almayy-alfidyo,,text/plain; charset=utf-8,false,404,0,true,https://solvemymedia.com/sitemap.xml,29
1,https://solvemymedia.com/pl/crop-mp4,,text/plain; charset=utf-8,false,404,0,true,https://solvemymedia.com/sitemap.xml,29
1,https://solvemymedia.com/ms/compress-mov,,text/plain; charset=utf-8,false,404,0,true,https://solvemymedia.com/sitemap.xml,29
1,https://solvemymedia.com/ja/merge-mp3,,text/plain; charset=utf-8,false,404,0,true,https://solvemymedia.com/sitemap.xml,29
1,https://solvemymedia.com/tr/mov-to-gif,,text/plain; charset=utf-8,false,404,0,true,https://solvemymedia.com/sitemap.xml,29
1,https://solvemymedia.com/th/add-watermark-to-mp4,,text/plain; charset=utf-8,false,404,0,true,https://solvemymedia.com/sitemap.xml,29
1,https://solvemymedia.com/es/compress-webm,,text/plain; charset=utf-8,false,404,0,true,https://solvemymedia.com/sitemap.xml,29
1,https://solvemymedia.com/da/mov-to-mp4,,text/plain; charset=utf-8,false,404,0,true,https://solvemymedia.com/sitemap.xml,29
1,https://solvemymedia.com/vi/remove-audio-from-video,,text/plain; charset=utf-8,false,404,0,true,https://solvemymedia.com/sitemap.xml,29
1,https://solvemymedia.com/ko/rikhoda,,text/plain; charset=utf-8,false,404,0,true,https://solvemymedia.com/sitemap.xml,29
1,https://solvemymedia.com/sk/screen-recorder,,text/plain; charset=utf-8,false,404,0,true,https://solvemymedia.com/sitemap.xml,29
1,https://solvemymedia.com/pt/m4a-to-mp3,,text/plain; charset=utf-8,false,404,0,true,https://solvemymedia.com/sitemap.xml,29
1,https://solvemymedia.com/ko/bidio-apchuk,,text/plain; charset=utf-8,false,404,0,true,https://solvemymedia.com/sitemap.xml,29
1,https://solvemymedia.com/da/slow-down-mp4,,text/plain; charset=utf-8,false,404,0,true,https://solvemymedia.com/sitemap.xml,29
1,https://solvemymedia.com/sk/mp4-to-gif,,text/plain; charset=utf-8,false,404,0,true,https://solvemymedia.com/sitemap.xml,29
1,https://solvemymedia.com/de/flac-to-mp3,,text/plain; charset=utf-8,false,404,0,true,https://solvemymedia.com/sitemap.xml,29
1,https://solvemymedia.com/hi/webm-to-mp4,,text/plain; charset=utf-8,false,404,0,true,https://solvemymedia.com/sitemap.xml,29
1,https://solvemymedia.com/hi/remove-audio-from-video,,text/plain; charset=utf-8,false,404,0,true,https://solvemymedia.com/sitemap.xml,29
1,https://solvemymedia.com/id/resize-video-for-tiktok,,text/plain; charset=utf-8,false,404,0,true,https://solvemymedia.com/sitemap.xml,29
1,https://solvemymedia.com/ru/m4a-to-mp3,,text/plain; charset=utf-8,false,404,0,true,https://solvemymedia.com/sitemap.xml,29
1,https://solvemymedia.com/hi/mp4-to-mp3,,text/plain; charset=utf-8,false,404,0,true,https://solvemymedia.com/sitemap.xml,29
1,https://solvemymedia.com/sv/audio-recorder,,text/plain; charset=utf-8,false,404,0,true,https://solvemymedia.com/sitemap.xml,29
1,https://solvemymedia.com/da/merge-mp3,,text/plain; charset=utf-8,false,404,0,true,https://solvemymedia.com/sitemap.xml,29
1,https://solvemymedia.com/zh/mov-to-mp4,,text/plain; charset=utf-8,false,404,0,true,https://solvemymedia.com/sitemap.xml,29
1,https://solvemymedia.com/fi/transcribe-mp4,,text/plain; charset=utf-8,false,404,0,true,https://solvemymedia.com/sitemap.xml,29
1,https://solvemymedia.com/th/remove-audio-from-video,,text/plain; charset=utf-8,false,404,0,true,https://solvemymedia.com/sitemap.xml,29
1,https://solvemymedia.com/ja/compress-mp3,,text/plain; charset=utf-8,false,404,0,true,https://solvemymedia.com/sitemap.xml,29
1,https://solvemymedia.com/th/ko-op-wideo,,text/plain; charset=utf-8,false,404,0,true,https://solvemymedia.com/sitemap.xml,29
1,https://solvemymedia.com/tr/webm-to-mp4,,text/plain; charset=utf-8,false,404,0,true,https://solvemymedia.com/sitemap.xml,29
1,https://solvemymedia.com/nl/transcribe-mp3,,text/plain; charset=utf-8,false,404,0,true,https://solvemymedia.com/sitemap.xml,29
1,https://solvemymedia.com/fi/join-audio-files,,text/plain; charset=utf-8,false,404,0,true,https://solvemymedia.com/sitemap.xml,29
1,https://solvemymedia.com/tr/slow-down-mp4,,text/plain; charset=utf-8,false,404,0,true,https://solvemymedia.com/sitemap.xml,29
1,https://solvemymedia.com/el/transcribe-mp3,,text/plain; charset=utf-8,false,404,0,true,https://solvemymedia.com/sitemap.xml,29
1,https://solvemymedia.com/tr/video-donustur,,text/plain; charset=utf-8,false,404,0,true,https://solvemymedia.com/sitemap.xml,29
1,https://solvemymedia.com/uk/crop-mp4,,text/plain; charset=utf-8,false,404,0,true,https://solvemymedia.com/sitemap.xml,29
1,https://solvemymedia.com/it/join-audio-files,,text/plain; charset=utf-8,false,404,0,true,https://solvemymedia.com/sitemap.xml,29
1,https://solvemymedia.com/de/join-audio-files,,text/plain; charset=utf-8,false,404,0,true,https://solvemymedia.com/sitemap.xml,29
1,https://solvemymedia.com/pl/wycisz-wideo,,text/plain; charset=utf-8,false,404,0,true,https://solvemymedia.com/sitemap.xml,29
1,https://solvemymedia.com/he/compress-wav,,text/plain; charset=utf-8,false,404,0,true,https://solvemymedia.com/sitemap.xml,29
1,https://solvemymedia.com/id/ogg-to-mp3,,text/plain; charset=utf-8,false,404,0,true,https://solvemymedia.com/sitemap.xml,29
1,https://solvemymedia.com/he/transcribe-mp4,,text/plain; charset=utf-8,false,404,0,true,https://solvemymedia.com/sitemap.xml,29
1,https://solvemymedia.com/es/screen-recorder,,text/plain; charset=utf-8,false,404,0,true,https://solvemymedia.com/sitemap.xml,29
1,https://solvemymedia.com/ro/wav-to-mp3,,text/plain; charset=utf-8,false,404,0,true,https://solvemymedia.com/sitemap.xml,29
1,https://solvemymedia.com/pl/audio-recorder,,text/plain; charset=utf-8,false,404,0,true,https://solvemymedia.com/sitemap.xml,29
1,https://solvemymedia.com/he/security,,text/plain; charset=utf-8,false,404,0,true,https://solvemymedia.com/sitemap.xml,29
1,https://solvemymedia.com/nl/speed-up-mp4,,text/plain; charset=utf-8,false,404,0,true,https://solvemymedia.com/sitemap.xml,29
1,https://solvemymedia.com/th/compress-mp3,,text/plain; charset=utf-8,false,404,0,true,https://solvemymedia.com/sitemap.xml,29
1,https://solvemymedia.com/th/ko-op-audio,,text/plain; charset=utf-8,false,404,0,true,https://solvemymedia.com/sitemap.xml,29
1,https://solvemymedia.com/ro/compress-wav,,text/plain; charset=utf-8,false,404,0,true,https://solvemymedia.com/sitemap.xml,29
1,https://solvemymedia.com/ar/sraat-alfidyo,,text/plain; charset=utf-8,false,404,0,true,https://solvemymedia.com/sitemap.xml,29
1,https://solvemymedia.com/pl/compress-mp4,,text/plain; charset=utf-8,false,404,0,true,https://solvemymedia.com/sitemap.xml,29
1,https://solvemymedia.com/el/ydroshimo-video,,text/plain; charset=utf-8,false,404,0,true,https://solvemymedia.com/sitemap.xml,29
1,https://solvemymedia.com/sk/compress-mp4,,text/plain; charset=utf-8,false,404,0,true,https://solvemymedia.com/sitemap.xml,29
1,https://solvemymedia.com/sv/compress-mov,,text/plain; charset=utf-8,false,404,0,true,https://solvemymedia.com/sitemap.xml,29
1,https://solvemymedia.com/uk/compress-mp4,,text/plain; charset=utf-8,false,404,0,true,https://solvemymedia.com/sitemap.xml,29
1,https://solvemymedia.com/no/compress-mov,,text/plain; charset=utf-8,false,404,0,true,https://solvemymedia.com/sitemap.xml,29
1,https://solvemymedia.com/hi/gif-banaye,,text/plain; charset=utf-8,false,404,0,true,https://solvemymedia.com/sitemap.xml,29
1,https://solvemymedia.com/ar/ogg-to-mp3,,text/plain; charset=utf-8,false,404,0,true,https://solvemymedia.com/sitemap.xml,29
1,https://solvemymedia.com/th/join-audio-files,,text/plain; charset=utf-8,false,404,0,true,https://solvemymedia.com/sitemap.xml,29
1,https://solvemymedia.com/pt/screen-recorder,,text/plain; charset=utf-8,false,404,0,true,https://solvemymedia.com/sitemap.xml,29
1,https://solvemymedia.com/el/compress-webm,,text/plain; charset=utf-8,false,404,0,true,https://solvemymedia.com/sitemap.xml,29
1,https://solvemymedia.com/ko/remove-audio-from-video,,text/plain; charset=utf-8,false,404,0,true,https://solvemymedia.com/sitemap.xml,29
1,https://solvemymedia.com/no/mov-to-gif,,text/plain; charset=utf-8,false,404,0,true,https://solvemymedia.com/sitemap.xml,29
1,https://solvemymedia.com/no/opptak,,text/plain; charset=utf-8,false,404,0,true,https://solvemymedia.com/sitemap.xml,29
1,https://solvemymedia.com/uk/sty-snuti-audio,,text/plain; charset=utf-8,false,404,0,true,https://solvemymedia.com/sitemap.xml,29
1,https://solvemymedia.com/hu/compress-mov,,text/plain; charset=utf-8,false,404,0,true,https://solvemymedia.com/sitemap.xml,29
1,https://solvemymedia.com/el/resize-video-for-tiktok,,text/plain; charset=utf-8,false,404,0,true,https://solvemymedia.com/sitemap.xml,29
1,https://solvemymedia.com/es/flac-to-mp3,,text/plain; charset=utf-8,false,404,0,true,https://solvemymedia.com/sitemap.xml,29
1,https://solvemymedia.com/hi/slow-down-mp4,,text/plain; charset=utf-8,false,404,0,true,https://solvemymedia.com/sitemap.xml,29
1,https://solvemymedia.com/id/speed-up-mp4,,text/plain; charset=utf-8,false,404,0,true,https://solvemymedia.com/sitemap.xml,29
1,https://solvemymedia.com/pl/flac-to-mp3,,text/plain; charset=utf-8,false,404,0,true,https://solvemymedia.com/sitemap.xml,29
1,https://solvemymedia.com/nl/video-watermerk,,text/plain; charset=utf-8,false,404,0,true,https://solvemymedia.com/sitemap.xml,29
1,https://solvemymedia.com/cs/add-watermark-to-mp4,,text/plain; charset=utf-8,false,404,0,true,https://solvemymedia.com/sitemap.xml,29
1,https://solvemymedia.com/hu/resize-video-for-tiktok,,text/plain; charset=utf-8,false,404,0,true,https://solvemymedia.com/sitemap.xml,29
1,https://solvemymedia.com/id/flac-to-mp3,,text/plain; charset=utf-8,false,404,0,true,https://solvemymedia.com/sitemap.xml,29
1,https://solvemymedia.com/pt/mkv-to-mp4,,text/plain; charset=utf-8,false,404,0,true,https://solvemymedia.com/sitemap.xml,29
1,https://solvemymedia.com/el/screen-recorder,,text/plain; charset=utf-8,false,404,0,true,https://solvemymedia.com/sitemap.xml,29
1,https://solvemymedia.com/fr/compress-webm,,text/plain; charset=utf-8,false,404,0,true,https://solvemymedia.com/sitemap.xml,29
1,https://solvemymedia.com/no/transcribe-mp4,,text/plain; charset=utf-8,false,404,0,true,https://solvemymedia.com/sitemap.xml,29
1,https://solvemymedia.com/ar/avi-to-mp4,,text/plain; charset=utf-8,false,404,0,true,https://solvemymedia.com/sitemap.xml,29
1,https://solvemymedia.com/zh/mkv-to-mp4,,text/plain; charset=utf-8,false,404,0,true,https://solvemymedia.com/sitemap.xml,29
1,https://solvemymedia.com/ms/mampat-audio,,text/plain; charset=utf-8,false,404,0,true,https://solvemymedia.com/sitemap.xml,29
1,https://solvemymedia.com/el/ogg-to-mp3,,text/plain; charset=utf-8,false,404,0,true,https://solvemymedia.com/sitemap.xml,29
1,https://solvemymedia.com/el/metaporpe-audio,,text/plain; charset=utf-8,false,404,0,true,https://solvemymedia.com/sitemap.xml,29
1,https://solvemymedia.com/pl/wav-to-mp3,,text/plain; charset=utf-8,false,404,0,true,https://solvemymedia.com/sitemap.xml,29
1,https://solvemymedia.com/vi/mute-mp4,,text/plain; charset=utf-8,false,404,0,true,https://solvemymedia.com/sitemap.xml,29
1,https://solvemymedia.com/tr/merge-mp3,,text/plain; charset=utf-8,false,404,0,true,https://solvemymedia.com/sitemap.xml,29
1,https://solvemymedia.com/ro/mkv-to-mp4,,text/plain; charset=utf-8,false,404,0,true,https://solvemymedia.com/sitemap.xml,29
1,https://solvemymedia.com/el/slow-down-mp4,,text/plain; charset=utf-8,false,404,0,true,https://solvemymedia.com/sitemap.xml,29
1,https://solvemymedia.com/uk/mp4-to-mp3,,text/plain; charset=utf-8,false,404,0,true,https://solvemymedia.com/sitemap.xml,29
1,https://solvemymedia.com/nl/recorder,,text/plain; charset=utf-8,false,404,0,true,https://solvemymedia.com/sitemap.xml,29
1,https://solvemymedia.com/cs/speed-up-mp4,,text/plain; charset=utf-8,false,404,0,true,https://solvemymedia.com/sitemap.xml,29
1,https://solvemymedia.com/hi/video-mute-kare,,text/plain; charset=utf-8,false,404,0,true,https://solvemymedia.com/sitemap.xml,29
1,https://solvemymedia.com/fi/video-audioksi,,text/plain; charset=utf-8,false,404,0,true,https://solvemymedia.com/sitemap.xml,29
1,https://solvemymedia.com/ko/bidio-wotomakeu,,text/plain; charset=utf-8,false,404,0,true,https://solvemymedia.com/sitemap.xml,29
1,https://solvemymedia.com/es/mov-to-mp4,,text/plain; charset=utf-8,false,404,0,true,https://solvemymedia.com/sitemap.xml,29
1,https://solvemymedia.com/sk/avi-to-mp4,,text/plain; charset=utf-8,false,404,0,true,https://solvemymedia.com/sitemap.xml,29
1,https://solvemymedia.com/ru/otkluchit-zvuk-video,,text/plain; charset=utf-8,false,404,0,true,https://solvemymedia.com/sitemap.xml,29
1,https://solvemymedia.com/es/compress-mp4,,text/plain; charset=utf-8,false,404,0,true,https://solvemymedia.com/sitemap.xml,29
1,https://solvemymedia.com/th/thod-siang,,text/plain; charset=utf-8,false,404,0,true,https://solvemymedia.com/sitemap.xml,29
1,https://solvemymedia.com/it/comprimi-audio,,text/plain; charset=utf-8,false,404,0,true,https://solvemymedia.com/sitemap.xml,29
1,https://solvemymedia.com/no/slow-down-mp4,,text/plain; charset=utf-8,false,404,0,true,https://solvemymedia.com/sitemap.xml,29
1,https://solvemymedia.com/fi/mkv-to-mp4,,text/plain; charset=utf-8,false,404,0,true,https://solvemymedia.com/sitemap.xml,29
1,https://solvemymedia.com/uk/ogg-to-mp3,,text/plain; charset=utf-8,false,404,0,true,https://solvemymedia.com/sitemap.xml,29
1,https://solvemymedia.com/he/meherut-video,,text/plain; charset=utf-8,false,404,0,true,https://solvemymedia.com/sitemap.xml,29
1,https://solvemymedia.com/tr/resize-video-for-tiktok,,text/plain; charset=utf-8,false,404,0,true,https://solvemymedia.com/sitemap.xml,29
1,https://solvemymedia.com/cs/konvertovat-video,,text/plain; charset=utf-8,false,404,0,true,https://solvemymedia.com/sitemap.xml,29
1,https://solvemymedia.com/ko/ogg-to-mp3,,text/plain; charset=utf-8,false,404,0,true,https://solvemymedia.com/sitemap.xml,29
1,https://solvemymedia.com/da/transcribe-mp4,,text/plain; charset=utf-8,false,404,0,true,https://solvemymedia.com/sitemap.xml,29
1,https://solvemymedia.com/vi/webm-to-mp4,,text/plain; charset=utf-8,false,404,0,true,https://solvemymedia.com/sitemap.xml,29
1,https://solvemymedia.com/pt/comprimir-video,,text/plain; charset=utf-8,false,404,0,true,https://solvemymedia.com/sitemap.xml,29
1,https://solvemymedia.com/fi/avi-to-mp4,,text/plain; charset=utf-8,false,404,0,true,https://solvemymedia.com/sitemap.xml,29
1,https://solvemymedia.com/he/compress-mov,,text/plain; charset=utf-8,false,404,0,true,https://solvemymedia.com/sitemap.xml,29
1,https://solvemymedia.com/vi/merge-mp3,,text/plain; charset=utf-8,false,404,0,true,https://solvemymedia.com/sitemap.xml,29
1,https://solvemymedia.com/ja/join-audio-files,,text/plain; charset=utf-8,false,404,0,true,https://solvemymedia.com/sitemap.xml,29
1,https://solvemymedia.com/vi/transcribe-mp4,,text/plain; charset=utf-8,false,404,0,true,https://solvemymedia.com/sitemap.xml,29
1,https://solvemymedia.com/hu/webm-to-mp4,,text/plain; charset=utf-8,false,404,0,true,https://solvemymedia.com/sitemap.xml,29
1,https://solvemymedia.com/sk/remove-audio-from-video,,text/plain; charset=utf-8,false,404,0,true,https://solvemymedia.com/sitemap.xml,29
1,https://solvemymedia.com/hu/m4a-to-mp3,,text/plain; charset=utf-8,false,404,0,true,https://solvemymedia.com/sitemap.xml,29
1,https://solvemymedia.com/it/webm-to-mp4,,text/plain; charset=utf-8,false,404,0,true,https://solvemymedia.com/sitemap.xml,29
1,https://solvemymedia.com/da/screen-recorder,,text/plain; charset=utf-8,false,404,0,true,https://solvemymedia.com/sitemap.xml,29
1,https://solvemymedia.com/tr/crop-mp4,,text/plain; charset=utf-8,false,404,0,true,https://solvemymedia.com/sitemap.xml,29
1,https://solvemymedia.com/ja/transcribe-mp4,,text/plain; charset=utf-8,false,404,0,true,https://solvemymedia.com/sitemap.xml,29
1,https://solvemymedia.com/th/ruwm-audio,,text/plain; charset=utf-8,false,404,0,true,https://solvemymedia.com/sitemap.xml,29
1,https://solvemymedia.com/it/compress-webm,,text/plain; charset=utf-8,false,404,0,true,https://solvemymedia.com/sitemap.xml,29
1,https://solvemymedia.com/pt/avi-to-mp4,,text/plain; charset=utf-8,false,404,0,true,https://solvemymedia.com/sitemap.xml,29
1,https://solvemymedia.com/ja/flac-to-mp3,,text/plain; charset=utf-8,false,404,0,true,https://solvemymedia.com/sitemap.xml,29
1,https://solvemymedia.com/tr/compress-mp3,,text/plain; charset=utf-8,false,404,0,true,https://solvemymedia.com/sitemap.xml,29
1,https://solvemymedia.com/es/crop-mp4,,text/plain; charset=utf-8,false,404,0,true,https://solvemymedia.com/sitemap.xml,29
1,https://solvemymedia.com/uk/webm-to-mp4,,text/plain; charset=utf-8,false,404,0,true,https://solvemymedia.com/sitemap.xml,29
1,https://solvemymedia.com/ru/compress-webm,,text/plain; charset=utf-8,false,404,0,true,https://solvemymedia.com/sitemap.xml,29
1,https://solvemymedia.com/tr/compress-wav,,text/plain; charset=utf-8,false,404,0,true,https://solvemymedia.com/sitemap.xml,29
1,https://solvemymedia.com/hu/compress-wav,,text/plain; charset=utf-8,false,404,0,true,https://solvemymedia.com/sitemap.xml,29
1,https://solvemymedia.com/de/compress-mp4,,text/plain; charset=utf-8,false,404,0,true,https://solvemymedia.com/sitemap.xml,29
1,https://solvemymedia.com/fi/crop-mp4,,text/plain; charset=utf-8,false,404,0,true,https://solvemymedia.com/sitemap.xml,29
1,https://solvemymedia.com/it/converti-audio,,text/plain; charset=utf-8,false,404,0,true,https://solvemymedia.com/sitemap.xml,29
1,https://solvemymedia.com/no/merge-mp3,,text/plain; charset=utf-8,false,404,0,true,https://solvemymedia.com/sitemap.xml,29
1,https://solvemymedia.com/no/compress-wav,,text/plain; charset=utf-8,false,404,0,true,https://solvemymedia.com/sitemap.xml,29
1,https://solvemymedia.com/ja/mute-mp4,,text/plain; charset=utf-8,false,404,0,true,https://solvemymedia.com/sitemap.xml,29
1,https://solvemymedia.com/hi/join-audio-files,,text/plain; charset=utf-8,false,404,0,true,https://solvemymedia.com/sitemap.xml,29
1,https://solvemymedia.com/hi/avi-to-mp4,,text/plain; charset=utf-8,false,404,0,true,https://solvemymedia.com/sitemap.xml,29
1,https://solvemymedia.com/hu/slow-down-mp4,,text/plain; charset=utf-8,false,404,0,true,https://solvemymedia.com/sitemap.xml,29
1,https://solvemymedia.com/th/flac-to-mp3,,text/plain; charset=utf-8,false,404,0,true,https://solvemymedia.com/sitemap.xml,29
1,https://solvemymedia.com/de/compress-webm,,text/plain; charset=utf-8,false,404,0,true,https://solvemymedia.com/sitemap.xml,29
1,https://solvemymedia.com/it/resize-video-for-tiktok,,text/plain; charset=utf-8,false,404,0,true,https://solvemymedia.com/sitemap.xml,29
1,https://solvemymedia.com/sk/speed-up-mp4,,text/plain; charset=utf-8,false,404,0,true,https://solvemymedia.com/sitemap.xml,29
1,https://solvemymedia.com/nl/flac-to-mp3,,text/plain; charset=utf-8,false,404,0,true,https://solvemymedia.com/sitemap.xml,29
1,https://solvemymedia.com/zh/join-audio-files,,text/plain; charset=utf-8,false,404,0,true,https://solvemymedia.com/sitemap.xml,29
1,https://solvemymedia.com/fr/speed-up-mp4,,text/plain; charset=utf-8,false,404,0,true,https://solvemymedia.com/sitemap.xml,29
1,https://solvemymedia.com/hi/mov-to-gif,,text/plain; charset=utf-8,false,404,0,true,https://solvemymedia.com/sitemap.xml,29
1,https://solvemymedia.com/ar/thwyl-alsawt,,text/plain; charset=utf-8,false,404,0,true,https://solvemymedia.com/sitemap.xml,29
1,https://solvemymedia.com/ja/add-watermark-to-mp4,,text/plain; charset=utf-8,false,404,0,true,https://solvemymedia.com/sitemap.xml,29
1,https://solvemymedia.com/fr/transcribe-mp4,,text/plain; charset=utf-8,false,404,0,true,https://solvemymedia.com/sitemap.xml,29
1,https://solvemymedia.com/he/ogg-to-mp3,,text/plain; charset=utf-8,false,404,0,true,https://solvemymedia.com/sitemap.xml,29
1,https://solvemymedia.com/no/add-watermark-to-mp4,,text/plain; charset=utf-8,false,404,0,true,https://solvemymedia.com/sitemap.xml,29
1,https://solvemymedia.com/ar/mute-mp4,,text/plain; charset=utf-8,false,404,0,true,https://solvemymedia.com/sitemap.xml,29
1,https://solvemymedia.com/zh/ogg-to-mp3,,text/plain; charset=utf-8,false,404,0,true,https://solvemymedia.com/sitemap.xml,29
1,https://solvemymedia.com/hi/audio-convert-kare,,text/plain; charset=utf-8,false,404,0,true,https://solvemymedia.com/sitemap.xml,29
1,https://solvemymedia.com/el/kopsi-video,,text/plain; charset=utf-8,false,404,0,true,https://solvemymedia.com/sitemap.xml,29
1,https://solvemymedia.com/vi/add-watermark-to-mp4,,text/plain; charset=utf-8,false,404,0,true,https://solvemymedia.com/sitemap.xml,29
1,https://solvemymedia.com/he/siman-mayim-video,,text/plain; charset=utf-8,false,404,0,true,https://solvemymedia.com/sitemap.xml,29
1,https://solvemymedia.com/ro/transcribe-mp3,,text/plain; charset=utf-8,false,404,0,true,https://solvemymedia.com/sitemap.xml,29
1,https://solvemymedia.com/sk/prepis,,text/plain; charset=utf-8,false,404,0,true,https://solvemymedia.com/sitemap.xml,29
1,https://solvemymedia.com/sk/resize-video-for-tiktok,,text/plain; charset=utf-8,false,404,0,true,https://solvemymedia.com/sitemap.xml,29
1,https://solvemymedia.com/ar/ktmalfidyo,,text/plain; charset=utf-8,false,404,0,true,https://solvemymedia.com/sitemap.xml,29
1,https://solvemymedia.com/he/flac-to-mp3,,text/plain; charset=utf-8,false,404,0,true,https://solvemymedia.com/sitemap.xml,29
1,https://solvemymedia.com/cs/audio-recorder,,text/plain; charset=utf-8,false,404,0,true,https://solvemymedia.com/sitemap.xml,29
1,https://solvemymedia.com/el/compress-mov,,text/plain; charset=utf-8,false,404,0,true,https://solvemymedia.com/sitemap.xml,29
1,https://solvemymedia.com/ms/mkv-to-mp4,,text/plain; charset=utf-8,false,404,0,true,https://solvemymedia.com/sitemap.xml,29
1,https://solvemymedia.com/sv/add-watermark-to-mp4,,text/plain; charset=utf-8,false,404,0,true,https://solvemymedia.com/sitemap.xml,29
1,https://solvemymedia.com/hu/transcribe-mp4,,text/plain; charset=utf-8,false,404,0,true,https://solvemymedia.com/sitemap.xml,29
1,https://solvemymedia.com/ko/slow-down-mp4,,text/plain; charset=utf-8,false,404,0,true,https://solvemymedia.com/sitemap.xml,29
1,https://solvemymedia.com/nl/add-watermark-to-mp4,,text/plain; charset=utf-8,false,404,0,true,https://solvemymedia.com/sitemap.xml,29
1,https://solvemymedia.com/uk/transcribe-mp3,,text/plain; charset=utf-8,false,404,0,true,https://solvemymedia.com/sitemap.xml,29
1,https://solvemymedia.com/ko/mkv-to-mp4,,text/plain; charset=utf-8,false,404,0,true,https://solvemymedia.com/sitemap.xml,29
1,https://solvemymedia.com/ja/compress-wav,,text/plain; charset=utf-8,false,404,0,true,https://solvemymedia.com/sitemap.xml,29
1,https://solvemymedia.com/it/compress-mp4,,text/plain; charset=utf-8,false,404,0,true,https://solvemymedia.com/sitemap.xml,29
1,https://solvemymedia.com/pt/resize-video-for-tiktok,,text/plain; charset=utf-8,false,404,0,true,https://solvemymedia.com/sitemap.xml,29
1,https://solvemymedia.com/hi/recorder,,text/plain; charset=utf-8,false,404,0,true,https://solvemymedia.com/sitemap.xml,29
1,https://solvemymedia.com/es/merge-mp3,,text/plain; charset=utf-8,false,404,0,true,https://solvemymedia.com/sitemap.xml,29
1,https://solvemymedia.com/uk/audio-recorder,,text/plain; charset=utf-8,false,404,0,true,https://solvemymedia.com/sitemap.xml,29
1,https://solvemymedia.com/tr/metne-donustur,,text/plain; charset=utf-8,false,404,0,true,https://solvemymedia.com/sitemap.xml,29
1,https://solvemymedia.com/he/screen-recorder,,text/plain; charset=utf-8,false,404,0,true,https://solvemymedia.com/sitemap.xml,29
1,https://solvemymedia.com/sk/orezat-video,,text/plain; charset=utf-8,false,404,0,true,https://solvemymedia.com/sitemap.xml,44
1,https://solvemymedia.com/sv/resize-video-for-tiktok,,text/plain; charset=utf-8,false,404,0,true,https://solvemymedia.com/sitemap.xml,29
1,https://solvemymedia.com/nl/mkv-to-mp4,,text/plain; charset=utf-8,false,404,0,true,https://solvemymedia.com/sitemap.xml,29
1,https://solvemymedia.com/da/speed-up-mp4,,text/plain; charset=utf-8,false,404,0,true,https://solvemymedia.com/sitemap.xml,29
1,https://solvemymedia.com/fi/tallennus,,text/plain; charset=utf-8,false,404,0,true,https://solvemymedia.com/sitemap.xml,29
1,https://solvemymedia.com/ja/crop-mp4,,text/plain; charset=utf-8,false,404,0,true,https://solvemymedia.com/sitemap.xml,29
1,https://solvemymedia.com/fr/mp4-to-mp3,,text/plain; charset=utf-8,false,404,0,true,https://solvemymedia.com/sitemap.xml,29
1,https://solvemymedia.com/zh/flac-to-mp3,,text/plain; charset=utf-8,false,404,0,true,https://solvemymedia.com/sitemap.xml,29
1,https://solvemymedia.com/ko/crop-mp4,,text/plain; charset=utf-8,false,404,0,true,https://solvemymedia.com/sitemap.xml,29
1,https://solvemymedia.com/hu/screen-recorder,,text/plain; charset=utf-8,false,404,0,true,https://solvemymedia.com/sitemap.xml,29
1,https://solvemymedia.com/he/add-watermark-to-mp4,,text/plain; charset=utf-8,false,404,0,true,https://solvemymedia.com/sitemap.xml,29
1,https://solvemymedia.com/ru/szhat-audio,,text/plain; charset=utf-8,false,404,0,true,https://solvemymedia.com/sitemap.xml,29
1,https://solvemymedia.com/th/mp4-to-mp3,,text/plain; charset=utf-8,false,404,0,true,https://solvemymedia.com/sitemap.xml,29
1,https://solvemymedia.com/es/transcribe-mp3,,text/plain; charset=utf-8,false,404,0,true,https://solvemymedia.com/sitemap.xml,29
1,https://solvemymedia.com/cs/remove-audio-from-video,,text/plain; charset=utf-8,false,404,0,true,https://solvemymedia.com/sitemap.xml,29
1,https://solvemymedia.com/th/sang-gif,,text/plain; charset=utf-8,false,404,0,true,https://solvemymedia.com/sitemap.xml,29
1,https://solvemymedia.com/ar/audio-recorder,,text/plain; charset=utf-8,false,404,0,true,https://solvemymedia.com/sitemap.xml,29
1,https://solvemymedia.com/it/comprimi-video,,text/plain; charset=utf-8,false,404,0,true,https://solvemymedia.com/sitemap.xml,29
1,https://solvemymedia.com/nl/mov-to-mp4,,text/plain; charset=utf-8,false,404,0,true,https://solvemymedia.com/sitemap.xml,29
1,https://solvemymedia.com/ro/converteste-audio,,text/plain; charset=utf-8,false,404,0,true,https://solvemymedia.com/sitemap.xml,29
1,https://solvemymedia.com/el/metaporpe-video,,text/plain; charset=utf-8,false,404,0,true,https://solvemymedia.com/sitemap.xml,29
1,https://solvemymedia.com/cs/compress-mp4,,text/plain; charset=utf-8,false,404,0,true,https://solvemymedia.com/sitemap.xml,29
1,https://solvemymedia.com/th/banthuek,,text/plain; charset=utf-8,false,404,0,true,https://solvemymedia.com/sitemap.xml,29
1,https://solvemymedia.com/ja/webm-to-mp4,,text/plain; charset=utf-8,false,404,0,true,https://solvemymedia.com/sitemap.xml,29
1,https://solvemymedia.com/cs/m4a-to-mp3,,text/plain; charset=utf-8,false,404,0,true,https://solvemymedia.com/sitemap.xml,29
1,https://solvemymedia.com/hu/mkv-to-mp4,,text/plain; charset=utf-8,false,404,0,true,https://solvemymedia.com/sitemap.xml,29
1,https://solvemymedia.com/de/mp4-to-gif,,text/plain; charset=utf-8,false,404,0,true,https://solvemymedia.com/sitemap.xml,29
1,https://solvemymedia.com/it/transcribe-mp4,,text/plain; charset=utf-8,false,404,0,true,https://solvemymedia.com/sitemap.xml,29
1,https://solvemymedia.com/da/konverter-video,,text/plain; charset=utf-8,false,404,0,true,https://solvemymedia.com/sitemap.xml,29
1,https://solvemymedia.com/fi/wav-to-mp3,,text/plain; charset=utf-8,false,404,0,true,https://solvemymedia.com/sitemap.xml,29
1,https://solvemymedia.com/es/speed-up-mp4,,text/plain; charset=utf-8,false,404,0,true,https://solvemymedia.com/sitemap.xml,29
1,https://solvemymedia.com/ko/bidio-eseo-odio,,text/plain; charset=utf-8,false,404,0,true,https://solvemymedia.com/sitemap.xml,29
1,https://solvemymedia.com/fi/compress-mp4,,text/plain; charset=utf-8,false,404,0,true,https://solvemymedia.com/sitemap.xml,29
1,https://solvemymedia.com/sk/add-watermark-to-mp4,,text/plain; charset=utf-8,false,404,0,true,https://solvemymedia.com/sitemap.xml,29
1,https://solvemymedia.com/ja/compress-mov,,text/plain; charset=utf-8,false,404,0,true,https://solvemymedia.com/sitemap.xml,29
1,https://solvemymedia.com/ro/mov-to-gif,,text/plain; charset=utf-8,false,404,0,true,https://solvemymedia.com/sitemap.xml,29
1,https://solvemymedia.com/he/privacy-policy,,text/plain; charset=utf-8,false,404,0,true,https://solvemymedia.com/sitemap.xml,29
1,https://solvemymedia.com/ro/crop-mp4,,text/plain; charset=utf-8,false,404,0,true,https://solvemymedia.com/sitemap.xml,29
1,https://solvemymedia.com/vi/transcribe-mp3,,text/plain; charset=utf-8,false,404,0,true,https://solvemymedia.com/sitemap.xml,29
1,https://solvemymedia.com/vi/audio-recorder,,text/plain; charset=utf-8,false,404,0,true,https://solvemymedia.com/sitemap.xml,29
1,https://solvemymedia.com/fi/pakkaa-audio,,text/plain; charset=utf-8,false,404,0,true,https://solvemymedia.com/sitemap.xml,29
1,https://solvemymedia.com/hi/wav-to-mp3,,text/plain; charset=utf-8,false,404,0,true,https://solvemymedia.com/sitemap.xml,29
1,https://solvemymedia.com/it/mov-to-mp4,,text/plain; charset=utf-8,false,404,0,true,https://solvemymedia.com/sitemap.xml,29
1,https://solvemymedia.com/ru/mov-to-mp4,,text/plain; charset=utf-8,false,404,0,true,https://solvemymedia.com/sitemap.xml,29
1,https://solvemymedia.com/ko/speed-up-mp4,,text/plain; charset=utf-8,false,404,0,true,https://solvemymedia.com/sitemap.xml,29
1,https://solvemymedia.com/ru/join-audio-files,,text/plain; charset=utf-8,false,404,0,true,https://solvemymedia.com/sitemap.xml,29
1,https://solvemymedia.com/pt/flac-to-mp3,,text/plain; charset=utf-8,false,404,0,true,https://solvemymedia.com/sitemap.xml,29
1,https://solvemymedia.com/pt/mov-to-mp4,,text/plain; charset=utf-8,false,404,0,true,https://solvemymedia.com/sitemap.xml,29
1,https://solvemymedia.com/pl/mute-mp4,,text/plain; charset=utf-8,false,404,0,true,https://solvemymedia.com/sitemap.xml,29
1,https://solvemymedia.com/el/mute-mp4,,text/plain; charset=utf-8,false,404,0,true,https://solvemymedia.com/sitemap.xml,29
1,https://solvemymedia.com/tr/ses-donustur,,text/plain; charset=utf-8,false,404,0,true,https://solvemymedia.com/sitemap.xml,29
1,https://solvemymedia.com/zh/zhuan-lu,,text/plain; charset=utf-8,false,404,0,true,https://solvemymedia.com/sitemap.xml,29
1,https://solvemymedia.com/sk/crop-mp4,,text/plain; charset=utf-8,false,404,0,true,https://solvemymedia.com/sitemap.xml,29
1,https://solvemymedia.com/ko/bidio-eumso-ggeugi,,text/plain; charset=utf-8,false,404,0,true,https://solvemymedia.com/sitemap.xml,29
1,https://solvemymedia.com/hu/video-vizjel,,text/plain; charset=utf-8,false,404,0,true,https://solvemymedia.com/sitemap.xml,29
1,https://solvemymedia.com/sv/flac-to-mp3,,text/plain; charset=utf-8,false,404,0,true,https://solvemymedia.com/sitemap.xml,29
1,https://solvemymedia.com/sv/ogg-to-mp3,,text/plain; charset=utf-8,false,404,0,true,https://solvemymedia.com/sitemap.xml,29
1,https://solvemymedia.com/ro/avi-to-mp4,,text/plain; charset=utf-8,false,404,0,true,https://solvemymedia.com/sitemap.xml,29
1,https://solvemymedia.com/ko/transcribe-mp3,,text/plain; charset=utf-8,false,404,0,true,https://solvemymedia.com/sitemap.xml,29
1,https://solvemymedia.com/tr/join-audio-files,,text/plain; charset=utf-8,false,404,0,true,https://solvemymedia.com/sitemap.xml,29
1,https://solvemymedia.com/pt/mp4-to-mp3,,text/plain; charset=utf-8,false,404,0,true,https://solvemymedia.com/sitemap.xml,29
1,https://solvemymedia.com/de/add-watermark-to-mp4,,text/plain; charset=utf-8,false,404,0,true,https://solvemymedia.com/sitemap.xml,29
1,https://solvemymedia.com/ms/remove-audio-from-video,,text/plain; charset=utf-8,false,404,0,true,https://solvemymedia.com/sitemap.xml,29
1,https://solvemymedia.com/pl/mov-to-gif,,text/plain; charset=utf-8,false,404,0,true,https://solvemymedia.com/sitemap.xml,29
1,https://solvemymedia.com/th/mov-to-mp4,,text/plain; charset=utf-8,false,404,0,true,https://solvemymedia.com/sitemap.xml,29
1,https://solvemymedia.com/ar/compress-wav,,text/plain; charset=utf-8,false,404,0,true,https://solvemymedia.com/sitemap.xml,29
1,https://solvemymedia.com/zh/jian-jie-shi-pin,,text/plain; charset=utf-8,false,404,0,true,https://solvemymedia.com/sitemap.xml,29
1,https://solvemymedia.com/ms/tukar-video,,text/plain; charset=utf-8,false,404,0,true,https://solvemymedia.com/sitemap.xml,29
1,https://solvemymedia.com/pl/remove-audio-from-video,,text/plain; charset=utf-8,false,404,0,true,https://solvemymedia.com/sitemap.xml,29
1,https://solvemymedia.com/de/transcribe-mp3,,text/plain; charset=utf-8,false,404,0,true,https://solvemymedia.com/sitemap.xml,29
1,https://solvemymedia.com/ro/remove-audio-from-video,,text/plain; charset=utf-8,false,404,0,true,https://solvemymedia.com/sitemap.xml,29
1,https://solvemymedia.com/he/mute-mp4,,text/plain; charset=utf-8,false,404,0,true,https://solvemymedia.com/sitemap.xml,29
1,https://solvemymedia.com/pt/compress-mov,,text/plain; charset=utf-8,false,404,0,true,https://solvemymedia.com/sitemap.xml,29
1,https://solvemymedia.com/es/mp4-to-gif,,text/plain; charset=utf-8,false,404,0,true,https://solvemymedia.com/sitemap.xml,29
1,https://solvemymedia.com/zh/add-watermark-to-mp4,,text/plain; charset=utf-8,false,404,0,true,https://solvemymedia.com/sitemap.xml,29
1,https://solvemymedia.com/fr/compress-wav,,text/plain; charset=utf-8,false,404,0,true,https://solvemymedia.com/sitemap.xml,29
1,https://solvemymedia.com/he/webm-to-mp4,,text/plain; charset=utf-8,false,404,0,true,https://solvemymedia.com/sitemap.xml,29
1,https://solvemymedia.com/nl/compress-mp3,,text/plain; charset=utf-8,false,404,0,true,https://solvemymedia.com/sitemap.xml,29
1,https://solvemymedia.com/fi/muunna-video,,text/plain; charset=utf-8,false,404,0,true,https://solvemymedia.com/sitemap.xml,29
1,https://solvemymedia.com/da/wav-to-mp3,,text/plain; charset=utf-8,false,404,0,true,https://solvemymedia.com/sitemap.xml,29
1,https://solvemymedia.com/hi/flac-to-mp3,,text/plain; charset=utf-8,false,404,0,true,https://solvemymedia.com/sitemap.xml,29
1,https://solvemymedia.com/pl/avi-to-mp4,,text/plain; charset=utf-8,false,404,0,true,https://solvemymedia.com/sitemap.xml,29
1,https://solvemymedia.com/ru/mov-to-gif,,text/plain; charset=utf-8,false,404,0,true,https://solvemymedia.com/sitemap.xml,29
1,https://solvemymedia.com/ru/transcribe-mp4,,text/plain; charset=utf-8,false,404,0,true,https://solvemymedia.com/sitemap.xml,29
1,https://solvemymedia.com/tr/transcribe-mp3,,text/plain; charset=utf-8,false,404,0,true,https://solvemymedia.com/sitemap.xml,29
1,https://solvemymedia.com/ms/potong-video,,text/plain; charset=utf-8,false,404,0,true,https://solvemymedia.com/sitemap.xml,29
1,https://solvemymedia.com/ja/compress-mp4,,text/plain; charset=utf-8,false,404,0,true,https://solvemymedia.com/sitemap.xml,29
1,https://solvemymedia.com/th/speed-up-mp4,,text/plain; charset=utf-8,false,404,0,true,https://solvemymedia.com/sitemap.xml,29
1,https://solvemymedia.com/fi/m4a-to-mp3,,text/plain; charset=utf-8,false,404,0,true,https://solvemymedia.com/sitemap.xml,29
1,https://solvemymedia.com/ru/mp4-to-mp3,,text/plain; charset=utf-8,false,404,0,true,https://solvemymedia.com/sitemap.xml,29
1,https://solvemymedia.com/he/gzor-video,,text/plain; charset=utf-8,false,404,0,true,https://solvemymedia.com/sitemap.xml,29
1,https://solvemymedia.com/hi/compress-webm,,text/plain; charset=utf-8,false,404,0,true,https://solvemymedia.com/sitemap.xml,29
1,https://solvemymedia.com/de/screen-recorder,,text/plain; charset=utf-8,false,404,0,true,https://solvemymedia.com/sitemap.xml,29
1,https://solvemymedia.com/uk/mov-to-mp4,,text/plain; charset=utf-8,false,404,0,true,https://solvemymedia.com/sitemap.xml,29
1,https://solvemymedia.com/pl/kompresuj-wideo,,text/plain; charset=utf-8,false,404,0,true,https://solvemymedia.com/sitemap.xml,29
1,https://solvemymedia.com/no/ogg-to-mp3,,text/plain; charset=utf-8,false,404,0,true,https://solvemymedia.com/sitemap.xml,29
1,https://solvemymedia.com/vi/compress-mov,,text/plain; charset=utf-8,false,404,0,true,https://solvemymedia.com/sitemap.xml,29
1,https://solvemymedia.com/th/transcribe-mp3,,text/plain; charset=utf-8,false,404,0,true,https://solvemymedia.com/sitemap.xml,29
1,https://solvemymedia.com/nl/wav-to-mp3,,text/plain; charset=utf-8,false,404,0,true,https://solvemymedia.com/sitemap.xml,29
1,https://solvemymedia.com/ar/fidyo-ila-sawt,,text/plain; charset=utf-8,false,404,0,true,https://solvemymedia.com/sitemap.xml,29
1,https://solvemymedia.com/ko/flac-to-mp3,,text/plain; charset=utf-8,false,404,0,true,https://solvemymedia.com/sitemap.xml,29
1,https://solvemymedia.com/de/compress-wav,,text/plain; charset=utf-8,false,404,0,true,https://solvemymedia.com/sitemap.xml,29
1,https://solvemymedia.com/he/terms-of-service,,text/plain; charset=utf-8,false,404,0,true,https://solvemymedia.com/sitemap.xml,29
1,https://solvemymedia.com/hu/felvetel,,text/plain; charset=utf-8,false,404,0,true,https://solvemymedia.com/sitemap.xml,29
1,https://solvemymedia.com/zh/crop-mp4,,text/plain; charset=utf-8,false,404,0,true,https://solvemymedia.com/sitemap.xml,29
1,https://solvemymedia.com/pl/wideo-na-audio,,text/plain; charset=utf-8,false,404,0,true,https://solvemymedia.com/sitemap.xml,29
1,https://solvemymedia.com/th/transcribe-mp4,,text/plain; charset=utf-8,false,404,0,true,https://solvemymedia.com/sitemap.xml,29
1,https://solvemymedia.com/ru/audio-recorder,,text/plain; charset=utf-8,false,404,0,true,https://solvemymedia.com/sitemap.xml,29
1,https://solvemymedia.com/ms/m4a-to-mp3,,text/plain; charset=utf-8,false,404,0,true,https://solvemymedia.com/sitemap.xml,29
1,https://solvemymedia.com/id/m4a-to-mp3,,text/plain; charset=utf-8,false,404,0,true,https://solvemymedia.com/sitemap.xml,29
1,https://solvemymedia.com/ja/wav-to-mp3,,text/plain; charset=utf-8,false,404,0,true,https://solvemymedia.com/sitemap.xml,29
1,https://solvemymedia.com/it/remove-audio-from-video,,text/plain; charset=utf-8,false,404,0,true,https://solvemymedia.com/sitemap.xml,29
1,https://solvemymedia.com/pt/mov-to-gif,,text/plain; charset=utf-8,false,404,0,true,https://solvemymedia.com/sitemap.xml,29
1,https://solvemymedia.com/no/screen-recorder,,text/plain; charset=utf-8,false,404,0,true,https://solvemymedia.com/sitemap.xml,29
1,https://solvemymedia.com/id/screen-recorder,,text/plain; charset=utf-8,false,404,0,true,https://solvemymedia.com/sitemap.xml,29
1,https://solvemymedia.com/id/compress-mp3,,text/plain; charset=utf-8,false,404,0,true,https://solvemymedia.com/sitemap.xml,29
1,https://solvemymedia.com/da/compress-wav,,text/plain; charset=utf-8,false,404,0,true,https://solvemymedia.com/sitemap.xml,29
1,https://solvemymedia.com/ar/resize-video-for-tiktok,,text/plain; charset=utf-8,false,404,0,true,https://solvemymedia.com/sitemap.xml,29
1,https://solvemymedia.com/el/mp4-to-mp3,,text/plain; charset=utf-8,false,404,0,true,https://solvemymedia.com/sitemap.xml,29
1,https://solvemymedia.com/hu/hang-tomoritese,,text/plain; charset=utf-8,false,404,0,true,https://solvemymedia.com/sitemap.xml,29
1,https://solvemymedia.com/ja/mkv-to-mp4,,text/plain; charset=utf-8,false,404,0,true,https://solvemymedia.com/sitemap.xml,29
1,https://solvemymedia.com/ar/add-watermark-to-mp4,,text/plain; charset=utf-8,false,404,0,true,https://solvemymedia.com/sitemap.xml,29
1,https://solvemymedia.com/ro/ogg-to-mp3,,text/plain; charset=utf-8,false,404,0,true,https://solvemymedia.com/sitemap.xml,29
1,https://solvemymedia.com/ru/mute-mp4,,text/plain; charset=utf-8,false,404,0,true,https://solvemymedia.com/sitemap.xml,29
1,https://solvemymedia.com/cs/resize-video-for-tiktok,,text/plain; charset=utf-8,false,404,0,true,https://solvemymedia.com/sitemap.xml,29
1,https://solvemymedia.com/pt/gravador,,text/plain; charset=utf-8,false,404,0,true,https://solvemymedia.com/sitemap.xml,29
1,https://solvemymedia.com/sk/mute-mp4,,text/plain; charset=utf-8,false,404,0,true,https://solvemymedia.com/sitemap.xml,29
1,https://solvemymedia.com/he/compress-mp4,,text/plain; charset=utf-8,false,404,0,true,https://solvemymedia.com/sitemap.xml,29
1,https://solvemymedia.com/pt/remove-audio-from-video,,text/plain; charset=utf-8,false,404,0,true,https://solvemymedia.com/sitemap.xml,29
1,https://solvemymedia.com/he/taktur,,text/plain; charset=utf-8,false,404,0,true,https://solvemymedia.com/sitemap.xml,29
1,https://solvemymedia.com/ms/add-watermark-to-mp4,,text/plain; charset=utf-8,false,404,0,true,https://solvemymedia.com/sitemap.xml,29
1,https://solvemymedia.com/it/mp4-to-gif,,text/plain; charset=utf-8,false,404,0,true,https://solvemymedia.com/sitemap.xml,29
1,https://solvemymedia.com/fi/yhdista-audio,,text/plain; charset=utf-8,false,404,0,true,https://solvemymedia.com/sitemap.xml,29
1,https://solvemymedia.com/ko/compress-mp3,,text/plain; charset=utf-8,false,404,0,true,https://solvemymedia.com/sitemap.xml,29
1,https://solvemymedia.com/it/mp4-to-mp3,,text/plain; charset=utf-8,false,404,0,true,https://solvemymedia.com/sitemap.xml,29
1,https://solvemymedia.com/zh/merge-mp3,,text/plain; charset=utf-8,false,404,0,true,https://solvemymedia.com/sitemap.xml,29
1,https://solvemymedia.com/sv/webm-to-mp4,,text/plain; charset=utf-8,false,404,0,true,https://solvemymedia.com/sitemap.xml,29
1,https://solvemymedia.com/no/beskjaer-video,,text/plain; charset=utf-8,false,404,0,true,https://solvemymedia.com/sitemap.xml,29
1,https://solvemymedia.com/hu/ogg-to-mp3,,text/plain; charset=utf-8,false,404,0,true,https://solvemymedia.com/sitemap.xml,29
1,https://solvemymedia.com/fi/mute-mp4,,text/plain; charset=utf-8,false,404,0,true,https://solvemymedia.com/sitemap.xml,29
1,https://solvemymedia.com/ko/transcribe-mp4,,text/plain; charset=utf-8,false,404,0,true,https://solvemymedia.com/sitemap.xml,29
1,https://solvemymedia.com/fi/videonopeus,,text/plain; charset=utf-8,false,404,0,true,https://solvemymedia.com/sitemap.xml,29
1,https://solvemymedia.com/uk/m4a-to-mp3,,text/plain; charset=utf-8,false,404,0,true,https://solvemymedia.com/sitemap.xml,29
1,https://solvemymedia.com/el/add-watermark-to-mp4,,text/plain; charset=utf-8,false,404,0,true,https://solvemymedia.com/sitemap.xml,29
1,https://solvemymedia.com/ru/vodnoy-znak-video,,text/plain; charset=utf-8,false,404,0,true,https://solvemymedia.com/sitemap.xml,29
1,https://solvemymedia.com/fr/ogg-to-mp3,,text/plain; charset=utf-8,false,404,0,true,https://solvemymedia.com/sitemap.xml,29
1,https://solvemymedia.com/tr/audio-recorder,,text/plain; charset=utf-8,false,404,0,true,https://solvemymedia.com/sitemap.xml,29
1,https://solvemymedia.com/pl/konwertuj-audio,,text/plain; charset=utf-8,false,404,0,true,https://solvemymedia.com/sitemap.xml,29
1,https://solvemymedia.com/sk/ogg-to-mp3,,text/plain; charset=utf-8,false,404,0,true,https://solvemymedia.com/sitemap.xml,29
1,https://solvemymedia.com/he/mov-to-gif,,text/plain; charset=utf-8,false,404,0,true,https://solvemymedia.com/sitemap.xml,29
1,https://solvemymedia.com/pt/audio-recorder,,text/plain; charset=utf-8,false,404,0,true,https://solvemymedia.com/sitemap.xml,29
1,https://solvemymedia.com/hu/join-audio-files,,text/plain; charset=utf-8,false,404,0,true,https://solvemymedia.com/sitemap.xml,29
1,https://solvemymedia.com/zh/speed-up-mp4,,text/plain; charset=utf-8,false,404,0,true,https://solvemymedia.com/sitemap.xml,29
1,https://solvemymedia.com/tr/add-watermark-to-mp4,,text/plain; charset=utf-8,false,404,0,true,https://solvemymedia.com/sitemap.xml,29
1,https://solvemymedia.com/ar/qtaalfidyo,,text/plain; charset=utf-8,false,404,0,true,https://solvemymedia.com/sitemap.xml,29
